paese,anno,chiave,eurostat,fonte,flag,n_comp,orbis,rapporto_sezione,tabella,campione
DE,2008,B,14591.5,sbs_na_sca_r2,,1,8754.9,0.6,D11,Totale
DE,2008,C,1871922.8,sbs_na_sca_r2,,1,1123153.68,0.6,D11,Totale
DE,2008,D,357896.1,sbs_na_sca_r2,,1,214737.66,0.6000000000000001,D11,Totale
DE,2008,E,42460.1,sbs_na_sca_r2,,1,25476.06,0.6000000000000001,D11,Totale
DE,2008,G,1491095.5,sbs_na_sca_r2,,1,894657.2999999999,0.6,D11,Totale
DE,2008,H,241845.1,sbs_na_sca_r2,,1,145107.06,0.6,D11,Totale
DE,2008,I,51281.5,sbs_na_sca_r2,,1,30768.9,0.6,D11,Totale
DE,2008,J,210170.2,sbs_na_sca_r2,,1,126102.12000000001,0.6,D11,Totale
DE,2008,L,103496.4,sbs_na_sca_r2,,1,62097.84,0.6,D11,Totale
DE,2008,M,192350.8,sbs_na_sca_r2,,1,115410.48,0.6,D11,Totale
DE,2008,N,132332.7,sbs_na_sca_r2,,1,79399.62,0.5999999999999999,D11,Totale
DE,2009,B,12199.9,sbs_na_sca_r2,,1,7319.940000009999,0.6000000000008195,D11,Totale
DE,2009,C,1548371.0,sbs_na_sca_r2,,1,929022.6000000001,0.6000000000000001,D11,Totale
DE,2009,D,380564.2,sbs_na_sca_r2,,1,228338.52,0.6,D11,Totale
DE,2009,E,39511.4,sbs_na_sca_r2,,1,23706.84,0.6,D11,Totale
DE,2009,G,1591183.2,sbs_na_sca_r2,,1,954709.9199999999,0.6,D11,Totale
DE,2009,H,217029.6,sbs_na_sca_r2,,1,130217.76,0.6,D11,Totale
DE,2009,I,63063.9,sbs_na_sca_r2,,1,37838.34,0.6,D11,Totale
DE,2009,J,203470.8,sbs_na_sca_r2,,1,122082.48,0.6,D11,Totale
DE,2009,L,99860.5,sbs_na_sca_r2,,1,59916.3,0.6,D11,Totale
DE,2009,M,203033.1,sbs_na_sca_r2,,1,121819.86,0.6,D11,Totale
DE,2009,N,127608.6,sbs_na_sca_r2,,1,76565.15999998999,0.5999999999999216,D11,Totale
DE,2010,B,13260.4,sbs_na_sca_r2,,1,7956.239999999999,0.6,D11,Totale
DE,2010,C,1750129.2,sbs_na_sca_r2,,1,1050077.52,0.6,D11,Totale
DE,2010,D,426881.7,sbs_na_sca_r2,,1,256129.02,0.6,D11,Totale
DE,2010,E,44083.2,sbs_na_sca_r2,,1,26449.92,0.6,D11,Totale
DE,2010,F,170822.3,sbs_na_sca_r2,,1,102493.37999999999,0.6,D11,Totale
DE,2010,G,1641815.7,sbs_na_sca_r2,,1,985089.42,0.6000000000000001,D11,Totale
DE,2010,H,236524.3,sbs_na_sca_r2,,1,141914.58,0.6,D11,Totale
DE,2010,I,63611.0,sbs_na_sca_r2,,1,38166.6,0.6,D11,Totale
DE,2010,J,204908.4,sbs_na_sca_r2,,1,122945.04,0.6,D11,Totale
DE,2010,L,101044.9,sbs_na_sca_r2,,1,60626.939999999995,0.6,D11,Totale
DE,2010,M,204709.5,sbs_na_sca_r2,,1,122825.69999999998,0.5999999999999999,D11,Totale
DE,2010,N,141020.3,sbs_na_sca_r2,,1,84612.18,0.6,D11,Totale
DE,2019,B,11012.5,sbs_na_sca_r2,,1,6607.5,0.6,D11,Totale
DE,2019,C,2393428.7,sbs_na_sca_r2,,1,1436057.22,0.6,D11,Totale
DE,2019,D,625119.4,sbs_na_sca_r2,,1,375071.64,0.6,D11,Totale
DE,2019,E,72732.0,sbs_na_sca_r2,,1,43639.200000009994,0.6000000000001374,D11,Totale
DE,2019,F,333069.4,sbs_na_sca_r2,,1,199841.64,0.6,D11,Totale
DE,2019,G,2120631.8,sbs_na_sca_r2,,1,1272379.08,0.6000000000000001,D11,Totale
DE,2019,H,338909.1,sbs_na_sca_r2,,1,203345.46,0.6,D11,Totale
DE,2019,I,107697.2,sbs_na_sca_r2,,1,64618.32,0.6,D11,Totale
DE,2019,J,305018.8,sbs_na_sca_r2,,1,183011.28,0.6,D11,Totale
DE,2019,L,127590.4,sbs_na_sca_r2,,1,76554.23999999999,0.6,D11,Totale
DE,2019,M,326691.5,sbs_na_sca_r2,,1,196014.9,0.6,D11,Totale
DE,2019,N,261079.3,sbs_na_sca_r2,,1,156647.58,0.6,D11,Totale
DE,2020,B,10808.0,sbs_na_sca_r2,,1,6484.8,0.6,D11,Totale
DE,2020,C,2206951.5,sbs_na_sca_r2,,1,1324170.9,0.6,D11,Totale
DE,2020,D,582225.7,sbs_na_sca_r2,,1,349335.42,0.6,D11,Totale
DE,2020,E,73471.0,sbs_na_sca_r2,,1,44082.6,0.6,D11,Totale
DE,2020,F,373864.1,sbs_na_sca_r2,,1,224318.46,0.6,D11,Totale
DE,2020,G,2119183.7,sbs_na_sca_r2,,1,1271510.22,0.6,D11,Totale
DE,2020,H,311077.3,sbs_na_sca_r2,,1,186646.37999999998,0.6,D11,Totale
DE,2020,I,62043.8,sbs_na_sca_r2,,1,37226.28,0.6,D11,Totale
DE,2020,J,300580.0,sbs_na_sca_r2,,1,180348.0,0.6,D11,Totale
DE,2020,L,121251.4,sbs_na_sca_r2,,1,72750.84000001001,0.6000000000000826,D11,Totale
DE,2020,M,321217.9,sbs_na_sca_r2,,1,192730.74,0.6,D11,Totale
DE,2020,N,219700.7,sbs_na_sca_r2,,1,131820.41999999998,0.5999999999999999,D11,Totale
EE,2008,B,287.7,sbs_na_sca_r2,,1,273.315,0.9500000000000001,D11,Totale
EE,2008,C,8433.0,sbs_na_sca_r2,,1,8011.349999999999,0.95,D11,Totale
EE,2008,D,1542.3,sbs_na_sca_r2,,1,1465.185,0.95,D11,Totale
EE,2008,E,307.0,sbs_na_sca_r2,,1,291.65,0.95,D11,Totale
EE,2008,G,18871.2,sbs_na_sca_r2,,1,17927.64,0.95,D11,Totale
EE,2008,H,4143.0,sbs_na_sca_r2,,1,3935.84999999,0.9499999999975863,D11,Totale
EE,2008,I,543.2,sbs_na_sca_r2,,1,516.04,0.9499999999999998,D11,Totale
EE,2008,J,1372.4,sbs_na_sca_r2,,1,1303.7799999899999,0.9499999999927133,D11,Totale
EE,2008,L,805.5,sbs_na_sca_r2,,1,765.225,0.9500000000000001,D11,Totale
EE,2008,M,1077.9,sbs_na_sca_r2,,1,1024.0049999999999,0.9499999999999998,D11,Totale
EE,2008,N,1039.4,sbs_na_sca_r2,,1,987.43,0.9499999999999998,D11,Totale
EE,2009,B,260.5,sbs_na_sca_r2,,1,247.47499999999997,0.9499999999999998,D11,Totale
EE,2009,C,6211.0,sbs_na_sca_r2,,1,5900.45,0.95,D11,Totale
EE,2009,D,1524.9,sbs_na_sca_r2,,1,1448.6549999999997,0.9499999999999997,D11,Totale
EE,2009,E,254.3,sbs_na_sca_r2,,1,241.585,0.95,D11,Totale
EE,2009,G,13536.9,sbs_na_sca_r2,,1,12860.054999999998,0.95,D11,Totale
EE,2009,H,3505.6,sbs_na_sca_r2,,1,3330.32000001,0.9500000000028527,D11,Totale
EE,2009,I,432.8,sbs_na_sca_r2,,1,411.16000001,0.9500000000231053,D11,Totale
EE,2009,J,1294.2,sbs_na_sca_r2,,1,1229.49,0.95,D11,Totale
EE,2009,L,745.0,sbs_na_sca_r2,,1,707.75,0.95,D11,Totale
EE,2009,M,984.0,sbs_na_sca_r2,,1,934.8,0.95,D11,Totale
EE,2009,N,900.4,sbs_na_sca_r2,,1,855.3799999999999,0.9499999999999998,D11,Totale
EE,2010,B,331.3,sbs_na_sca_r2,,1,314.735,0.95,D11,Totale
EE,2010,C,7860.7,sbs_na_sca_r2,,1,7467.664999999999,0.95,D11,Totale
EE,2010,D,1833.5,sbs_na_sca_r2,,1,1741.8249999999998,0.95,D11,Totale
EE,2010,E,319.1,sbs_na_sca_r2,,1,303.145,0.9499999999999998,D11,Totale
EE,2010,F,2435.6,sbs_na_sca_r2,,1,2313.8199999999997,0.95,D11,Totale
EE,2010,G,15227.8,sbs_na_sca_r2,,1,14466.41,0.9500000000000001,D11,Totale
EE,2010,H,4084.8,sbs_na_sca_r2,,1,3880.56,0.95,D11,Totale
EE,2010,I,458.4,sbs_na_sca_r2,,1,435.48,0.9500000000000001,D11,Totale
EE,2010,J,1314.0,sbs_na_sca_r2,,1,1248.2999999899998,0.9499999999923895,D11,Totale
EE,2010,L,734.8,sbs_na_sca_r2,,1,698.06,0.95,D11,Totale
EE,2010,M,951.7,sbs_na_sca_r2,,1,904.115,0.95,D11,Totale
EE,2010,N,1009.2,sbs_na_sca_r2,,1,958.7399999999999,0.9499999999999998,D11,Totale
EE,2019,B,397.9,sbs_na_sca_r2,,1,378.005,0.9500000000000001,D11,Totale
EE,2019,C,13781.2,sbs_na_sca_r2,,1,13092.14,0.95,D11,Totale
EE,2019,D,1966.1,sbs_na_sca_r2,,1,1867.7949999999998,0.95,D11,Totale
EE,2019,E,443.6,sbs_na_sca_r2,,1,421.42,0.95,D11,Totale
EE,2019,F,6244.9,sbs_na_sca_r2,,1,5932.655,0.9500000000000001,D11,Totale
EE,2019,G,30692.1,sbs_na_sca_r2,,1,29157.495,0.9500000000000001,D11,Totale
EE,2019,H,5626.7,sbs_na_sca_r2,,1,5345.365,0.95,D11,Totale
EE,2019,I,1071.1,sbs_na_sca_r2,,1,1017.54500001,0.9500000000093363,D11,Totale
EE,2019,J,2923.7,sbs_na_sca_r2,,1,2777.515,0.9500000000000001,D11,Totale
EE,2019,L,1989.2,sbs_na_sca_r2,,1,1889.7399999999998,0.9499999999999998,D11,Totale
EE,2019,M,2084.4,sbs_na_sca_r2,,1,1980.1799999999998,0.9499999999999998,D11,Totale
EE,2019,N,2077.3,sbs_na_sca_r2,,1,1973.4349999999997,0.9499999999999997,D11,Totale
EE,2020,B,362.0,sbs_na_sca_r2,,1,343.9,0.95,D11,Totale
EE,2020,C,13326.8,sbs_na_sca_r2,,1,12660.46,0.95,D11,Totale
EE,2020,D,1862.0,sbs_na_sca_r2,,1,1768.8999999999999,0.95,D11,Totale
EE,2020,E,614.9,sbs_na_sca_r2,,1,584.155,0.95,D11,Totale
EE,2020,F,5950.2,sbs_na_sca_r2,,1,5652.69,0.95,D11,Totale
EE,2020,G,26936.4,sbs_na_sca_r2,,1,25589.579999999998,0.9499999999999998,D11,Totale
EE,2020,H,4743.8,sbs_na_sca_r2,,1,4506.61,0.9499999999999998,D11,Totale
EE,2020,I,726.1,sbs_na_sca_r2,,1,689.795,0.95,D11,Totale
EE,2020,J,3244.8,sbs_na_sca_r2,,1,3082.56,0.95,D11,Totale
EE,2020,L,1916.6,sbs_na_sca_r2,,1,1820.77,0.9500000000000001,D11,Totale
EE,2020,M,2155.1,sbs_na_sca_r2,,1,2047.345,0.9500000000000001,D11,Totale
EE,2020,N,1599.4,sbs_na_sca_r2,,1,1519.43,0.95,D11,Totale
ES,2008,B,5638.5,sbs_na_sca_r2,,1,4792.72500001,0.8500000000017736,D11,Totale
ES,2008,C,540695.8,sbs_na_sca_r2,,1,459591.43000000995,0.8500000000000183,D11,Totale
ES,2008,D,74338.8,sbs_na_sca_r2,,1,63187.979999999996,0.8499999999999999,D11,Totale
ES,2008,E,13448.6,sbs_na_sca_r2,,1,11431.31,0.85,D11,Totale
ES,2008,G,735326.3,sbs_na_sca_r2,,1,625027.355,0.8499999999999999,D11,Totale
ES,2008,H,107586.1,sbs_na_sca_r2,,1,91448.185,0.85,D11,Totale
ES,2008,I,61630.3,sbs_na_sca_r2,,1,52385.755,0.8499999999999999,D11,Totale
ES,2008,J,85555.7,sbs_na_sca_r2,,1,72722.345,0.8500000000000001,D11,Totale
ES,2008,L,21653.3,sbs_na_sca_r2,,1,18405.305,0.8500000000000001,D11,Totale
ES,2008,M,84504.0,sbs_na_sca_r2,,1,71828.4,0.85,D11,Totale
ES,2008,N,65588.3,sbs_na_sca_r2,,1,55750.05499999999,0.8499999999999999,D11,Totale
ES,2009,B,4571.4,sbs_na_sca_r2,,1,3885.69,0.8500000000000001,D11,Totale
ES,2009,C,420049.0,sbs_na_sca_r2,,1,357041.64999999997,0.8499999999999999,D11,Totale
ES,2009,D,64369.6,sbs_na_sca_r2,,1,54714.159999999996,0.85,D11,Totale
ES,2009,E,12152.6,sbs_na_sca_r2,,1,10329.71,0.8499999999999999,D11,Totale
ES,2009,G,645138.9,sbs_na_sca_r2,,1,548368.065,0.8499999999999999,D11,Totale
ES,2009,H,94780.7,sbs_na_sca_r2,,1,80563.59500001,0.8500000000001056,D11,Totale
ES,2009,I,58229.4,sbs_na_sca_r2,,1,49494.99,0.85,D11,Totale
ES,2009,J,81819.0,sbs_na_sca_r2,,1,69546.15000001,0.8500000000001223,D11,Totale
ES,2009,L,20097.4,sbs_na_sca_r2,,1,17082.789999999997,0.8499999999999998,D11,Totale
ES,2009,M,78581.3,sbs_na_sca_r2,,1,66794.10499999,0.8499999999998727,D11,Totale
ES,2009,N,59418.7,sbs_na_sca_r2,,1,50505.89499998999,0.8499999999998317,D11,Totale
ES,2010,B,4489.9,sbs_na_sca_r2,,1,3816.415,0.8500000000000001,D11,Totale
ES,2010,C,446956.7,sbs_na_sca_r2,,1,379913.19499999,0.8499999999999776,D11,Totale
ES,2010,D,59705.8,sbs_na_sca_r2,,1,50749.93,0.85,D11,Totale
ES,2010,E,14831.8,sbs_na_sca_r2,,1,12607.03,0.8500000000000001,D11,Totale
ES,2010,F,201118.8,sbs_na_sca_r2,,1,170950.97999999998,0.85,D11,Totale
ES,2010,G,658327.9,sbs_na_sca_r2,,1,559578.715,0.8499999999999999,D11,Totale
ES,2010,H,99535.1,sbs_na_sca_r2,,1,84604.83499999999,0.8499999999999999,D11,Totale
ES,2010,I,57861.1,sbs_na_sca_r2,,1,49181.935000009995,0.8500000000001727,D11,Totale
ES,2010,J,80317.7,sbs_na_sca_r2,,1,68270.04499999,0.8499999999998755,D11,Totale
ES,2010,L,21309.0,sbs_na_sca_r2,,1,18112.649999999998,0.8499999999999999,D11,Totale
ES,2010,M,78250.3,sbs_na_sca_r2,,1,66512.75499999999,0.8499999999999999,D11,Totale
ES,2010,N,59072.1,sbs_na_sca_r2,,1,50211.284999999996,0.85,D11,Totale
ES,2019,B,3765.7,sbs_na_sca_r2,,1,3200.845,0.85,D11,Totale
ES,2019,C,560854.9,sbs_na_sca_r2,,1,476726.665,0.85,D11,Totale
ES,2019,D,93727.5,sbs_na_sca_r2,,1,79668.375,0.85,D11,Totale
ES,2019,E,22969.4,sbs_na_sca_r2,,1,19523.989999999998,0.8499999999999999,D11,Totale
ES,2019,F,156502.0,sbs_na_sca_r2,,1,133026.7,0.8500000000000001,D11,Totale
ES,2019,G,782063.6,sbs_na_sca_r2,,1,664754.0599999999,0.85,D11,Totale
ES,2019,H,122381.3,sbs_na_sca_r2,,1,104024.105,0.85,D11,Totale
ES,2019,I,82768.0,sbs_na_sca_r2,,1,70352.79999999999,0.8499999999999999,D11,Totale
ES,2019,J,90801.1,sbs_na_sca_r2,,1,77180.935,0.8499999999999999,D11,Totale
ES,2019,L,30007.7,sbs_na_sca_r2,,1,25506.545,0.8499999999999999,D11,Totale
ES,2019,M,103743.3,sbs_na_sca_r2,,1,88181.805,0.8499999999999999,D11,Totale
ES,2019,N,88025.4,sbs_na_sca_r2,,1,74821.58999999,0.8499999999998864,D11,Totale
ES,2020,B,3436.0,sbs_na_sca_r2,,1,2920.6,0.85,D11,Totale
ES,2020,C,497125.6,sbs_na_sca_r2,,1,422556.76,0.8500000000000001,D11,Totale
ES,2020,D,80773.0,sbs_na_sca_r2,,1,68657.05,0.8500000000000001,D11,Totale
ES,2020,E,22753.3,sbs_na_sca_r2,,1,19340.30499999,0.8499999999995606,D11,Totale
ES,2020,F,137701.1,sbs_na_sca_r2,,1,117045.935,0.85,D11,Totale
ES,2020,G,726551.3,sbs_na_sca_r2,,1,617568.605,0.8499999999999999,D11,Totale
ES,2020,H,100798.9,sbs_na_sca_r2,,1,85679.065,0.8500000000000001,D11,Totale
ES,2020,I,42014.1,sbs_na_sca_r2,,1,35711.985,0.8500000000000001,D11,Totale
ES,2020,J,85150.9,sbs_na_sca_r2,,1,72378.265,0.8500000000000001,D11,Totale
ES,2020,L,28865.8,sbs_na_sca_r2,,1,24535.929999999997,0.8499999999999999,D11,Totale
ES,2020,M,97420.6,sbs_na_sca_r2,,1,82807.51,0.8499999999999999,D11,Totale
ES,2020,N,63492.0,sbs_na_sca_r2,,1,53968.200000000004,0.8500000000000001,D11,Totale
FR,2008,B,8492.7,sbs_na_sca_r2,,1,6794.16,0.7999999999999999,D11,Totale
FR,2008,C,942385.2,sbs_na_sca_r2,,1,753908.1599999999,0.7999999999999999,D11,Totale
FR,2008,D,106500.6,sbs_na_sca_r2,,1,85200.48000000001,0.8,D11,Totale
FR,2008,E,36327.8,sbs_na_sca_r2,,1,29062.239999999998,0.7999999999999999,D11,Totale
FR,2008,G,1362412.1,sbs_na_sca_r2,,1,1089929.68,0.7999999999999999,D11,Totale
FR,2008,H,190784.9,sbs_na_sca_r2,,1,152627.91999999,0.7999999999999476,D11,Totale
FR,2008,I,73877.4,sbs_na_sca_r2,,1,59101.919999989994,0.7999999999998646,D11,Totale
FR,2008,J,169786.0,sbs_na_sca_r2,,1,135828.8,0.7999999999999999,D11,Totale
FR,2008,L,69158.6,sbs_na_sca_r2,,1,55326.880000000005,0.8,D11,Totale
FR,2008,M,200764.1,sbs_na_sca_r2,,1,160611.28,0.7999999999999999,D11,Totale
FR,2008,N,138660.1,sbs_na_sca_r2,,1,110928.07999999999,0.7999999999999998,D11,Totale
FR,2009,B,7379.9,sbs_na_sca_r2,,1,5903.92,0.8,D11,Totale
FR,2009,C,804526.4,sbs_na_sca_r2,,1,643621.12,0.7999999999999999,D11,Totale
FR,2009,D,103394.6,sbs_na_sca_r2,,1,82715.68,0.7999999999999999,D11,Totale
FR,2009,E,30142.4,sbs_na_sca_r2,,1,24113.92000001,0.8000000000003317,D11,Totale
FR,2009,G,1237133.9,sbs_na_sca_r2,,1,989707.12,0.8,D11,Totale
FR,2009,H,177429.5,sbs_na_sca_r2,,1,141943.6,0.8,D11,Totale
FR,2009,I,74040.8,sbs_na_sca_r2,,1,59232.64,0.7999999999999999,D11,Totale
FR,2009,J,168612.8,sbs_na_sca_r2,,1,134890.24,0.8,D11,Totale
FR,2009,L,69582.4,sbs_na_sca_r2,,1,55665.92,0.8,D11,Totale
FR,2009,M,183277.3,sbs_na_sca_r2,,1,146621.84,0.8,D11,Totale
FR,2009,N,123218.5,sbs_na_sca_r2,,1,98574.8,0.8,D11,Totale
FR,2010,B,7589.1,sbs_na_sca_r2,,1,6071.28,0.7999999999999999,D11,Totale
FR,2010,C,848176.4,sbs_na_sca_r2,,1,678541.1199999999,0.7999999999999998,D11,Totale
FR,2010,D,109648.6,sbs_na_sca_r2,,1,87718.88,0.8,D11,Totale
FR,2010,E,36039.6,sbs_na_sca_r2,,1,28831.68000001,0.8000000000002775,D11,Totale
FR,2010,F,257148.3,sbs_na_sca_r2,,1,205718.63999999998,0.7999999999999999,D11,Totale
FR,2010,G,1292118.7,sbs_na_sca_r2,,1,1033694.96,0.8,D11,Totale
FR,2010,H,192173.8,sbs_na_sca_r2,,1,153739.04,0.8,D11,Totale
FR,2010,I,80322.8,sbs_na_sca_r2,,1,64258.24,0.7999999999999999,D11,Totale
FR,2010,J,177051.0,sbs_na_sca_r2,,1,141640.8,0.7999999999999999,D11,Totale
FR,2010,L,77191.9,sbs_na_sca_r2,,1,61753.520000009994,0.8000000000001295,D11,Totale
FR,2010,M,209372.9,sbs_na_sca_r2,,1,167498.32000001,0.8000000000000478,D11,Totale
FR,2010,N,132275.6,sbs_na_sca_r2,,1,105820.48000001,0.8000000000000755,D11,Totale
FR,2019,B,4950.3,sbs_na_sca_r2,,1,3960.24,0.7999999999999999,D11,Totale
FR,2019,C,1068591.1,sbs_na_sca_r2,,1,854872.88,0.7999999999999999,D11,Totale
FR,2019,D,120098.8,sbs_na_sca_r2,,1,96079.04,0.7999999999999999,D11,Totale
FR,2019,E,43509.0,sbs_na_sca_r2,,1,34807.19999999999,0.7999999999999997,D11,Totale
FR,2019,F,331315.3,sbs_na_sca_r2,,1,265052.24,0.8,D11,Totale
FR,2019,G,1383306.8,sbs_na_sca_r2,,1,1106645.43999999,0.7999999999999927,D11,Totale
FR,2019,H,224469.0,sbs_na_sca_r2,,1,179575.19999999998,0.7999999999999999,D11,Totale
FR,2019,I,109220.4,sbs_na_sca_r2,,1,87376.32000000999,0.8000000000000915,D11,Totale
FR,2019,J,211029.2,sbs_na_sca_r2,,1,168823.35999999,0.7999999999999526,D11,Totale
FR,2019,L,79675.9,sbs_na_sca_r2,,1,63740.72,0.8,D11,Totale
FR,2019,M,196437.0,sbs_na_sca_r2,,1,157149.59999999998,0.7999999999999999,D11,Totale
FR,2019,N,161734.5,sbs_na_sca_r2,,1,129387.59999999998,0.7999999999999998,D11,Totale
FR,2020,B,4791.0,sbs_na_sca_r2,,1,3832.8,0.8,D11,Totale
FR,2020,C,938506.8,sbs_na_sca_r2,,1,750805.4400000001,0.8,D11,Totale
FR,2020,D,111764.5,sbs_na_sca_r2,,1,89411.6,0.8,D11,Totale
FR,2020,E,40863.0,sbs_na_sca_r2,,1,32690.4,0.8,D11,Totale
FR,2020,F,314881.0,sbs_na_sca_r2,,1,251904.8,0.7999999999999999,D11,Totale
FR,2020,G,1331409.7,sbs_na_sca_r2,,1,1065127.76,0.8,D11,Totale
FR,2020,H,197130.9,sbs_na_sca_r2,,1,157704.72000000998,0.8000000000000507,D11,Totale
FR,2020,I,75439.6,sbs_na_sca_r2,,1,60351.68,0.7999999999999999,D11,Totale
FR,2020,J,210459.0,sbs_na_sca_r2,,1,168367.2,0.8,D11,Totale
FR,2020,L,78544.0,sbs_na_sca_r2,,1,62835.2,0.7999999999999999,D11,Totale
FR,2020,M,183911.7,sbs_na_sca_r2,,1,147129.36,0.7999999999999998,D11,Totale
FR,2020,N,135216.0,sbs_na_sca_r2,,1,108172.8,0.8,D11,Totale
GB,2008,B,79802.3,sbs_na_sca_r2,,1,55861.60999999999,0.6999999999999998,D11,Totale
GB,2008,C,631314.8,sbs_na_sca_r2,,1,441920.3599999999,0.6999999999999998,D11,Totale
GB,2008,D,107875.7,sbs_na_sca_r2,,1,75512.99,0.7000000000000001,D11,Totale
GB,2008,E,36650.3,sbs_na_sca_r2,,1,25655.210000000003,0.7000000000000001,D11,Totale
GB,2008,G,1545237.0,sbs_na_sca_r2,,1,1081665.9,0.7,D11,Totale
GB,2008,H,173662.9,sbs_na_sca_r2,,1,121564.03,0.7000000000000001,D11,Totale
GB,2008,I,85486.4,sbs_na_sca_r2,,1,59840.479999999996,0.7,D11,Totale
GB,2008,J,229253.0,sbs_na_sca_r2,,1,160477.09999999,0.6999999999999563,D11,Totale
GB,2008,L,54668.1,sbs_na_sca_r2,,1,38267.67,0.7,D11,Totale
GB,2008,M,242377.4,sbs_na_sca_r2,,1,169664.18,0.7,D11,Totale
GB,2008,N,191990.2,sbs_na_sca_r2,,1,134393.13999999998,0.6999999999999998,D11,Totale
GB,2009,B,53830.2,sbs_na_sca_r2,,1,37681.14000001,0.7000000000001857,D11,Totale
GB,2009,C,503419.9,sbs_na_sca_r2,,1,352393.93,0.7,D11,Totale
GB,2009,D,102616.0,sbs_na_sca_r2,,1,71831.2,0.7,D11,Totale
GB,2009,E,31930.9,sbs_na_sca_r2,,1,22351.629999999997,0.6999999999999998,D11,Totale
GB,2009,G,1281543.6,sbs_na_sca_r2,,1,897080.5199999999,0.6999999999999998,D11,Totale
GB,2009,H,143803.1,sbs_na_sca_r2,,1,100662.17,0.7,D11,Totale
GB,2009,I,73450.0,sbs_na_sca_r2,,1,51415.0,0.7,D11,Totale
GB,2009,J,196502.5,sbs_na_sca_r2,,1,137551.74999999,0.699999999999949,D11,Totale
GB,2009,L,49209.0,sbs_na_sca_r2,,1,34446.29999999,0.6999999999997968,D11,Totale
GB,2009,M,210458.3,sbs_na_sca_r2,,1,147320.81,0.7000000000000001,D11,Totale
GB,2009,N,161098.7,sbs_na_sca_r2,,1,112769.09000001,0.700000000000062,D11,Totale
GB,2010,B,58426.1,sbs_na_sca_r2,,1,40898.27,0.7,D11,Totale
GB,2010,C,564082.8,sbs_na_sca_r2,,1,394857.96,0.7,D11,Totale
GB,2010,D,109515.1,sbs_na_sca_r2,,1,76660.57,0.7000000000000001,D11,Totale
GB,2010,E,33485.6,sbs_na_sca_r2,,1,23439.92,0.7,D11,Totale
GB,2010,F,212926.6,sbs_na_sca_r2,,1,149048.62,0.7,D11,Totale
GB,2010,G,1421885.9,sbs_na_sca_r2,,1,995320.1299999999,0.7,D11,Totale
GB,2010,H,156360.7,sbs_na_sca_r2,,1,109452.48999999999,0.6999999999999998,D11,Totale
GB,2010,I,79174.0,sbs_na_sca_r2,,1,55421.799999999996,0.7,D11,Totale
GB,2010,J,214037.2,sbs_na_sca_r2,,1,149826.04,0.7,D11,Totale
GB,2010,L,52368.5,sbs_na_sca_r2,,1,36657.95,0.7,D11,Totale
GB,2010,M,222555.1,sbs_na_sca_r2,,1,155788.56999999998,0.6999999999999998,D11,Totale
GB,2010,N,174286.1,sbs_na_sca_r2,,1,122000.26999999999,0.7,D11,Totale
IT,2008,B,52408.7,sbs_na_sca_r2,d,1,39306.525,0.7500000000000001,D11,Totale
IT,2008,C,978130.1,sbs_na_sca_r2,d,1,733597.575,0.75,D11,Totale
IT,2008,D,156801.7,sbs_na_sca_r2,d,1,117601.275,0.7499999999999999,D11,Totale
IT,2008,E,31579.6,sbs_na_sca_r2,d,1,23684.7,0.7500000000000001,D11,Totale
IT,2008,F,273614.5,sbs_na_sca_r2,,1,205210.875,0.75,D11,Totale
IT,2008,G,982407.8,sbs_na_sca_r2,,1,736805.85,0.7499999999999999,D11,Totale
IT,2008,H,145387.1,sbs_na_sca_r2,,1,109040.325,0.75,D11,Totale
IT,2008,I,66827.1,sbs_na_sca_r2,,1,50120.32499999,0.7499999999998503,D11,Totale
IT,2008,J,116875.7,sbs_na_sca_r2,,1,87656.775,0.75,D11,Totale
IT,2008,L,46926.6,sbs_na_sca_r2,,1,35194.94999999,0.749999999999787,D11,Totale
IT,2008,M,118044.2,sbs_na_sca_r2,,1,88533.15,0.75,D11,Totale
IT,2008,N,77684.1,sbs_na_sca_r2,,1,58263.075000009994,0.7500000000001286,D11,Totale
IT,2009,B,36827.6,sbs_na_sca_r2,,1,27620.699999999997,0.75,D11,Totale
IT,2009,C,783449.5,sbs_na_sca_r2,,1,587587.125,0.75,D11,Totale
IT,2009,D,151962.1,sbs_na_sca_r2,,1,113971.575,0.75,D11,Totale
IT,2009,E,26806.8,sbs_na_sca_r2,,1,20105.1,0.75,D11,Totale
IT,2009,F,181150.4,sbs_na_sca_r2,,1,135862.8,0.75,D11,Totale
IT,2009,G,879311.6,sbs_na_sca_r2,,1,659483.7,0.75,D11,Totale
IT,2009,H,125984.4,sbs_na_sca_r2,,1,94488.3,0.7500000000000001,D11,Totale
IT,2009,I,61298.7,sbs_na_sca_r2,,1,45974.02500001,0.7500000000001632,D11,Totale
IT,2009,J,111285.7,sbs_na_sca_r2,,1,83464.27500001,0.7500000000000899,D11,Totale
IT,2009,L,37333.1,sbs_na_sca_r2,,1,27999.825,0.75,D11,Totale
IT,2009,M,100971.5,sbs_na_sca_r2,,1,75728.625,0.75,D11,Totale
IT,2009,N,75037.9,sbs_na_sca_r2,,1,56278.424999999996,0.75,D11,Totale
IT,2010,B,49809.3,sbs_na_sca_r2,,1,37356.974999989994,0.749999999999799,D11,Totale
IT,2010,C,871108.5,sbs_na_sca_r2,,1,653331.3749999999,0.7499999999999999,D11,Totale
IT,2010,D,160950.4,sbs_na_sca_r2,,1,120712.79999999999,0.75,D11,Totale
IT,2010,E,31138.1,sbs_na_sca_r2,,1,23353.575000009994,0.750000000000321,D11,Totale
IT,2010,F,207545.8,sbs_na_sca_r2,,1,155659.34999999998,0.7499999999999999,D11,Totale
IT,2010,G,953611.9,sbs_na_sca_r2,,1,715208.9249999999,0.7499999999999999,D11,Totale
IT,2010,H,144372.2,sbs_na_sca_r2,,1,108279.15000000999,0.7500000000000692,D11,Totale
IT,2010,I,67105.9,sbs_na_sca_r2,,1,50329.424999999996,0.75,D11,Totale
IT,2010,J,113645.6,sbs_na_sca_r2,,1,85234.20000001,0.7500000000000879,D11,Totale
IT,2010,L,36358.8,sbs_na_sca_r2,,1,27269.09999999,0.7499999999997249,D11,Totale
IT,2010,M,115412.7,sbs_na_sca_r2,,1,86559.525,0.75,D11,Totale
IT,2010,N,79698.2,sbs_na_sca_r2,,1,59773.649999999994,0.75,D11,Totale
IT,2019,B,8041.0,sbs_na_sca_r2,,1,6030.75,0.75,D11,Totale
IT,2019,C,996809.8,sbs_na_sca_r2,,1,747607.35,0.7499999999999999,D11,Totale
IT,2019,D,217026.7,sbs_na_sca_r2,,1,162770.025,0.7499999999999999,D11,Totale
IT,2019,E,39944.9,sbs_na_sca_r2,,1,29958.675,0.75,D11,Totale
IT,2019,F,165236.1,sbs_na_sca_r2,,1,123927.075,0.75,D11,Totale
IT,2019,G,1003893.9,sbs_na_sca_r2,,1,752920.4249999999,0.7499999999999999,D11,Totale
IT,2019,H,165675.4,sbs_na_sca_r2,,1,124256.54999999999,0.75,D11,Totale
IT,2019,I,90897.7,sbs_na_sca_r2,,1,68173.275,0.75,D11,Totale
IT,2019,J,104987.4,sbs_na_sca_r2,,1,78740.55,0.7500000000000001,D11,Totale
IT,2019,L,38572.4,sbs_na_sca_r2,,1,28929.3,0.75,D11,Totale
IT,2019,M,122300.3,sbs_na_sca_r2,,1,91725.22499999999,0.7499999999999999,D11,Totale
IT,2019,N,101513.6,sbs_na_sca_r2,,1,76135.2,0.7499999999999999,D11,Totale
IT,2020,B,6199.8,sbs_na_sca_r2,,1,4649.85,0.75,D11,Totale
IT,2020,C,872918.0,sbs_na_sca_r2,,1,654688.5,0.75,D11,Totale
IT,2020,D,157691.3,sbs_na_sca_r2,,1,118268.47499999999,0.75,D11,Totale
IT,2020,E,39981.5,sbs_na_sca_r2,,1,29986.125,0.75,D11,Totale
IT,2020,F,159749.7,sbs_na_sca_r2,,1,119812.27500000999,0.7500000000000625,D11,Totale
IT,2020,G,945227.6,sbs_na_sca_r2,,1,708920.7,0.75,D11,Totale
IT,2020,H,139235.1,sbs_na_sca_r2,,1,104426.325,0.75,D11,Totale
IT,2020,I,54028.2,sbs_na_sca_r2,,1,40521.15,0.7500000000000001,D11,Totale
IT,2020,J,103291.7,sbs_na_sca_r2,,1,77468.77499999,0.7499999999999032,D11,Totale
IT,2020,L,34773.1,sbs_na_sca_r2,,1,26079.825,0.75,D11,Totale
IT,2020,M,114722.2,sbs_na_sca_r2,,1,86041.65,0.75,D11,Totale
IT,2020,N,83411.3,sbs_na_sca_r2,,1,62558.475000000006,0.75,D11,Totale
PL,2008,B,12743.7,sbs_na_sca_r2,,1,7009.034999999999,0.5499999999999999,D11,Totale
PL,2008,C,251419.9,sbs_na_sca_r2,,1,138280.94499999998,0.5499999999999999,D11,Totale
PL,2008,D,44091.4,sbs_na_sca_r2,,1,24250.269999999997,0.5499999999999999,D11,Totale
PL,2008,E,6495.3,sbs_na_sca_r2,,1,3572.4149999999995,0.5499999999999999,D11,Totale
PL,2008,G,333154.5,sbs_na_sca_r2,,1,183234.97499999998,0.5499999999999999,D11,Totale
PL,2008,H,38758.3,sbs_na_sca_r2,,1,21317.065,0.5499999999999999,D11,Totale
PL,2008,I,6703.8,sbs_na_sca_r2,,1,3687.0899999999997,0.5499999999999999,D11,Totale
PL,2008,J,28116.8,sbs_na_sca_r2,,1,15464.239999989997,0.5499999999996442,D11,Totale
PL,2008,L,12197.8,sbs_na_sca_r2,,1,6708.78999999,0.5499999999991803,D11,Totale
PL,2008,M,25450.5,sbs_na_sca_r2,,1,13997.775,0.5499999999999999,D11,Totale
PL,2008,N,11730.7,sbs_na_sca_r2,,1,6451.884999999999,0.5499999999999999,D11,Totale
PL,2009,B,9954.8,sbs_na_sca_r2,,1,5475.14,0.55,D11,Totale
PL,2009,C,197141.6,sbs_na_sca_r2,,1,108427.88,0.55,D11,Totale
PL,2009,D,39850.9,sbs_na_sca_r2,,1,21917.994999989998,0.549999999999749,D11,Totale
PL,2009,E,5217.0,sbs_na_sca_r2,,1,2869.35000001,0.5500000000019167,D11,Totale
PL,2009,G,263446.0,sbs_na_sca_r2,,1,144895.3,0.5499999999999999,D11,Totale
PL,2009,H,29403.8,sbs_na_sca_r2,,1,16172.09,0.55,D11,Totale
PL,2009,I,5423.2,sbs_na_sca_r2,,1,2982.75999999,0.5499999999981561,D11,Totale
PL,2009,J,22516.3,sbs_na_sca_r2,,1,12383.96500001,0.5500000000004441,D11,Totale
PL,2009,L,14757.1,sbs_na_sca_r2,,1,8116.405,0.5499999999999999,D11,Totale
PL,2009,M,22287.0,sbs_na_sca_r2,,1,12257.849999999999,0.5499999999999999,D11,Totale
PL,2009,N,8972.9,sbs_na_sca_r2,,1,4935.095000009999,0.5500000000011144,D11,Totale
PL,2010,B,12472.9,sbs_na_sca_r2,,1,6860.095,0.55,D11,Totale
PL,2010,C,235725.7,sbs_na_sca_r2,,1,129649.135,0.5499999999999999,D11,Totale
PL,2010,D,42566.6,sbs_na_sca_r2,,1,23411.629999999997,0.5499999999999999,D11,Totale
PL,2010,E,7313.4,sbs_na_sca_r2,,1,4022.3699999999994,0.5499999999999999,D11,Totale
PL,2010,F,60427.9,sbs_na_sca_r2,,1,33235.345,0.55,D11,Totale
PL,2010,G,300444.5,sbs_na_sca_r2,,1,165244.475,0.55,D11,Totale
PL,2010,H,35975.2,sbs_na_sca_r2,,1,19786.36,0.55,D11,Totale
PL,2010,I,5705.0,sbs_na_sca_r2,,1,3137.75000001,0.5500000000017529,D11,Totale
PL,2010,J,25247.7,sbs_na_sca_r2,,1,13886.234999999999,0.5499999999999999,D11,Totale
PL,2010,L,14864.8,sbs_na_sca_r2,,1,8175.6399999899995,0.5499999999993272,D11,Totale
PL,2010,M,24918.0,sbs_na_sca_r2,,1,13704.900000009999,0.5500000000004013,D11,Totale
PL,2010,N,11269.7,sbs_na_sca_r2,,1,6198.334999999999,0.5499999999999999,D11,Totale
PL,2019,B,12085.8,sbs_na_sca_r2,,1,6647.19,0.55,D11,Totale
PL,2019,C,372321.7,sbs_na_sca_r2,,1,204776.935,0.5499999999999999,D11,Totale
PL,2019,D,52537.4,sbs_na_sca_r2,,1,28895.57,0.5499999999999999,D11,Totale
PL,2019,E,10928.2,sbs_na_sca_r2,,1,6010.51,0.5499999999999999,D11,Totale
PL,2019,F,89073.3,sbs_na_sca_r2,,1,48990.314999999995,0.5499999999999999,D11,Totale
PL,2019,G,430837.1,sbs_na_sca_r2,,1,236960.40499999997,0.5499999999999999,D11,Totale
PL,2019,H,67511.9,sbs_na_sca_r2,,1,37131.545,0.55,D11,Totale
PL,2019,I,14713.7,sbs_na_sca_r2,,1,8092.53499999,0.5499999999993204,D11,Totale
PL,2019,J,40311.8,sbs_na_sca_r2,,1,22171.49000001,0.550000000000248,D11,Totale
PL,2019,L,22023.8,sbs_na_sca_r2,,1,12113.089999999998,0.5499999999999999,D11,Totale
PL,2019,M,39536.5,sbs_na_sca_r2,,1,21745.075,0.55,D11,Totale
PL,2019,N,27650.1,sbs_na_sca_r2,,1,15207.554999999998,0.5499999999999999,D11,Totale
PL,2020,B,11327.0,sbs_na_sca_r2,,1,6229.849999999999,0.5499999999999999,D11,Totale
PL,2020,C,353821.1,sbs_na_sca_r2,,1,194601.60499999998,0.5499999999999999,D11,Totale
PL,2020,D,52711.8,sbs_na_sca_r2,,1,28991.489999999998,0.5499999999999999,D11,Totale
PL,2020,E,12031.4,sbs_na_sca_r2,,1,6617.2699999999995,0.5499999999999999,D11,Totale
PL,2020,F,91207.1,sbs_na_sca_r2,,1,50163.905,0.5499999999999999,D11,Totale
PL,2020,G,421418.6,sbs_na_sca_r2,,1,231780.22999999998,0.5499999999999999,D11,Totale
PL,2020,H,65548.7,sbs_na_sca_r2,,1,36051.78499999,0.5499999999998475,D11,Totale
PL,2020,I,10871.4,sbs_na_sca_r2,,1,5979.27000001,0.5500000000009199,D11,Totale
PL,2020,J,41322.5,sbs_na_sca_r2,,1,22727.374999999996,0.5499999999999999,D11,Totale
PL,2020,L,22576.4,sbs_na_sca_r2,,1,12417.019999999999,0.5499999999999999,D11,Totale
PL,2020,M,39751.6,sbs_na_sca_r2,,1,21863.379999999997,0.5499999999999999,D11,Totale
PL,2020,N,23648.2,sbs_na_sca_r2,,1,13006.509999999998,0.5499999999999999,D11,Totale
DE,2021,B,14890.37,sbs_ovw_act,,1,8934.222,0.6,D11,Totale
DE,2021,C,2448147.39,sbs_ovw_act,,1,1468888.4340000001,0.6,D11,Totale
DE,2021,D,824733.41,sbs_ovw_act,,1,494840.046,0.6,D11,Totale
DE,2021,E,77377.64,sbs_ovw_act,,1,46426.583999999995,0.6,D11,Totale
DE,2021,F,367828.23,sbs_ovw_act,,1,220696.938,0.6,D11,Totale
DE,2021,G,2266713.52,sbs_ovw_act,,1,1360028.1119999997,0.5999999999999999,D11,Totale
DE,2021,H,364795.7,sbs_ovw_act,,1,218877.41999999998,0.6,D11,Totale
DE,2021,I,71681.47,sbs_ovw_act,,1,43008.882,0.6,D11,Totale
DE,2021,J,329259.72,sbs_ovw_act,,1,197555.832,0.6000000000000001,D11,Totale
DE,2021,L,139693.28,sbs_ovw_act,,1,83815.968,0.6,D11,Totale
DE,2021,M,348253.49,sbs_ovw_act,,1,208952.09399999998,0.6,D11,Totale
DE,2021,N,240565.51,sbs_ovw_act,,1,144339.306,0.6,D11,Totale
DE,2022,B,25183.94,sbs_ovw_act,,1,15110.364,0.6,D11,Totale
DE,2022,C,2842707.99,sbs_ovw_act,,1,1705624.794,0.6,D11,Totale
DE,2022,D,1387737.02,sbs_ovw_act,,1,832642.2119999999,0.6,D11,Totale
DE,2022,E,86275.83,sbs_ovw_act,,1,51765.498,0.6,D11,Totale
DE,2022,F,402858.23,sbs_ovw_act,,1,241714.938,0.6,D11,Totale
DE,2022,G,2517366.48,sbs_ovw_act,,1,1510419.888,0.6,D11,Totale
DE,2022,H,461382.2,sbs_ovw_act,,1,276829.31999999995,0.5999999999999999,D11,Totale
DE,2022,I,112098.37,sbs_ovw_act,,1,67259.022,0.6,D11,Totale
DE,2022,J,349732.61,sbs_ovw_act,,1,209839.566,0.6,D11,Totale
DE,2022,L,141921.6,sbs_ovw_act,,1,85152.95999999999,0.5999999999999999,D11,Totale
DE,2022,M,371849.77,sbs_ovw_act,,1,223109.862,0.6,D11,Totale
DE,2022,N,295205.78,sbs_ovw_act,,1,177123.46799999996,0.5999999999999999,D11,Totale
DE,2023,B,14681.01,sbs_ovw_act,,1,8808.606,0.6,D11,Totale
DE,2023,C,2892454.8,sbs_ovw_act,,1,1735472.8800000001,0.6000000000000001,D11,Totale
DE,2023,D,1251390.03,sbs_ovw_act,,1,750834.0179999999,0.6,D11,Totale
DE,2023,E,86522.61,sbs_ovw_act,,1,51913.566,0.6,D11,Totale
DE,2023,F,415425.41,sbs_ovw_act,,1,249255.24599999998,0.6,D11,Totale
DE,2023,G,2492801.59,sbs_ovw_act,,1,1495680.954,0.6,D11,Totale
DE,2023,H,389012.25,sbs_ovw_act,,1,233407.35,0.6,D11,Totale
DE,2023,I,127171.49,sbs_ovw_act,,1,76302.894,0.6,D11,Totale
DE,2023,J,370756.56,sbs_ovw_act,,1,222453.93599999996,0.5999999999999999,D11,Totale
DE,2023,L,131738.91,sbs_ovw_act,,1,79043.346,0.6,D11,Totale
DE,2023,M,393312.93,sbs_ovw_act,,1,235987.75799999997,0.6,D11,Totale
DE,2023,N,324215.9,sbs_ovw_act,,1,194529.54,0.6,D11,Totale
EE,2021,B,339.42,sbs_ovw_act,,1,322.44899999999996,0.9499999999999998,D11,Totale
EE,2021,C,16058.09,sbs_ovw_act,,1,15255.1855,0.95,D11,Totale
EE,2021,D,2964.87,sbs_ovw_act,,1,2816.6265,0.95,D11,Totale
EE,2021,E,858.47,sbs_ovw_act,,1,815.54650001,0.9500000000116486,D11,Totale
EE,2021,F,6588.22,sbs_ovw_act,,1,6258.809,0.95,D11,Totale
EE,2021,G,32381.69,sbs_ovw_act,,1,30762.605499999998,0.95,D11,Totale
EE,2021,H,5396.92,sbs_ovw_act,,1,5127.074,0.95,D11,Totale
EE,2021,I,809.79,sbs_ovw_act,,1,769.3004999999999,0.95,D11,Totale
EE,2021,J,4104.29,sbs_ovw_act,,1,3899.0755,0.95,D11,Totale
EE,2021,L,2315.48,sbs_ovw_act,,1,2199.706,0.9500000000000001,D11,Totale
EE,2021,M,2825.18,sbs_ovw_act,,1,2683.921,0.95,D11,Totale
EE,2021,N,1784.9,sbs_ovw_act,,1,1695.655,0.95,D11,Totale
EE,2022,B,398.12,sbs_ovw_act,,1,378.214,0.95,D11,Totale
EE,2022,C,19016.54,sbs_ovw_act,,1,18065.713,0.95,D11,Totale
EE,2022,D,5541.48,sbs_ovw_act,,1,5264.406,0.9500000000000001,D11,Totale
EE,2022,E,786.91,sbs_ovw_act,,1,747.5645,0.95,D11,Totale
EE,2022,F,7895.4,sbs_ovw_act,,1,7500.629999999999,0.95,D11,Totale
EE,2022,G,38429.79,sbs_ovw_act,,1,36508.3005,0.95,D11,Totale
EE,2022,H,6575.26,sbs_ovw_act,,1,6246.496999999999,0.9499999999999998,D11,Totale
EE,2022,I,1253.79,sbs_ovw_act,,1,1191.1005,0.9500000000000001,D11,Totale
EE,2022,J,5602.17,sbs_ovw_act,,1,5322.0615,0.95,D11,Totale
EE,2022,L,2693.51,sbs_ovw_act,,1,2558.8345,0.9499999999999998,D11,Totale
EE,2022,M,3285.88,sbs_ovw_act,,1,3121.586,0.95,D11,Totale
EE,2022,N,2392.53,sbs_ovw_act,,1,2272.9035,0.9499999999999998,D11,Totale
EE,2023,B,387.99,sbs_ovw_act,,1,368.59049998999996,0.949999999974226,D11,Totale
EE,2023,C,17662.3,sbs_ovw_act,,1,16779.185,0.9500000000000001,D11,Totale
EE,2023,D,4248.19,sbs_ovw_act,,1,4035.7805,0.9500000000000001,D11,Totale
EE,2023,E,786.9,sbs_ovw_act,,1,747.555,0.95,D11,Totale
EE,2023,F,8019.87,sbs_ovw_act,,1,7618.8765,0.9500000000000001,D11,Totale
EE,2023,G,36506.0,sbs_ovw_act,,1,34680.7,0.95,D11,Totale
EE,2023,H,5946.68,sbs_ovw_act,,1,5649.346,0.9499999999999998,D11,Totale
EE,2023,I,1436.06,sbs_ovw_act,,1,1364.2569999999998,0.95,D11,Totale
EE,2023,J,6363.16,sbs_ovw_act,,1,6045.002,0.9500000000000001,D11,Totale
EE,2023,L,2558.26,sbs_ovw_act,,1,2430.3469999999998,0.9499999999999998,D11,Totale
EE,2023,M,3377.86,sbs_ovw_act,,1,3208.9669999999996,0.9499999999999998,D11,Totale
EE,2023,N,2780.71,sbs_ovw_act,,1,2641.6745,0.9500000000000001,D11,Totale
ES,2021,B,4140.19,sbs_ovw_act,,1,3519.1615,0.8500000000000001,D11,Totale
ES,2021,C,588190.29,sbs_ovw_act,,1,499961.74649999995,0.8499999999999999,D11,Totale
ES,2021,D,118039.85,sbs_ovw_act,,1,100333.8725,0.85,D11,Totale
ES,2021,E,23655.6,sbs_ovw_act,,1,20107.26,0.85,D11,Totale
ES,2021,F,152645.05,sbs_ovw_act,,1,129748.2925,0.8500000000000001,D11,Totale
ES,2021,G,840794.32,sbs_ovw_act,,1,714675.1719999999,0.85,D11,Totale
ES,2021,H,113823.2,sbs_ovw_act,,1,96749.72,0.85,D11,Totale
ES,2021,I,60634.45,sbs_ovw_act,,1,51539.2825,0.8500000000000001,D11,Totale
ES,2021,J,90492.85,sbs_ovw_act,,1,76918.9225,0.85,D11,Totale
ES,2021,L,30406.54,sbs_ovw_act,,1,25845.559,0.85,D11,Totale
ES,2021,M,103719.69,sbs_ovw_act,,1,88161.7365,0.85,D11,Totale
ES,2021,N,71657.34,sbs_ovw_act,,1,60908.739,0.8500000000000001,D11,Totale
ES,2022,B,5351.96,sbs_ovw_act,,1,4549.166,0.85,D11,Totale
ES,2022,C,707728.72,sbs_ovw_act,,1,601569.412,0.8500000000000001,D11,Totale
ES,2022,D,189412.29,sbs_ovw_act,,1,161000.4465,0.8499999999999999,D11,Totale
ES,2022,E,25657.53,sbs_ovw_act,,1,21808.9005,0.85,D11,Totale
ES,2022,F,173804.34,sbs_ovw_act,,1,147733.68899999998,0.85,D11,Totale
ES,2022,G,955065.35,sbs_ovw_act,,1,811805.5475,0.85,D11,Totale
ES,2022,H,141326.58,sbs_ovw_act,,1,120127.593,0.85,D11,Totale
ES,2022,I,92418.18,sbs_ovw_act,,1,78555.453,0.85,D11,Totale
ES,2022,J,102824.74,sbs_ovw_act,,1,87401.02899999,0.8499999999999027,D11,Totale
ES,2022,L,36279.83,sbs_ovw_act,,1,30837.855499999998,0.8499999999999999,D11,Totale
ES,2022,M,115713.64,sbs_ovw_act,,1,98356.594,0.85,D11,Totale
ES,2022,N,93271.26,sbs_ovw_act,,1,79280.57099999,0.8499999999998928,D11,Totale
ES,2023,B,6754.66,sbs_ovw_act,,1,5741.461,0.8500000000000001,D11,Totale
ES,2023,C,695856.81,sbs_ovw_act,,1,591478.2885,0.85,D11,Totale
ES,2023,D,136868.33,sbs_ovw_act,,1,116338.08049999998,0.85,D11,Totale
ES,2023,E,25248.03,sbs_ovw_act,,1,21460.8255,0.85,D11,Totale
ES,2023,F,188626.84,sbs_ovw_act,,1,160332.814,0.8500000000000001,D11,Totale
ES,2023,G,1013169.11,sbs_ovw_act,,1,861193.7435000001,0.8500000000000001,D11,Totale
ES,2023,H,145216.13,sbs_ovw_act,,1,123433.71049999999,0.8499999999999999,D11,Totale
ES,2023,I,104442.69,sbs_ovw_act,,1,88776.28649999999,0.8499999999999999,D11,Totale
ES,2023,J,113466.17,sbs_ovw_act,,1,96446.2445,0.85,D11,Totale
ES,2023,L,39203.32,sbs_ovw_act,,1,33322.82199999999,0.8499999999999999,D11,Totale
ES,2023,M,123708.51,sbs_ovw_act,,1,105152.2335,0.8500000000000001,D11,Totale
ES,2023,N,103555.01,sbs_ovw_act,,1,88021.75849999,0.8499999999999035,D11,Totale
FR,2021,B,5369.83,sbs_ovw_act,b,1,4295.864,0.7999999999999999,D11,Totale
FR,2021,C,1042774.52,sbs_ovw_act,b,1,834219.6159999999,0.7999999999999999,D11,Totale
FR,2021,D,158989.53,sbs_ovw_act,b,1,127191.624,0.7999999999999999,D11,Totale
FR,2021,E,47696.9,sbs_ovw_act,b,1,38157.52,0.7999999999999999,D11,Totale
FR,2021,F,359858.71,sbs_ovw_act,b,1,287886.968,0.7999999999999999,D11,Totale
FR,2021,G,1485733.27,sbs_ovw_act,b,1,1188586.61600001,0.8000000000000067,D11,Totale
FR,2021,H,229644.44,sbs_ovw_act,b,1,183715.552,0.7999999999999999,D11,Totale
FR,2021,I,82338.05,sbs_ovw_act,b,1,65870.44,0.8,D11,Totale
FR,2021,J,227149.03,sbs_ovw_act,b,1,181719.224,0.7999999999999999,D11,Totale
FR,2021,L,91410.54,sbs_ovw_act,b,1,73128.432,0.8,D11,Totale
FR,2021,M,209651.47,sbs_ovw_act,b,1,167721.17599999998,0.7999999999999999,D11,Totale
FR,2021,N,156066.07,sbs_ovw_act,b,1,124852.856,0.7999999999999999,D11,Totale
FR,2022,B,5414.69,sbs_ovw_act,,1,4331.752,0.8000000000000002,D11,Totale
FR,2022,C,1199239.26,sbs_ovw_act,,1,959391.408,0.8,D11,Totale
FR,2022,D,271929.97,sbs_ovw_act,,1,217543.97599998998,0.7999999999999633,D11,Totale
FR,2022,E,51836.23,sbs_ovw_act,,1,41468.984,0.7999999999999999,D11,Totale
FR,2022,F,387923.15,sbs_ovw_act,,1,310338.52,0.8,D11,Totale
FR,2022,G,1664351.65,sbs_ovw_act,,1,1331481.3199999998,0.7999999999999999,D11,Totale
FR,2022,H,285920.63,sbs_ovw_act,,1,228736.504,0.7999999999999999,D11,Totale
FR,2022,I,121726.92,sbs_ovw_act,,1,97381.536,0.7999999999999999,D11,Totale
FR,2022,J,246833.14,sbs_ovw_act,,1,197466.512,0.7999999999999999,D11,Totale
FR,2022,L,96391.24,sbs_ovw_act,,1,77112.992,0.7999999999999999,D11,Totale
FR,2022,M,229697.93,sbs_ovw_act,,1,183758.34399999998,0.7999999999999999,D11,Totale
FR,2022,N,175530.99,sbs_ovw_act,,1,140424.792,0.7999999999999999,D11,Totale
FR,2023,B,5719.92,sbs_ovw_act,,1,4575.93600001,0.8000000000017482,D11,Totale
FR,2023,C,1246723.01,sbs_ovw_act,,1,997378.408,0.8,D11,Totale
FR,2023,D,240147.65,sbs_ovw_act,,1,192118.12,0.8,D11,Totale
FR,2023,E,51799.85,sbs_ovw_act,,1,41439.88,0.7999999999999999,D11,Totale
FR,2023,F,405152.81,sbs_ovw_act,,1,324122.24799999996,0.7999999999999999,D11,Totale
FR,2023,G,1728653.37,sbs_ovw_act,,1,1382922.696,0.7999999999999999,D11,Totale
FR,2023,H,267396.26,sbs_ovw_act,,1,213917.008,0.7999999999999999,D11,Totale
FR,2023,I,135690.62,sbs_ovw_act,,1,108552.496,0.8,D11,Totale
FR,2023,J,269860.37,sbs_ovw_act,,1,215888.29599999002,0.7999999999999631,D11,Totale
FR,2023,L,94589.45,sbs_ovw_act,,1,75671.56,0.8,D11,Totale
FR,2023,M,242131.51,sbs_ovw_act,,1,193705.20799999998,0.7999999999999999,D11,Totale
FR,2023,N,188816.14,sbs_ovw_act,,1,151052.912,0.8,D11,Totale
IT,2021,B,8908.04,sbs_ovw_act,,1,6681.03,0.7499999999999999,D11,Totale
IT,2021,C,1072475.08,sbs_ovw_act,,1,804356.31,0.75,D11,Totale
IT,2021,D,272183.96,sbs_ovw_act,,1,204137.96999999997,0.7499999999999999,D11,Totale
IT,2021,E,47286.09,sbs_ovw_act,,1,35464.56750001,0.7500000000002116,D11,Totale
IT,2021,F,213951.1,sbs_ovw_act,,1,160463.32499999998,0.7499999999999999,D11,Totale
IT,2021,G,1082396.99,sbs_ovw_act,,1,811797.7424999999,0.75,D11,Totale
IT,2021,H,169799.44,sbs_ovw_act,,1,127349.57999999999,0.7499999999999999,D11,Totale
IT,2021,I,70156.19,sbs_ovw_act,,1,52617.14249999999,0.7499999999999998,D11,Totale
IT,2021,J,109947.94,sbs_ovw_act,,1,82460.955,0.75,D11,Totale
IT,2021,L,39993.97,sbs_ovw_act,,1,29995.4775,0.75,D11,Totale
IT,2021,M,136861.92,sbs_ovw_act,,1,102646.44,0.75,D11,Totale
IT,2021,N,97205.21,sbs_ovw_act,,1,72903.9075,0.75,D11,Totale
IT,2022,B,10520.95,sbs_ovw_act,,1,7890.712500000001,0.75,D11,Totale
IT,2022,C,1253780.15,sbs_ovw_act,,1,940335.1124999999,0.75,D11,Totale
IT,2022,D,530013.06,sbs_ovw_act,,1,397509.79500001,0.7500000000000188,D11,Totale
IT,2022,E,50699.35,sbs_ovw_act,,1,38024.5125,0.75,D11,Totale
IT,2022,F,266583.5,sbs_ovw_act,,1,199937.625,0.75,D11,Totale
IT,2022,G,1218689.37,sbs_ovw_act,,1,914017.0275,0.7499999999999999,D11,Totale
IT,2022,H,200710.81,sbs_ovw_act,,1,150533.10750001,0.7500000000000498,D11,Totale
IT,2022,I,100935.24,sbs_ovw_act,,1,75701.43,0.7499999999999999,D11,Totale
IT,2022,J,114016.94,sbs_ovw_act,,1,85512.705,0.75,D11,Totale
IT,2022,L,42715.9,sbs_ovw_act,,1,32036.92500001,0.750000000000234,D11,Totale
IT,2022,M,157750.8,sbs_ovw_act,,1,118313.09999999999,0.75,D11,Totale
IT,2022,N,116154.67,sbs_ovw_act,,1,87116.00249999999,0.7499999999999999,D11,Totale
IT,2023,B,8488.48,sbs_ovw_act,,1,6366.36,0.75,D11,Totale
IT,2023,C,1248591.65,sbs_ovw_act,,1,936443.7374999899,0.749999999999992,D11,Totale
IT,2023,D,293035.19,sbs_ovw_act,,1,219776.39250000002,0.75,D11,Totale
IT,2023,E,50874.99,sbs_ovw_act,,1,38156.2425,0.75,D11,Totale
IT,2023,F,305280.13,sbs_ovw_act,,1,228960.09749999,0.7499999999999672,D11,Totale
IT,2023,G,1258950.42,sbs_ovw_act,,1,944212.815,0.75,D11,Totale
IT,2023,H,209210.82,sbs_ovw_act,,1,156908.115,0.7499999999999999,D11,Totale
IT,2023,I,116807.27,sbs_ovw_act,,1,87605.4525,0.75,D11,Totale
IT,2023,J,121555.28,sbs_ovw_act,,1,91166.45999999999,0.7499999999999999,D11,Totale
IT,2023,L,44854.98,sbs_ovw_act,,1,33641.235,0.75,D11,Totale
IT,2023,M,174079.88,sbs_ovw_act,,1,130559.90999999999,0.7499999999999999,D11,Totale
IT,2023,N,125424.23,sbs_ovw_act,,1,94068.17249999,0.7499999999999203,D11,Totale
PL,2021,B,14025.88,sbs_ovw_act,,1,7714.2339999999995,0.55,D11,Totale
PL,2021,C,413181.15,sbs_ovw_act,,1,227249.63250001,0.5500000000000241,D11,Totale
PL,2021,D,66644.58,sbs_ovw_act,,1,36654.51899999999,0.5499999999999999,D11,Totale
PL,2021,E,13995.7,sbs_ovw_act,,1,7697.634999999999,0.5499999999999999,D11,Totale
PL,2021,F,103805.73,sbs_ovw_act,,1,57093.1515,0.55,D11,Totale
PL,2021,G,489430.16,sbs_ovw_act,,1,269186.588,0.55,D11,Totale
PL,2021,H,77679.86,sbs_ovw_act,,1,42723.922999999995,0.5499999999999999,D11,Totale
PL,2021,I,14064.28,sbs_ovw_act,,1,7735.353999999999,0.5499999999999999,D11,Totale
PL,2021,J,46636.38,sbs_ovw_act,,1,25650.009,0.55,D11,Totale
PL,2021,L,26334.1,sbs_ovw_act,,1,14483.755000009998,0.5500000000003797,D11,Totale
PL,2021,M,46076.54,sbs_ovw_act,,1,25342.096999999998,0.5499999999999999,D11,Totale
PL,2021,N,28285.92,sbs_ovw_act,,1,15557.256,0.55,D11,Totale
PL,2022,B,18463.68,sbs_ovw_act,,1,10155.024,0.5499999999999999,D11,Totale
PL,2022,C,516002.42,sbs_ovw_act,,1,283801.331,0.55,D11,Totale
PL,2022,D,102380.31,sbs_ovw_act,,1,56309.17049999999,0.5499999999999999,D11,Totale
PL,2022,E,14675.07,sbs_ovw_act,,1,8071.2885,0.5499999999999999,D11,Totale
PL,2022,F,117049.35,sbs_ovw_act,,1,64377.142499990005,0.5499999999999146,D11,Totale
PL,2022,G,580804.95,sbs_ovw_act,,1,319442.7225,0.55,D11,Totale
PL,2022,H,97505.1,sbs_ovw_act,,1,53627.805,0.5499999999999999,D11,Totale
PL,2022,I,19533.05,sbs_ovw_act,,1,10743.1775,0.55,D11,Totale
PL,2022,J,56434.38,sbs_ovw_act,,1,31038.909,0.55,D11,Totale
PL,2022,L,27359.23,sbs_ovw_act,,1,15047.5765,0.5499999999999999,D11,Totale
PL,2022,M,51583.58,sbs_ovw_act,,1,28370.968999999997,0.5499999999999999,D11,Totale
PL,2022,N,33269.19,sbs_ovw_act,,1,18298.05449999,0.5499999999996994,D11,Totale
PL,2023,B,19680.75,sbs_ovw_act,,1,10824.4125,0.55,D11,Totale
PL,2023,C,518953.13,sbs_ovw_act,,1,285424.22150001,0.5500000000000193,D11,Totale
PL,2023,D,136790.33,sbs_ovw_act,,1,75234.68149999,0.5499999999999269,D11,Totale
PL,2023,E,14741.8,sbs_ovw_act,,1,8107.99,0.55,D11,Totale
PL,2023,F,129382.7,sbs_ovw_act,,1,71160.485,0.55,D11,Totale
PL,2023,G,601191.87,sbs_ovw_act,,1,330655.52849999996,0.5499999999999999,D11,Totale
PL,2023,H,101249.49,sbs_ovw_act,,1,55687.2195,0.5499999999999999,D11,Totale
PL,2023,I,23263.65,sbs_ovw_act,,1,12795.0075,0.5499999999999999,D11,Totale
PL,2023,J,65267.45,sbs_ovw_act,,1,35897.097499999996,0.5499999999999999,D11,Totale
PL,2023,L,31311.48,sbs_ovw_act,,1,17221.314,0.5499999999999999,D11,Totale
PL,2023,M,57645.42,sbs_ovw_act,,1,31704.98099999,0.5499999999998265,D11,Totale
PL,2023,N,38727.17,sbs_ovw_act,,1,21299.9435,0.55,D11,Totale
DE,2005,B,13169.1,sbs_na_2a_mi,,1,7901.46,0.6,D11,Totale
DE,2006,B,14366.8,sbs_na_2a_mi,,1,8620.08,0.6,D11,Totale
DE,2007,B,14583.6,sbs_na_2a_mi,,1,8750.16,0.6,D11,Totale
EE,2005,B,186.8,sbs_na_2a_mi,,1,177.46,0.95,D11,Totale
EE,2006,B,208.8,sbs_na_2a_mi,,1,198.35999999999999,0.9499999999999998,D11,Totale
EE,2007,B,268.7,sbs_na_2a_mi,,1,255.265,0.95,D11,Totale
ES,2005,B,5153.8,sbs_na_2a_mi,,1,4380.73,0.8499999999999999,D11,Totale
ES,2006,B,5653.2,sbs_na_2a_mi,,1,4805.22,0.8500000000000001,D11,Totale
ES,2007,B,6128.4,sbs_na_2a_mi,,1,5209.139999999999,0.85,D11,Totale
FR,2005,B,9922.5,sbs_na_2a_mi,,1,7938.0,0.8,D11,Totale
FR,2006,B,10990.7,sbs_na_2a_mi,,1,8792.56,0.7999999999999999,D11,Totale
FR,2007,B,10935.5,sbs_na_2a_mi,,1,8748.4,0.7999999999999999,D11,Totale
GB,2005,B,64497.1,sbs_na_2a_mi,,1,45147.97,0.7000000000000001,D11,Totale
GB,2006,B,71375.1,sbs_na_2a_mi,,1,49962.56999999999,0.6999999999999998,D11,Totale
GB,2007,B,72583.3,sbs_na_2a_mi,,1,50808.31,0.7,D11,Totale
IT,2005,B,64994.4,sbs_na_2a_mi,,1,48745.799999999996,0.7499999999999999,D11,Totale
IT,2006,B,58647.1,sbs_na_2a_mi,,1,43985.325,0.75,D11,Totale
IT,2007,B,53674.8,sbs_na_2a_mi,,1,40256.1,0.7499999999999999,D11,Totale
PL,2005,B,8476.7,sbs_na_2a_mi,,1,4662.1849999999995,0.5499999999999999,D11,Totale
PL,2006,B,9676.8,sbs_na_2a_mi,,1,5322.24,0.55,D11,Totale
PL,2007,B,10354.7,sbs_na_2a_mi,,1,5695.085,0.5499999999999999,D11,Totale
DE,2005,C,1636306.1,sbs_na_2a_dade,,1,981783.6599999999,0.5999999999999999,D11,Totale
DE,2006,C,1767561.0,sbs_na_2a_dade,,1,1060536.5999999999,0.5999999999999999,D11,Totale
DE,2007,C,1878517.3,sbs_na_2a_dade,,1,1127110.3800000001,0.6000000000000001,D11,Totale
EE,2005,C,6350.2,sbs_na_2a_dade,,1,6032.69,0.95,D11,Totale
EE,2006,C,7442.1,sbs_na_2a_dade,,1,7069.995,0.95,D11,Totale
EE,2007,C,8567.6,sbs_na_2a_dade,,1,8139.22,0.95,D11,Totale
ES,2005,C,486556.0,sbs_na_2a_dade,,1,413572.60000001,0.8500000000000205,D11,Totale
ES,2006,C,528507.7,sbs_na_2a_dade,,1,449231.545,0.8500000000000001,D11,Totale
ES,2007,C,565297.8,sbs_na_2a_dade,,1,480503.12999999995,0.8499999999999999,D11,Totale
FR,2005,C,945692.0,sbs_na_2a_dade,,1,756553.6000000001,0.8,D11,Totale
FR,2006,C,950035.9,sbs_na_2a_dade,,1,760028.72,0.7999999999999999,D11,Totale
FR,2007,C,980418.5,sbs_na_2a_dade,,1,784334.7999999999,0.7999999999999999,D11,Totale
GB,2005,C,682555.0,sbs_na_2a_dade,,1,477788.5,0.7,D11,Totale
GB,2006,C,710251.0,sbs_na_2a_dade,,1,497175.7,0.7000000000000001,D11,Totale
GB,2007,C,737160.8,sbs_na_2a_dade,,1,516012.56000000995,0.7000000000000135,D11,Totale
IT,2005,C,863788.1,sbs_na_2a_dade,,1,647841.07500001,0.7500000000000115,D11,Totale
IT,2006,C,931346.5,sbs_na_2a_dade,,1,698509.875,0.75,D11,Totale
IT,2007,C,1001151.9,sbs_na_2a_dade,,1,750863.9249999999,0.7499999999999999,D11,Totale
PL,2005,C,167546.9,sbs_na_2a_dade,,1,92150.795,0.55,D11,Totale
PL,2006,C,196701.5,sbs_na_2a_dade,,1,108185.82499999998,0.5499999999999999,D11,Totale
PL,2007,C,232015.0,sbs_na_2a_dade,,1,127608.24999999999,0.5499999999999999,D11,Totale
DE,2005,D,225394.6,sbs_na_2a_el,,1,135236.75999999998,0.5999999999999999,D11,Totale
DE,2006,D,267616.7,sbs_na_2a_el,,1,160570.02000000002,0.6000000000000001,D11,Totale
DE,2007,D,298905.5,sbs_na_2a_el,,1,179343.3,0.6,D11,Totale
EE,2005,D,1131.6,sbs_na_2a_el,,1,1075.02,0.9500000000000001,D11,Totale
EE,2006,D,1197.1,sbs_na_2a_el,,1,1137.245,0.95,D11,Totale
EE,2007,D,1446.8,sbs_na_2a_el,,1,1374.46,0.9500000000000001,D11,Totale
ES,2005,D,53250.9,sbs_na_2a_el,,1,45263.265,0.85,D11,Totale
ES,2006,D,59177.4,sbs_na_2a_el,,1,50300.78999999999,0.8499999999999999,D11,Totale
ES,2007,D,60051.2,sbs_na_2a_el,,1,51043.52,0.85,D11,Totale
FR,2005,D,75967.7,sbs_na_2a_el,,1,60774.159999999996,0.7999999999999999,D11,Totale
FR,2006,D,84328.7,sbs_na_2a_el,,1,67462.95999999999,0.7999999999999999,D11,Totale
FR,2007,D,96359.6,sbs_na_2a_el,,1,77087.68,0.7999999999999999,D11,Totale
GB,2005,D,90673.6,sbs_na_2a_el,,1,63471.52,0.7,D11,Totale
GB,2006,D,108213.7,sbs_na_2a_el,,1,75749.59,0.7,D11,Totale
GB,2007,D,114522.6,sbs_na_2a_el,,1,80165.81999999999,0.6999999999999998,D11,Totale
IT,2005,D,115773.9,sbs_na_2a_el,,1,86830.42499999999,0.7499999999999999,D11,Totale
IT,2006,D,142465.9,sbs_na_2a_el,,1,106849.425,0.75,D11,Totale
IT,2007,D,128559.0,sbs_na_2a_el,,1,96419.24999999999,0.7499999999999999,D11,Totale
PL,2005,D,29379.1,sbs_na_2a_el,,1,16158.505,0.55,D11,Totale
PL,2006,D,32935.7,sbs_na_2a_el,,1,18114.635,0.55,D11,Totale
PL,2007,D,35655.0,sbs_na_2a_el,,1,19610.25,0.55,D11,Totale
DE,2005,F,137347.1,sbs_na_4a_co,,1,82408.26,0.6,D11,Totale
DE,2006,F,153240.9,sbs_na_4a_co,,1,91944.54,0.6,D11,Totale
DE,2007,F,143848.1,sbs_na_4a_co,,1,86308.86,0.6,D11,Totale
EE,2005,F,2667.0,sbs_na_4a_co,,1,2533.6499999999996,0.9499999999999998,D11,Totale
EE,2006,F,3552.0,sbs_na_4a_co,,1,3374.4,0.9500000000000001,D11,Totale
EE,2007,F,4551.7,sbs_na_4a_co,,1,4324.115,0.95,D11,Totale
ES,2005,F,255999.3,sbs_na_4a_co,,1,217599.40499999997,0.8499999999999999,D11,Totale
ES,2006,F,294594.0,sbs_na_4a_co,,1,250404.9,0.85,D11,Totale
ES,2007,F,304644.5,sbs_na_4a_co,,1,258947.82499999998,0.85,D11,Totale
FR,2005,F,178905.7,sbs_na_4a_co,,1,143124.56,0.7999999999999999,D11,Totale
FR,2006,F,201340.6,sbs_na_4a_co,,1,161072.48,0.8,D11,Totale
FR,2007,F,220501.5,sbs_na_4a_co,,1,176401.19999999998,0.7999999999999999,D11,Totale
GB,2005,F,244708.2,sbs_na_4a_co,,1,171295.74,0.7,D11,Totale
GB,2006,F,256676.1,sbs_na_4a_co,,1,179673.27,0.7,D11,Totale
GB,2007,F,286677.3,sbs_na_4a_co,,1,200674.11,0.7,D11,Totale
IT,2005,F,197200.5,sbs_na_4a_co,,1,147900.375,0.75,D11,Totale
IT,2006,F,223407.5,sbs_na_4a_co,,1,167555.62499999997,0.7499999999999999,D11,Totale
IT,2007,F,226289.8,sbs_na_4a_co,,1,169717.35,0.7500000000000001,D11,Totale
PL,2005,F,27077.9,sbs_na_4a_co,,1,14892.845,0.5499999999999999,D11,Totale
PL,2006,F,33965.2,sbs_na_4a_co,,1,18680.859999999997,0.5499999999999999,D11,Totale
PL,2007,F,44264.2,sbs_na_4a_co,p,1,24345.309999999998,0.5499999999999999,D11,Totale
DE,2005,G,1211167.2,sbs_na_3b_tr,,1,726700.32,0.6,D11,Totale
DE,2006,G,1352824.8,sbs_na_3b_tr,,1,811694.88,0.6,D11,Totale
DE,2007,G,1391840.1,sbs_na_3b_tr,,1,835104.0599999999,0.5999999999999999,D11,Totale
EE,2005,G,13426.5,sbs_na_3b_tr,,1,12755.175,0.95,D11,Totale
EE,2006,G,16449.8,sbs_na_3b_tr,,1,15627.31,0.95,D11,Totale
EE,2007,G,19245.0,sbs_na_3b_tr,,1,18282.75,0.95,D11,Totale
ES,2005,G,678445.8,sbs_na_3b_tr,,1,576678.9299999999,0.8499999999999999,D11,Totale
ES,2006,G,722510.2,sbs_na_3b_tr,,1,614133.67,0.8500000000000001,D11,Totale
ES,2007,G,772150.9,sbs_na_3b_tr,,1,656328.2649999999,0.8499999999999999,D11,Totale
FR,2005,G,1140173.2,sbs_na_3b_tr,,1,912138.5599999999,0.7999999999999999,D11,Totale
FR,2006,G,1187996.6,sbs_na_3b_tr,,1,950397.28,0.7999999999999999,D11,Totale
FR,2007,G,1267126.7,sbs_na_3b_tr,,1,1013701.3599999999,0.7999999999999999,D11,Totale
GB,2005,G,1358367.4,sbs_na_3b_tr,,1,950857.1799999999,0.7,D11,Totale
GB,2006,G,1453666.5,sbs_na_3b_tr,,1,1017566.5499999999,0.7,D11,Totale
GB,2007,G,1543141.9,sbs_na_3b_tr,,1,1080199.33,0.7000000000000001,D11,Totale
IT,2005,G,865101.6,sbs_na_3b_tr,,1,648826.2000000001,0.7500000000000001,D11,Totale
IT,2006,G,918802.0,sbs_na_3b_tr,,1,689101.5,0.75,D11,Totale
IT,2007,G,930216.2,sbs_na_3b_tr,,1,697662.15,0.7500000000000001,D11,Totale
PL,2005,G,211552.7,sbs_na_3b_tr,,1,116353.98499999999,0.5499999999999999,D11,Totale
PL,2006,G,239261.7,sbs_na_3b_tr,,1,131593.935,0.5499999999999999,D11,Totale
PL,2007,G,278779.9,sbs_na_3b_tr,p,1,153328.94499999998,0.5499999999999998,D11,Totale
DE,2005,H,277466.6,sbs_na_1a_se,,1,166479.96,0.6,D11,Totale
DE,2005,I,43158.0,sbs_na_1a_se,,1,25894.8,0.6,D11,Totale
DE,2005,L,389697.3,sbs_na_1a_se,,1,233818.37999999998,0.6,D11,Totale
DE,2006,H,293925.3,sbs_na_1a_se,,1,176355.18,0.6,D11,Totale
DE,2006,I,48988.6,sbs_na_1a_se,,1,29393.16,0.6,D11,Totale
DE,2006,L,424381.6,sbs_na_1a_se,,1,254628.96,0.6,D11,Totale
DE,2007,H,312625.2,sbs_na_1a_se,,1,187575.12,0.6,D11,Totale
DE,2007,I,51340.4,sbs_na_1a_se,,1,30804.239999999998,0.6,D11,Totale
DE,2007,L,451432.7,sbs_na_1a_se,,1,270859.62,0.6,D11,Totale
EE,2005,H,3905.4,sbs_na_1a_se,,1,3710.13,0.95,D11,Totale
EE,2005,I,368.2,sbs_na_1a_se,,1,349.78999999999996,0.95,D11,Totale
EE,2005,L,2092.1,sbs_na_1a_se,,1,1987.495,0.95,D11,Totale
EE,2006,H,4423.2,sbs_na_1a_se,,1,4202.04,0.9500000000000001,D11,Totale
EE,2006,I,434.3,sbs_na_1a_se,,1,412.585,0.95,D11,Totale
EE,2006,L,2484.0,sbs_na_1a_se,,1,2359.7999999999997,0.9499999999999998,D11,Totale
EE,2007,H,5156.9,sbs_na_1a_se,,1,4899.055,0.9500000000000002,D11,Totale
EE,2007,I,512.0,sbs_na_1a_se,,1,486.4,0.95,D11,Totale
EE,2007,L,3167.1,sbs_na_1a_se,,1,3008.745,0.95,D11,Totale
ES,2005,H,138179.4,sbs_na_1a_se,,1,117452.48999999999,0.85,D11,Totale
ES,2005,I,53836.6,sbs_na_1a_se,,1,45761.10999999999,0.8499999999999999,D11,Totale
ES,2005,L,208710.2,sbs_na_1a_se,,1,177403.66999999998,0.8499999999999999,D11,Totale
ES,2006,H,150344.0,sbs_na_1a_se,,1,127792.4,0.85,D11,Totale
ES,2006,I,58406.2,sbs_na_1a_se,,1,49645.270000000004,0.8500000000000001,D11,Totale
ES,2006,L,233982.6,sbs_na_1a_se,,1,198885.21,0.85,D11,Totale
ES,2007,H,160944.6,sbs_na_1a_se,,1,136802.91,0.85,D11,Totale
ES,2007,I,61854.5,sbs_na_1a_se,,1,52576.325,0.85,D11,Totale
ES,2007,L,256757.1,sbs_na_1a_se,,1,218243.53499999997,0.8499999999999999,D11,Totale
FR,2005,H,230359.5,sbs_na_1a_se,,1,184287.59999999998,0.7999999999999999,D11,Totale
FR,2005,I,62857.3,sbs_na_1a_se,,1,50285.84,0.7999999999999999,D11,Totale
FR,2005,L,416021.6,sbs_na_1a_se,,1,332817.27999999997,0.7999999999999999,D11,Totale
FR,2006,H,237853.8,sbs_na_1a_se,,1,190283.04,0.8,D11,Totale
FR,2006,I,66493.0,sbs_na_1a_se,,1,53194.4,0.8,D11,Totale
FR,2006,L,458647.0,sbs_na_1a_se,,1,366917.6,0.7999999999999999,D11,Totale
FR,2007,H,244621.6,sbs_na_1a_se,,1,195697.28,0.7999999999999999,D11,Totale
FR,2007,I,70124.9,sbs_na_1a_se,,1,56099.92,0.8,D11,Totale
FR,2007,L,488145.5,sbs_na_1a_se,,1,390516.39999999997,0.7999999999999999,D11,Totale
GB,2005,H,311564.0,sbs_na_1a_se,,1,218094.8,0.7,D11,Totale
GB,2005,I,90293.9,sbs_na_1a_se,,1,63205.729999999996,0.7,D11,Totale
GB,2005,L,493850.3,sbs_na_1a_se,,1,345695.20999999996,0.7,D11,Totale
GB,2006,H,322520.9,sbs_na_1a_se,,1,225764.62999999998,0.6999999999999998,D11,Totale
GB,2006,I,94308.7,sbs_na_1a_se,,1,66016.09,0.7,D11,Totale
GB,2006,L,530749.9,sbs_na_1a_se,,1,371524.93,0.7,D11,Totale
GB,2007,H,335371.0,sbs_na_1a_se,,1,234759.69999999998,0.7,D11,Totale
GB,2007,I,95762.7,sbs_na_1a_se,,1,67033.89,0.7000000000000001,D11,Totale
GB,2007,L,591736.0,sbs_na_1a_se,,1,414215.2,0.7000000000000001,D11,Totale
IT,2005,H,189047.0,sbs_na_1a_se,,1,141785.25,0.75,D11,Totale
IT,2005,I,51643.7,sbs_na_1a_se,,1,38732.774999999994,0.7499999999999999,D11,Totale
IT,2005,L,226051.4,sbs_na_1a_se,,1,169538.55,0.75,D11,Totale
IT,2006,H,201377.6,sbs_na_1a_se,,1,151033.19999999998,0.7499999999999999,D11,Totale
IT,2006,I,60364.4,sbs_na_1a_se,,1,45273.299999999996,0.7499999999999999,D11,Totale
IT,2006,L,237074.5,sbs_na_1a_se,,1,177805.875,0.75,D11,Totale
IT,2007,H,205712.0,sbs_na_1a_se,,1,154283.99999999997,0.7499999999999999,D11,Totale
IT,2007,I,65369.2,sbs_na_1a_se,,1,49026.9,0.7500000000000001,D11,Totale
IT,2007,L,253888.1,sbs_na_1a_se,,1,190416.07499999998,0.7499999999999999,D11,Totale
PL,2005,H,34593.2,sbs_na_1a_se,,1,19026.26,0.55,D11,Totale
PL,2005,I,3945.3,sbs_na_1a_se,,1,2169.915,0.5499999999999999,D11,Totale
PL,2005,L,31898.8,sbs_na_1a_se,,1,17544.34,0.55,D11,Totale
PL,2006,H,40508.2,sbs_na_1a_se,,1,22279.51,0.55,D11,Totale
PL,2006,I,4504.2,sbs_na_1a_se,,1,2477.31,0.55,D11,Totale
PL,2006,L,37549.7,sbs_na_1a_se,,1,20652.335,0.55,D11,Totale
PL,2007,H,46846.9,sbs_na_1a_se,p,1,25765.795,0.5499999999999999,D11,Totale
PL,2007,I,5525.8,sbs_na_1a_se,p,1,3039.19,0.55,D11,Totale
PL,2007,L,45290.5,sbs_na_1a_se,p,1,24909.774999999998,0.5499999999999999,D11,Totale
DE,2008,C,1871922.8,sbs_na_sca_r2,,1,1123153.68,0.6,D21,Totale
DE,2009,C,1548371.0,sbs_na_sca_r2,,1,929022.6000000001,0.6000000000000001,D21,Totale
DE,2010,C,1750129.2,sbs_na_sca_r2,,1,1050077.52,0.6,D21,Totale
DE,2019,C,2393428.7,sbs_na_sca_r2,,1,1436057.22,0.6,D21,Totale
DE,2020,C,2206951.5,sbs_na_sca_r2,,1,1324170.9,0.6,D21,Totale
EE,2008,C,8433.0,sbs_na_sca_r2,,1,8011.349999999999,0.95,D21,Totale
EE,2009,C,6211.0,sbs_na_sca_r2,,1,5900.45,0.95,D21,Totale
EE,2010,C,7860.7,sbs_na_sca_r2,,1,7467.664999999999,0.95,D21,Totale
EE,2019,C,13781.2,sbs_na_sca_r2,,1,13092.14,0.95,D21,Totale
EE,2020,C,13326.8,sbs_na_sca_r2,,1,12660.46,0.95,D21,Totale
ES,2008,C,540695.8,sbs_na_sca_r2,,1,459591.43000000995,0.8500000000000183,D21,Totale
ES,2009,C,420049.0,sbs_na_sca_r2,,1,357041.64999999997,0.8499999999999999,D21,Totale
ES,2010,C,446956.7,sbs_na_sca_r2,,1,379913.19499999,0.8499999999999776,D21,Totale
ES,2019,C,560854.9,sbs_na_sca_r2,,1,476726.665,0.85,D21,Totale
ES,2020,C,497125.6,sbs_na_sca_r2,,1,422556.76,0.8500000000000001,D21,Totale
FR,2008,C,942385.2,sbs_na_sca_r2,,1,753908.1599999999,0.7999999999999999,D21,Totale
FR,2009,C,804526.4,sbs_na_sca_r2,,1,643621.12,0.7999999999999999,D21,Totale
FR,2010,C,848176.4,sbs_na_sca_r2,,1,678541.1199999999,0.7999999999999998,D21,Totale
FR,2019,C,1068591.1,sbs_na_sca_r2,,1,854872.88,0.7999999999999999,D21,Totale
FR,2020,C,938506.8,sbs_na_sca_r2,,1,750805.4400000001,0.8,D21,Totale
GB,2008,C,631314.8,sbs_na_sca_r2,,1,441920.3599999999,0.6999999999999998,D21,Totale
GB,2009,C,503419.9,sbs_na_sca_r2,,1,352393.93,0.7,D21,Totale
GB,2010,C,564082.8,sbs_na_sca_r2,,1,394857.96,0.7,D21,Totale
IT,2008,C,978130.1,sbs_na_sca_r2,d,1,733597.575,0.75,D21,Totale
IT,2009,C,783449.5,sbs_na_sca_r2,,1,587587.125,0.75,D21,Totale
IT,2010,C,871108.5,sbs_na_sca_r2,,1,653331.3749999999,0.7499999999999999,D21,Totale
IT,2019,C,996809.8,sbs_na_sca_r2,,1,747607.35,0.7499999999999999,D21,Totale
IT,2020,C,872918.0,sbs_na_sca_r2,,1,654688.5,0.75,D21,Totale
PL,2008,C,251419.9,sbs_na_sca_r2,,1,138280.94499999998,0.5499999999999999,D21,Totale
PL,2009,C,197141.6,sbs_na_sca_r2,,1,108427.88,0.55,D21,Totale
PL,2010,C,235725.7,sbs_na_sca_r2,,1,129649.135,0.5499999999999999,D21,Totale
PL,2019,C,372321.7,sbs_na_sca_r2,,1,204776.935,0.5499999999999999,D21,Totale
PL,2020,C,353821.1,sbs_na_sca_r2,,1,194601.60499999998,0.5499999999999999,D21,Totale
DE,2021,C,2448147.39,sbs_ovw_act,,1,1468888.4340000001,0.6,D21,Totale
DE,2022,C,2842707.99,sbs_ovw_act,,1,1705624.794,0.6,D21,Totale
DE,2023,C,2892454.8,sbs_ovw_act,,1,1735472.8800000001,0.6000000000000001,D21,Totale
EE,2021,C,16058.09,sbs_ovw_act,,1,15255.1855,0.95,D21,Totale
EE,2022,C,19016.54,sbs_ovw_act,,1,18065.713,0.95,D21,Totale
EE,2023,C,17662.3,sbs_ovw_act,,1,16779.185,0.9500000000000001,D21,Totale
ES,2021,C,588190.29,sbs_ovw_act,,1,499961.74649999995,0.8499999999999999,D21,Totale
ES,2022,C,707728.72,sbs_ovw_act,,1,601569.412,0.8500000000000001,D21,Totale
ES,2023,C,695856.81,sbs_ovw_act,,1,591478.2885,0.85,D21,Totale
FR,2021,C,1042774.52,sbs_ovw_act,b,1,834219.6159999999,0.7999999999999999,D21,Totale
FR,2022,C,1199239.26,sbs_ovw_act,,1,959391.408,0.8,D21,Totale
FR,2023,C,1246723.01,sbs_ovw_act,,1,997378.408,0.8,D21,Totale
IT,2021,C,1072475.08,sbs_ovw_act,,1,804356.31,0.75,D21,Totale
IT,2022,C,1253780.15,sbs_ovw_act,,1,940335.1124999999,0.75,D21,Totale
IT,2023,C,1248591.65,sbs_ovw_act,,1,936443.7374999899,0.749999999999992,D21,Totale
PL,2021,C,413181.15,sbs_ovw_act,,1,227249.63250001,0.5500000000000241,D21,Totale
PL,2022,C,516002.42,sbs_ovw_act,,1,283801.331,0.55,D21,Totale
PL,2023,C,518953.13,sbs_ovw_act,,1,285424.22150001,0.5500000000000193,D21,Totale
DE,2005,C,1636306.1,sbs_na_2a_dade,,1,981783.6599999999,0.5999999999999999,D21,Totale
DE,2006,C,1767561.0,sbs_na_2a_dade,,1,1060536.5999999999,0.5999999999999999,D21,Totale
DE,2007,C,1878517.3,sbs_na_2a_dade,,1,1127110.3800000001,0.6000000000000001,D21,Totale
EE,2005,C,6350.2,sbs_na_2a_dade,,1,6032.69,0.95,D21,Totale
EE,2006,C,7442.1,sbs_na_2a_dade,,1,7069.995,0.95,D21,Totale
EE,2007,C,8567.6,sbs_na_2a_dade,,1,8139.22,0.95,D21,Totale
ES,2005,C,486556.0,sbs_na_2a_dade,,1,413572.60000001,0.8500000000000205,D21,Totale
ES,2006,C,528507.7,sbs_na_2a_dade,,1,449231.545,0.8500000000000001,D21,Totale
ES,2007,C,565297.8,sbs_na_2a_dade,,1,480503.12999999995,0.8499999999999999,D21,Totale
FR,2005,C,945692.0,sbs_na_2a_dade,,1,756553.6000000001,0.8,D21,Totale
FR,2006,C,950035.9,sbs_na_2a_dade,,1,760028.72,0.7999999999999999,D21,Totale
FR,2007,C,980418.5,sbs_na_2a_dade,,1,784334.7999999999,0.7999999999999999,D21,Totale
GB,2005,C,682555.0,sbs_na_2a_dade,,1,477788.5,0.7,D21,Totale
GB,2006,C,710251.0,sbs_na_2a_dade,,1,497175.7,0.7000000000000001,D21,Totale
GB,2007,C,737160.8,sbs_na_2a_dade,,1,516012.56000000995,0.7000000000000135,D21,Totale
IT,2005,C,863788.1,sbs_na_2a_dade,,1,647841.07500001,0.7500000000000115,D21,Totale
IT,2006,C,931346.5,sbs_na_2a_dade,,1,698509.875,0.75,D21,Totale
IT,2007,C,1001151.9,sbs_na_2a_dade,,1,750863.9249999999,0.7499999999999999,D21,Totale
PL,2005,C,167546.9,sbs_na_2a_dade,,1,92150.795,0.55,D21,Totale
PL,2006,C,196701.5,sbs_na_2a_dade,,1,108185.82499999998,0.5499999999999999,D21,Totale
PL,2007,C,232015.0,sbs_na_2a_dade,,1,127608.24999999999,0.5499999999999999,D21,Totale
DE,2008,C,1871922.8,sbs_na_sca_r2,,1,673892.208,0.36,D22,TFP
DE,2009,C,1548371.0,sbs_na_sca_r2,,1,557413.5599999999,0.36,D22,TFP
DE,2010,C,1750129.2,sbs_na_sca_r2,,1,630046.512,0.36,D22,TFP
DE,2019,C,2393428.7,sbs_na_sca_r2,,1,861634.3319999999,0.35999999999999993,D22,TFP
DE,2020,C,2206951.5,sbs_na_sca_r2,,1,794502.5399999999,0.36,D22,TFP
EE,2008,C,8433.0,sbs_na_sca_r2,,1,4806.81,0.5700000000000001,D22,TFP
EE,2009,C,6211.0,sbs_na_sca_r2,,1,3540.27,0.57,D22,TFP
EE,2010,C,7860.7,sbs_na_sca_r2,,1,4480.599,0.5700000000000001,D22,TFP
EE,2019,C,13781.2,sbs_na_sca_r2,,1,7855.283999999999,0.5699999999999998,D22,TFP
EE,2020,C,13326.8,sbs_na_sca_r2,,1,7596.276,0.5700000000000001,D22,TFP
ES,2008,C,540695.8,sbs_na_sca_r2,,1,275754.858,0.51,D22,TFP
ES,2009,C,420049.0,sbs_na_sca_r2,,1,214224.99,0.51,D22,TFP
ES,2010,C,446956.7,sbs_na_sca_r2,,1,227947.91699999,0.5099999999999776,D22,TFP
ES,2019,C,560854.9,sbs_na_sca_r2,,1,286035.999,0.51,D22,TFP
ES,2020,C,497125.6,sbs_na_sca_r2,,1,253534.05599999995,0.5099999999999999,D22,TFP
FR,2008,C,942385.2,sbs_na_sca_r2,,1,452344.896,0.48000000000000004,D22,TFP
FR,2009,C,804526.4,sbs_na_sca_r2,,1,386172.67199999996,0.4799999999999999,D22,TFP
FR,2010,C,848176.4,sbs_na_sca_r2,,1,407124.67199999996,0.4799999999999999,D22,TFP
FR,2019,C,1068591.1,sbs_na_sca_r2,,1,512923.72799999994,0.4799999999999999,D22,TFP
FR,2020,C,938506.8,sbs_na_sca_r2,,1,450483.26399999997,0.4799999999999999,D22,TFP
GB,2008,C,631314.8,sbs_na_sca_r2,,1,265152.216,0.42,D22,TFP
GB,2009,C,503419.9,sbs_na_sca_r2,,1,211436.358,0.42,D22,TFP
GB,2010,C,564082.8,sbs_na_sca_r2,,1,236914.776,0.42,D22,TFP
IT,2008,C,978130.1,sbs_na_sca_r2,d,1,440158.545,0.45,D22,TFP
IT,2009,C,783449.5,sbs_na_sca_r2,,1,352552.27499999997,0.44999999999999996,D22,TFP
IT,2010,C,871108.5,sbs_na_sca_r2,,1,391998.825,0.45,D22,TFP
IT,2019,C,996809.8,sbs_na_sca_r2,,1,448564.41,0.44999999999999996,D22,TFP
IT,2020,C,872918.0,sbs_na_sca_r2,,1,392813.1,0.44999999999999996,D22,TFP
PL,2008,C,251419.9,sbs_na_sca_r2,,1,82968.567,0.33,D22,TFP
PL,2009,C,197141.6,sbs_na_sca_r2,,1,65056.727999999996,0.32999999999999996,D22,TFP
PL,2010,C,235725.7,sbs_na_sca_r2,,1,77789.481,0.32999999999999996,D22,TFP
PL,2019,C,372321.7,sbs_na_sca_r2,,1,122866.16100000001,0.33,D22,TFP
PL,2020,C,353821.1,sbs_na_sca_r2,,1,116760.96299999999,0.33,D22,TFP
DE,2021,C,2448147.39,sbs_ovw_act,,1,881333.06039999,0.3599999999999959,D22,TFP
DE,2022,C,2842707.99,sbs_ovw_act,,1,1023374.8764,0.35999999999999993,D22,TFP
DE,2023,C,2892454.8,sbs_ovw_act,,1,1041283.7279999999,0.36,D22,TFP
EE,2021,C,16058.09,sbs_ovw_act,,1,9153.11129999,0.5699999999993772,D22,TFP
EE,2022,C,19016.54,sbs_ovw_act,,1,10839.4278,0.57,D22,TFP
EE,2023,C,17662.3,sbs_ovw_act,,1,10067.51099999,0.5699999999994338,D22,TFP
ES,2021,C,588190.29,sbs_ovw_act,,1,299977.0479,0.51,D22,TFP
ES,2022,C,707728.72,sbs_ovw_act,,1,360941.6472,0.51,D22,TFP
ES,2023,C,695856.81,sbs_ovw_act,,1,354886.9731,0.51,D22,TFP
FR,2021,C,1042774.52,sbs_ovw_act,b,1,500531.7696,0.48,D22,TFP
FR,2022,C,1199239.26,sbs_ovw_act,,1,575634.84479999,0.4799999999999916,D22,TFP
FR,2023,C,1246723.01,sbs_ovw_act,,1,598427.04479999,0.479999999999992,D22,TFP
IT,2021,C,1072475.08,sbs_ovw_act,,1,482613.78599999996,0.44999999999999996,D22,TFP
IT,2022,C,1253780.15,sbs_ovw_act,,1,564201.0675,0.45,D22,TFP
IT,2023,C,1248591.65,sbs_ovw_act,,1,561866.2424999999,0.44999999999999996,D22,TFP
PL,2021,C,413181.15,sbs_ovw_act,,1,136349.7795,0.33,D22,TFP
PL,2022,C,516002.42,sbs_ovw_act,,1,170280.79860001,0.3300000000000194,D22,TFP
PL,2023,C,518953.13,sbs_ovw_act,,1,171254.53289998998,0.3299999999999807,D22,TFP
DE,2005,C,1636306.1,sbs_na_2a_dade,,1,589070.19599999,0.3599999999999939,D22,TFP
DE,2006,C,1767561.0,sbs_na_2a_dade,,1,636321.96,0.36,D22,TFP
DE,2007,C,1878517.3,sbs_na_2a_dade,,1,676266.228,0.36,D22,TFP
EE,2005,C,6350.2,sbs_na_2a_dade,,1,3619.614,0.5700000000000001,D22,TFP
EE,2006,C,7442.1,sbs_na_2a_dade,,1,4241.996999999999,0.5699999999999998,D22,TFP
EE,2007,C,8567.6,sbs_na_2a_dade,,1,4883.532,0.57,D22,TFP
ES,2005,C,486556.0,sbs_na_2a_dade,,1,248143.56,0.51,D22,TFP
ES,2006,C,528507.7,sbs_na_2a_dade,,1,269538.92699999997,0.51,D22,TFP
ES,2007,C,565297.8,sbs_na_2a_dade,,1,288301.878,0.51,D22,TFP
FR,2005,C,945692.0,sbs_na_2a_dade,,1,453932.16,0.48,D22,TFP
FR,2006,C,950035.9,sbs_na_2a_dade,,1,456017.23199999996,0.4799999999999999,D22,TFP
FR,2007,C,980418.5,sbs_na_2a_dade,,1,470600.88,0.48,D22,TFP
GB,2005,C,682555.0,sbs_na_2a_dade,,1,286673.1,0.42,D22,TFP
GB,2006,C,710251.0,sbs_na_2a_dade,,1,298305.42,0.42,D22,TFP
GB,2007,C,737160.8,sbs_na_2a_dade,,1,309607.53599999996,0.41999999999999993,D22,TFP
IT,2005,C,863788.1,sbs_na_2a_dade,,1,388704.64499999,0.44999999999998846,D22,TFP
IT,2006,C,931346.5,sbs_na_2a_dade,,1,419105.925,0.45,D22,TFP
IT,2007,C,1001151.9,sbs_na_2a_dade,,1,450518.355,0.44999999999999996,D22,TFP
PL,2005,C,167546.9,sbs_na_2a_dade,,1,55290.477,0.33,D22,TFP
PL,2006,C,196701.5,sbs_na_2a_dade,,1,64911.494999999995,0.32999999999999996,D22,TFP
PL,2007,C,232015.0,sbs_na_2a_dade,,1,76564.95,0.32999999999999996,D22,TFP
DE,2008,C,7102691.0,sbs_na_sca_r2,,1,3906480.05,0.5499999999999999,D23,Totale
DE,2009,C,6699492.0,sbs_na_sca_r2,,1,3684720.6,0.55,D23,Totale
DE,2010,C,6923521.0,sbs_na_sca_r2,,1,3807936.55,0.5499999999999999,D23,Totale
DE,2019,C,8236201.0,sbs_na_sca_r2,,1,4529910.55,0.5499999999999999,D23,Totale
DE,2020,C,7884526.0,sbs_na_sca_r2,,1,4336489.3,0.5499999999999999,D23,Totale
EE,2008,C,120923.0,sbs_na_sca_r2,,1,108830.7,0.9,D23,Totale
EE,2009,C,98804.0,sbs_na_sca_r2,,1,88923.59999999999,0.8999999999999999,D23,Totale
EE,2010,C,95831.0,sbs_na_sca_r2,,1,86247.9,0.8999999999999999,D23,Totale
EE,2019,C,110886.0,sbs_na_sca_r2,,1,99797.4,0.8999999999999999,D23,Totale
EE,2020,C,107567.0,sbs_na_sca_r2,,1,96810.3,0.9,D23,Totale
ES,2008,C,2408411.0,sbs_na_sca_r2,,1,1926728.8,0.8,D23,Totale
ES,2009,C,2094438.0,sbs_na_sca_r2,,1,1675550.4000000001,0.8,D23,Totale
ES,2010,C,2014531.0,sbs_na_sca_r2,,1,1611624.8,0.8,D23,Totale
ES,2019,C,2064593.0,sbs_na_sca_r2,,1,1651674.4001,0.8000000000484356,D23,Totale
ES,2020,C,2044599.0,sbs_na_sca_r2,,1,1635679.2,0.7999999999999999,D23,Totale
FR,2010,C,3104982.0,sbs_na_sca_r2,,1,1862989.2,0.6,D23,Totale
FR,2019,C,3135562.0,sbs_na_sca_r2,,1,1881337.2,0.6,D23,Totale
FR,2020,C,3180403.0,sbs_na_sca_r2,,1,1908241.7999999998,0.6,D23,Totale
GB,2008,C,2795170.0,sbs_na_sca_r2,,1,1733005.4,0.62,D23,Totale
GB,2009,C,2580565.0,sbs_na_sca_r2,,1,1599950.3,0.62,D23,Totale
GB,2010,C,2534102.0,sbs_na_sca_r2,,1,1571143.24,0.62,D23,Totale
IT,2008,C,4407247.0,sbs_na_sca_r2,d,1,2864710.5500000003,0.65,D23,Totale
IT,2009,C,4168732.0,sbs_na_sca_r2,,1,2709675.8,0.6499999999999999,D23,Totale
IT,2010,C,4003067.0,sbs_na_sca_r2,,1,2601993.55,0.6499999999999999,D23,Totale
IT,2019,C,3808549.0,sbs_na_sca_r2,,1,2475556.85,0.65,D23,Totale
IT,2020,C,3745463.0,sbs_na_sca_r2,,1,2434550.95,0.65,D23,Totale
PL,2008,C,2560853.0,sbs_na_sca_r2,,1,1280426.5,0.5,D23,Totale
PL,2009,C,2437262.0,sbs_na_sca_r2,,1,1218631.0,0.5,D23,Totale
PL,2010,C,2404489.0,sbs_na_sca_r2,,1,1202244.5,0.5,D23,Totale
PL,2019,C,2903418.0,sbs_na_sca_r2,,1,1451709.0,0.5,D23,Totale
PL,2020,C,2841776.0,sbs_na_sca_r2,,1,1420888.0,0.5,D23,Totale
DE,2021,C,7981170.0,sbs_ovw_act,,1,4389643.5,0.55,D23,Totale
DE,2022,C,8041604.0,sbs_ovw_act,,1,4422882.2,0.55,D23,Totale
DE,2023,C,8161765.0,sbs_ovw_act,,1,4488970.75,0.55,D23,Totale
EE,2021,C,111609.0,sbs_ovw_act,,1,100448.09999999999,0.8999999999999999,D23,Totale
EE,2022,C,113168.0,sbs_ovw_act,,1,101851.2,0.9,D23,Totale
EE,2023,C,108980.0,sbs_ovw_act,,1,98082.0,0.9,D23,Totale
ES,2021,C,2117679.0,sbs_ovw_act,,1,1694143.1999000001,0.7999999999527786,D23,Totale
ES,2022,C,2120300.0,sbs_ovw_act,,1,1696240.0,0.8,D23,Totale
ES,2023,C,2144778.0,sbs_ovw_act,,1,1715822.4,0.7999999999999999,D23,Totale
FR,2021,C,3145233.0,sbs_ovw_act,b,1,1887139.8001,0.6000000000317942,D23,Totale
FR,2022,C,3218663.0,sbs_ovw_act,,1,1931197.8,0.6,D23,Totale
FR,2023,C,3260700.0,sbs_ovw_act,,1,1956420.0,0.6,D23,Totale
IT,2021,C,3793380.0,sbs_ovw_act,,1,2465697.0,0.65,D23,Totale
IT,2022,C,3850934.0,sbs_ovw_act,,1,2503107.1,0.65,D23,Totale
IT,2023,C,3917564.0,sbs_ovw_act,,1,2546416.6,0.65,D23,Totale
PL,2021,C,2895382.0,sbs_ovw_act,,1,1447691.0000000002,0.5000000000000001,D23,Totale
PL,2022,C,2909397.0,sbs_ovw_act,,1,1454698.5,0.5,D23,Totale
PL,2023,C,2881122.0,sbs_ovw_act,,1,1440561.0,0.5,D23,Totale
DE,2005,C,7171468.0,sbs_na_2a_dade,,1,3944307.4,0.5499999999999999,D23,Totale
DE,2006,C,7108858.0,sbs_na_2a_dade,,1,3909871.9,0.5499999999999999,D23,Totale
DE,2007,C,7243522.0,sbs_na_2a_dade,,1,3983937.1,0.55,D23,Totale
EE,2005,C,130943.0,sbs_na_2a_dade,,1,117848.7,0.9,D23,Totale
EE,2006,C,132236.0,sbs_na_2a_dade,,1,119012.40000000001,0.9,D23,Totale
EE,2007,C,131903.0,sbs_na_2a_dade,,1,118712.70000000001,0.9000000000000001,D23,Totale
ES,2005,C,2599254.0,sbs_na_2a_dade,,1,2079403.2,0.7999999999999999,D23,Totale
ES,2006,C,2589588.0,sbs_na_2a_dade,,1,2071670.4,0.7999999999999999,D23,Totale
ES,2007,C,2545358.0,sbs_na_2a_dade,,1,2036286.4,0.7999999999999999,D23,Totale
FR,2005,C,3737182.0,sbs_na_2a_dade,,1,2242309.1999999997,0.6,D23,Totale
FR,2006,C,3657504.0,sbs_na_2a_dade,,1,2194502.4,0.6,D23,Totale
FR,2007,C,3600991.0,sbs_na_2a_dade,,1,2160594.6,0.6,D23,Totale
GB,2005,C,3245636.0,sbs_na_2a_dade,,1,2012294.3199,0.6199999999691894,D23,Totale
GB,2006,C,3141176.0,sbs_na_2a_dade,,1,1947529.1199999999,0.62,D23,Totale
GB,2007,C,3072211.0,sbs_na_2a_dade,,1,1904770.82,0.62,D23,Totale
IT,2005,C,4610345.0,sbs_na_2a_dade,,1,2996724.25,0.65,D23,Totale
IT,2006,C,4576771.0,sbs_na_2a_dade,,1,2974901.15,0.65,D23,Totale
IT,2007,C,4603649.0,sbs_na_2a_dade,,1,2992371.85,0.65,D23,Totale
PL,2005,C,2473495.0,sbs_na_2a_dade,,1,1236747.5,0.5,D23,Totale
PL,2006,C,2590854.0,sbs_na_2a_dade,,1,1295427.0,0.5,D23,Totale
PL,2007,C,2703514.0,sbs_na_2a_dade,,1,1351757.0,0.5,D23,Totale
DE,2008,C,7102691.0,sbs_na_sca_r2,,1,2343888.03,0.32999999999999996,D24,TFP
DE,2009,C,6699492.0,sbs_na_sca_r2,,1,2210832.36,0.32999999999999996,D24,TFP
DE,2010,C,6923521.0,sbs_na_sca_r2,,1,2284761.9299999997,0.32999999999999996,D24,TFP
DE,2019,C,8236201.0,sbs_na_sca_r2,,1,2717946.33,0.33,D24,TFP
DE,2020,C,7884526.0,sbs_na_sca_r2,,1,2601893.5799000002,0.32999999998731694,D24,TFP
EE,2008,C,120923.0,sbs_na_sca_r2,,1,65298.42,0.54,D24,TFP
EE,2009,C,98804.0,sbs_na_sca_r2,,1,53354.159999999996,0.5399999999999999,D24,TFP
EE,2010,C,95831.0,sbs_na_sca_r2,,1,51748.74,0.5399999999999999,D24,TFP
EE,2019,C,110886.0,sbs_na_sca_r2,,1,59878.439999999995,0.5399999999999999,D24,TFP
EE,2020,C,107567.0,sbs_na_sca_r2,,1,58086.18,0.54,D24,TFP
ES,2008,C,2408411.0,sbs_na_sca_r2,,1,1156037.28,0.48000000000000004,D24,TFP
ES,2009,C,2094438.0,sbs_na_sca_r2,,1,1005330.24,0.48,D24,TFP
ES,2010,C,2014531.0,sbs_na_sca_r2,,1,966974.88,0.48,D24,TFP
ES,2019,C,2064593.0,sbs_na_sca_r2,,1,991004.64,0.48,D24,TFP
ES,2020,C,2044599.0,sbs_na_sca_r2,,1,981407.5201000001,0.48000000004890936,D24,TFP
FR,2010,C,3104982.0,sbs_na_sca_r2,,1,1117793.52,0.36,D24,TFP
FR,2019,C,3135562.0,sbs_na_sca_r2,,1,1128802.3199,0.3599999999681078,D24,TFP
FR,2020,C,3180403.0,sbs_na_sca_r2,,1,1144945.08,0.36000000000000004,D24,TFP
GB,2008,C,2795170.0,sbs_na_sca_r2,,1,1039803.24,0.372,D24,TFP
GB,2009,C,2580565.0,sbs_na_sca_r2,,1,959970.18,0.372,D24,TFP
GB,2010,C,2534102.0,sbs_na_sca_r2,,1,942685.9441,0.3720000000394617,D24,TFP
IT,2008,C,4407247.0,sbs_na_sca_r2,d,1,1718826.3299999998,0.38999999999999996,D24,TFP
IT,2009,C,4168732.0,sbs_na_sca_r2,,1,1625805.48,0.39,D24,TFP
IT,2010,C,4003067.0,sbs_na_sca_r2,,1,1561196.1300000001,0.39,D24,TFP
IT,2019,C,3808549.0,sbs_na_sca_r2,,1,1485334.11,0.39,D24,TFP
IT,2020,C,3745463.0,sbs_na_sca_r2,,1,1460730.57,0.39,D24,TFP
PL,2008,C,2560853.0,sbs_na_sca_r2,,1,768255.9,0.3,D24,TFP
PL,2009,C,2437262.0,sbs_na_sca_r2,,1,731178.6,0.3,D24,TFP
PL,2010,C,2404489.0,sbs_na_sca_r2,,1,721346.7,0.3,D24,TFP
PL,2019,C,2903418.0,sbs_na_sca_r2,,1,871025.4,0.3,D24,TFP
PL,2020,C,2841776.0,sbs_na_sca_r2,,1,852532.7999999999,0.3,D24,TFP
DE,2021,C,7981170.0,sbs_ovw_act,,1,2633786.1001000004,0.33000000001252955,D24,TFP
DE,2022,C,8041604.0,sbs_ovw_act,,1,2653729.3200000003,0.33,D24,TFP
DE,2023,C,8161765.0,sbs_ovw_act,,1,2693382.45,0.33,D24,TFP
EE,2021,C,111609.0,sbs_ovw_act,,1,60268.86,0.54,D24,TFP
EE,2022,C,113168.0,sbs_ovw_act,,1,61110.72,0.54,D24,TFP
EE,2023,C,108980.0,sbs_ovw_act,,1,58849.2,0.5399999999999999,D24,TFP
ES,2021,C,2117679.0,sbs_ovw_act,,1,1016485.9199999999,0.48,D24,TFP
ES,2022,C,2120300.0,sbs_ovw_act,,1,1017744.0,0.48,D24,TFP
ES,2023,C,2144778.0,sbs_ovw_act,,1,1029493.4401,0.48000000004662485,D24,TFP
FR,2021,C,3145233.0,sbs_ovw_act,b,1,1132283.8800000001,0.36000000000000004,D24,TFP
FR,2022,C,3218663.0,sbs_ovw_act,,1,1158718.6800000002,0.36000000000000004,D24,TFP
FR,2023,C,3260700.0,sbs_ovw_act,,1,1173851.9999,0.35999999996933174,D24,TFP
IT,2021,C,3793380.0,sbs_ovw_act,,1,1479418.2000000002,0.39000000000000007,D24,TFP
IT,2022,C,3850934.0,sbs_ovw_act,,1,1501864.26,0.39,D24,TFP
IT,2023,C,3917564.0,sbs_ovw_act,,1,1527849.96,0.39,D24,TFP
PL,2021,C,2895382.0,sbs_ovw_act,,1,868614.6,0.3,D24,TFP
PL,2022,C,2909397.0,sbs_ovw_act,,1,872819.1,0.3,D24,TFP
PL,2023,C,2881122.0,sbs_ovw_act,,1,864336.6,0.3,D24,TFP
DE,2005,C,7171468.0,sbs_na_2a_dade,,1,2366584.44,0.33,D24,TFP
DE,2006,C,7108858.0,sbs_na_2a_dade,,1,2345923.14,0.33,D24,TFP
DE,2007,C,7243522.0,sbs_na_2a_dade,,1,2390362.26,0.32999999999999996,D24,TFP
EE,2005,C,130943.0,sbs_na_2a_dade,,1,70709.22,0.54,D24,TFP
EE,2006,C,132236.0,sbs_na_2a_dade,,1,71407.44,0.54,D24,TFP
EE,2007,C,131903.0,sbs_na_2a_dade,,1,71227.62,0.5399999999999999,D24,TFP
ES,2005,C,2599254.0,sbs_na_2a_dade,,1,1247641.92,0.48,D24,TFP
ES,2006,C,2589588.0,sbs_na_2a_dade,,1,1243002.24,0.48,D24,TFP
ES,2007,C,2545358.0,sbs_na_2a_dade,,1,1221771.8399,0.4799999999607128,D24,TFP
FR,2005,C,3737182.0,sbs_na_2a_dade,,1,1345385.52,0.36,D24,TFP
FR,2006,C,3657504.0,sbs_na_2a_dade,,1,1316701.44,0.36,D24,TFP
FR,2007,C,3600991.0,sbs_na_2a_dade,,1,1296356.76,0.36,D24,TFP
GB,2005,C,3245636.0,sbs_na_2a_dade,,1,1207376.5919,0.3719999999691894,D24,TFP
GB,2006,C,3141176.0,sbs_na_2a_dade,,1,1168517.4719,0.3719999999681648,D24,TFP
GB,2007,C,3072211.0,sbs_na_2a_dade,,1,1142862.492,0.37200000000000005,D24,TFP
IT,2005,C,4610345.0,sbs_na_2a_dade,,1,1798034.55,0.39,D24,TFP
IT,2006,C,4576771.0,sbs_na_2a_dade,,1,1784940.69,0.39,D24,TFP
IT,2007,C,4603649.0,sbs_na_2a_dade,,1,1795423.1099999999,0.38999999999999996,D24,TFP
PL,2005,C,2473495.0,sbs_na_2a_dade,,1,742048.5,0.3,D24,TFP
PL,2006,C,2590854.0,sbs_na_2a_dade,,1,777256.2,0.3,D24,TFP
PL,2007,C,2703514.0,sbs_na_2a_dade,,1,811054.2,0.3,D24,TFP
DE,2021,B,1235.0,bd_size,,1,494.0,0.4,D31,Totale
DE,2021,C,159457.0,bd_size,,1,63782.8,0.4,D31,Totale
DE,2021,D,8188.0,bd_size,,1,3275.2,0.39999999999999997,D31,Totale
DE,2021,E,7746.0,bd_size,,1,3098.4,0.4,D31,Totale
DE,2021,F,260437.0,bd_size,,1,104174.8,0.4,D31,Totale
DE,2021,G,366498.0,bd_size,,1,146599.2,0.4,D31,Totale
DE,2021,H,77569.0,bd_size,,1,31027.6,0.39999999999999997,D31,Totale
DE,2021,I,185548.0,bd_size,,1,74219.2,0.39999999999999997,D31,Totale
DE,2021,J,64301.0,bd_size,,1,25720.399999999998,0.39999999999999997,D31,Totale
DE,2021,L,101601.0,bd_size,,1,40640.399999999994,0.39999999999999997,D31,Totale
DE,2021,M,223026.0,bd_size,,1,89210.40000000001,0.4,D31,Totale
DE,2021,N,141117.0,bd_size,,1,56446.799999999996,0.39999999999999997,D31,Totale
DE,2022,B,1217.0,bd_size,,1,486.8,0.4,D31,Totale
DE,2022,C,157246.0,bd_size,,1,62898.4,0.4,D31,Totale
DE,2022,D,8535.0,bd_size,,1,3414.0,0.4,D31,Totale
DE,2022,E,7655.0,bd_size,,1,3061.9999999999995,0.39999999999999997,D31,Totale
DE,2022,F,261371.0,bd_size,,1,104548.4,0.39999999999999997,D31,Totale
DE,2022,G,362105.0,bd_size,,1,144842.0,0.4,D31,Totale
DE,2022,H,76960.0,bd_size,,1,30784.0,0.4,D31,Totale
DE,2022,I,188153.0,bd_size,,1,75261.2,0.39999999999999997,D31,Totale
DE,2022,J,65138.0,bd_size,,1,26055.2,0.4,D31,Totale
DE,2022,L,98763.0,bd_size,,1,39505.200000000004,0.4,D31,Totale
DE,2022,M,221375.0,bd_size,,1,88550.0,0.4,D31,Totale
DE,2022,N,143659.0,bd_size,,1,57463.6,0.39999999999999997,D31,Totale
DE,2023,B,1194.0,bd_size,,1,477.6,0.4,D31,Totale
DE,2023,C,153586.0,bd_size,,1,61434.399999999994,0.39999999999999997,D31,Totale
DE,2023,D,8833.0,bd_size,,1,3533.2,0.39999999999999997,D31,Totale
DE,2023,E,7563.0,bd_size,,1,3025.2,0.39999999999999997,D31,Totale
DE,2023,F,260056.0,bd_size,,1,104022.40000000001,0.4,D31,Totale
DE,2023,G,352902.0,bd_size,,1,141160.7999,0.39999999971663525,D31,Totale
DE,2023,H,75735.0,bd_size,,1,30294.0,0.4,D31,Totale
DE,2023,I,187778.0,bd_size,,1,75111.2,0.39999999999999997,D31,Totale
DE,2023,J,65142.0,bd_size,,1,26056.8,0.39999999999999997,D31,Totale
DE,2023,L,97251.0,bd_size,,1,38900.4,0.4,D31,Totale
DE,2023,M,219267.0,bd_size,,1,87706.79999999999,0.39999999999999997,D31,Totale
DE,2023,N,145018.0,bd_size,,1,58007.2,0.39999999999999997,D31,Totale
EE,2021,B,128.0,bd_size,b,1,96.00009999999999,0.7500007812499999,D31,Totale
EE,2021,C,7143.0,bd_size,b,1,5357.2501,0.75000001399972,D31,Totale
EE,2021,D,228.0,bd_size,b,1,171.0,0.75,D31,Totale
EE,2021,E,238.0,bd_size,b,1,178.5,0.75,D31,Totale
EE,2021,F,11852.0,bd_size,b,1,8889.0,0.75,D31,Totale
EE,2021,G,13825.0,bd_size,b,1,10368.75,0.75,D31,Totale
EE,2021,H,5186.0,bd_size,b,1,3889.5,0.75,D31,Totale
EE,2021,I,3171.0,bd_size,b,1,2378.25,0.75,D31,Totale
EE,2021,J,6013.0,bd_size,b,1,4509.75,0.75,D31,Totale
EE,2021,L,4841.0,bd_size,b,1,3630.75,0.75,D31,Totale
EE,2021,M,12898.0,bd_size,b,1,9673.5,0.75,D31,Totale
EE,2021,N,4160.0,bd_size,b,1,3120.0,0.75,D31,Totale
EE,2022,B,127.0,bd_size,,1,95.25,0.75,D31,Totale
EE,2022,C,7316.0,bd_size,,1,5487.0,0.75,D31,Totale
EE,2022,D,257.0,bd_size,,1,192.7501,0.7500003891050584,D31,Totale
EE,2022,E,248.0,bd_size,,1,186.0,0.75,D31,Totale
EE,2022,F,13267.0,bd_size,,1,9950.25,0.75,D31,Totale
EE,2022,G,14937.0,bd_size,,1,11202.75,0.75,D31,Totale
EE,2022,H,5422.0,bd_size,,1,4066.4999,0.7499999815566212,D31,Totale
EE,2022,I,3263.0,bd_size,,1,2447.2499000000003,0.7499999693533559,D31,Totale
EE,2022,J,7169.0,bd_size,,1,5376.75,0.75,D31,Totale
EE,2022,L,5093.0,bd_size,,1,3819.75,0.75,D31,Totale
EE,2022,M,14029.0,bd_size,,1,10521.75,0.75,D31,Totale
EE,2022,N,4801.0,bd_size,,1,3600.7499,0.749999979171006,D31,Totale
EE,2023,B,122.0,bd_size,,1,91.5,0.75,D31,Totale
EE,2023,C,7206.0,bd_size,,1,5404.4999,0.7499999861226755,D31,Totale
EE,2023,D,218.0,bd_size,,1,163.5,0.75,D31,Totale
EE,2023,E,244.0,bd_size,,1,183.0,0.75,D31,Totale
EE,2023,F,13430.0,bd_size,,1,10072.5001,0.7500000074460164,D31,Totale
EE,2023,G,14338.0,bd_size,,1,10753.5,0.75,D31,Totale
EE,2023,H,5524.0,bd_size,,1,4142.9999,0.7499999818971759,D31,Totale
EE,2023,I,3320.0,bd_size,,1,2490.0,0.75,D31,Totale
EE,2023,J,7274.0,bd_size,,1,5455.5,0.75,D31,Totale
EE,2023,L,4951.0,bd_size,,1,3713.25,0.75,D31,Totale
EE,2023,M,14439.0,bd_size,,1,10829.250100000001,0.7500000069256875,D31,Totale
EE,2023,N,4771.0,bd_size,,1,3578.25,0.75,D31,Totale
ES,2021,B,1237.0,bd_size,b,1,556.65,0.44999999999999996,D31,Totale
ES,2021,C,118384.0,bd_size,b,1,53272.8,0.45,D31,Totale
ES,2021,D,2675.0,bd_size,b,1,1203.75,0.45,D31,Totale
ES,2021,E,5423.0,bd_size,b,1,2440.35,0.44999999999999996,D31,Totale
ES,2021,F,187597.0,bd_size,b,1,84418.6499,0.44999999946694247,D31,Totale
ES,2021,G,386400.0,bd_size,b,1,173880.0001,0.45000000025879916,D31,Totale
ES,2021,H,88551.0,bd_size,b,1,39847.950000000004,0.45000000000000007,D31,Totale
ES,2021,I,218319.0,bd_size,b,1,98243.5501,0.4500000004580453,D31,Totale
ES,2021,J,29887.0,bd_size,b,1,13449.150000000001,0.45000000000000007,D31,Totale
ES,2021,L,54217.0,bd_size,b,1,24397.649999999998,0.44999999999999996,D31,Totale
ES,2021,M,139507.0,bd_size,b,1,62778.15,0.45,D31,Totale
ES,2021,N,77051.0,bd_size,b,1,34672.950000000004,0.45000000000000007,D31,Totale
ES,2022,B,1215.0,bd_size,,1,546.75,0.45,D31,Totale
ES,2022,C,117287.0,bd_size,,1,52779.149900000004,0.44999999914739064,D31,Totale
ES,2022,D,2790.0,bd_size,,1,1255.5,0.45,D31,Totale
ES,2022,E,5473.0,bd_size,,1,2462.85,0.45,D31,Totale
ES,2022,F,193709.0,bd_size,,1,87169.05,0.45,D31,Totale
ES,2022,G,388495.0,bd_size,,1,174822.75,0.45,D31,Totale
ES,2022,H,89778.0,bd_size,,1,40400.100099999996,0.45000000111385857,D31,Totale
ES,2022,I,226206.0,bd_size,,1,101792.7,0.45,D31,Totale
ES,2022,J,31461.0,bd_size,,1,14157.449999999999,0.44999999999999996,D31,Totale
ES,2022,L,57079.0,bd_size,,1,25685.55,0.45,D31,Totale
ES,2022,M,142474.0,bd_size,,1,64113.3,0.45,D31,Totale
ES,2022,N,81058.0,bd_size,,1,36476.100000000006,0.45000000000000007,D31,Totale
ES,2023,B,1176.0,bd_size,,1,529.1999999999999,0.44999999999999996,D31,Totale
ES,2023,C,115496.0,bd_size,,1,51973.200000000004,0.45,D31,Totale
ES,2023,D,2953.0,bd_size,,1,1328.85,0.44999999999999996,D31,Totale
ES,2023,E,5575.0,bd_size,,1,2508.75,0.45,D31,Totale
ES,2023,F,196901.0,bd_size,,1,88605.4501,0.4500000005078694,D31,Totale
ES,2023,G,382467.0,bd_size,,1,172110.15,0.45,D31,Totale
ES,2023,H,91325.0,bd_size,,1,41096.25,0.45,D31,Totale
ES,2023,I,228548.0,bd_size,,1,102846.59999999999,0.44999999999999996,D31,Totale
ES,2023,J,31957.0,bd_size,,1,14380.650000000001,0.45000000000000007,D31,Totale
ES,2023,L,58915.0,bd_size,,1,26511.75,0.45,D31,Totale
ES,2023,M,143552.0,bd_size,,1,64598.4001,0.45000000069661167,D31,Totale
ES,2023,N,83254.0,bd_size,,1,37464.2999,0.4499999987988565,D31,Totale
FR,2021,B,707.0,bd_size,b,1,494.90000000000003,0.7000000000000001,D31,Totale
FR,2021,C,102930.0,bd_size,b,1,72051.0,0.7,D31,Totale
FR,2021,D,1696.0,bd_size,b,1,1187.2,0.7000000000000001,D31,Totale
FR,2021,E,4713.0,bd_size,b,1,3299.1,0.7,D31,Totale
FR,2021,F,238472.0,bd_size,b,1,166930.4,0.7,D31,Totale
FR,2021,G,307430.0,bd_size,b,1,215201.0,0.7,D31,Totale
FR,2021,H,46315.0,bd_size,b,1,32420.5,0.7,D31,Totale
FR,2021,I,177318.0,bd_size,b,1,124122.6,0.7000000000000001,D31,Totale
FR,2021,J,50144.0,bd_size,b,1,35100.8,0.7000000000000001,D31,Totale
FR,2021,L,37465.0,bd_size,b,1,26225.5,0.7,D31,Totale
FR,2021,M,142289.0,bd_size,b,1,99602.3,0.7000000000000001,D31,Totale
FR,2021,N,72188.0,bd_size,b,1,50531.6,0.7,D31,Totale
FR,2022,B,672.0,bd_size,b,1,470.40000000000003,0.7000000000000001,D31,Totale
FR,2022,C,104193.0,bd_size,b,1,72935.0999,0.6999999990402427,D31,Totale
FR,2022,D,1810.0,bd_size,b,1,1267.0,0.7,D31,Totale
FR,2022,E,4961.0,bd_size,b,1,3472.7000000000003,0.7000000000000001,D31,Totale
FR,2022,F,248988.0,bd_size,b,1,174291.6,0.7000000000000001,D31,Totale
FR,2022,G,315220.0,bd_size,b,1,220654.0,0.7,D31,Totale
FR,2022,H,48061.0,bd_size,b,1,33642.7,0.7,D31,Totale
FR,2022,I,186079.0,bd_size,b,1,130255.3,0.7000000000000001,D31,Totale
FR,2022,J,53508.0,bd_size,b,1,37455.6,0.7,D31,Totale
FR,2022,L,38973.0,bd_size,b,1,27281.100100000003,0.700000002565879,D31,Totale
FR,2022,M,149184.0,bd_size,b,1,104428.79999999999,0.7,D31,Totale
FR,2022,N,75826.0,bd_size,b,1,53078.2,0.7,D31,Totale
FR,2023,B,645.0,bd_size,,1,451.5,0.7,D31,Totale
FR,2023,C,102778.0,bd_size,,1,71944.5999,0.6999999990270291,D31,Totale
FR,2023,D,1990.0,bd_size,,1,1393.0,0.7,D31,Totale
FR,2023,E,5011.0,bd_size,,1,3507.7000000000003,0.7000000000000001,D31,Totale
FR,2023,F,248738.0,bd_size,,1,174116.59999999998,0.7,D31,Totale
FR,2023,G,312015.0,bd_size,,1,218410.5,0.7,D31,Totale
FR,2023,H,48270.0,bd_size,,1,33789.0001,0.7000000020716801,D31,Totale
FR,2023,I,185830.0,bd_size,,1,130080.99990000001,0.6999999994618739,D31,Totale
FR,2023,J,54998.0,bd_size,,1,38498.5999,0.6999999981817521,D31,Totale
FR,2023,L,39068.0,bd_size,,1,27347.599899999997,0.6999999974403603,D31,Totale
FR,2023,M,151161.0,bd_size,,1,105812.69989999999,0.6999999993384537,D31,Totale
FR,2023,N,77321.0,bd_size,,1,54124.7,0.7,D31,Totale
IT,2021,B,1222.0,bd_size,b,1,611.0,0.5,D31,Totale
IT,2021,C,217605.0,bd_size,b,1,108802.5001,0.5000000004595483,D31,Totale
IT,2021,D,2444.0,bd_size,b,1,1222.0,0.5,D31,Totale
IT,2021,E,7128.0,bd_size,b,1,3564.0,0.5,D31,Totale
IT,2021,F,197493.0,bd_size,b,1,98746.5,0.5,D31,Totale
IT,2021,G,371418.0,bd_size,b,1,185709.0,0.5,D31,Totale
IT,2021,H,54064.0,bd_size,b,1,27032.0,0.5,D31,Totale
IT,2021,I,230853.0,bd_size,b,1,115426.5,0.5,D31,Totale
IT,2021,J,39997.0,bd_size,b,1,19998.5,0.5,D31,Totale
IT,2021,L,30449.0,bd_size,b,1,15224.5,0.5,D31,Totale
IT,2021,M,112914.0,bd_size,b,1,56457.0,0.5,D31,Totale
IT,2021,N,63104.0,bd_size,b,1,31552.0,0.5,D31,Totale
IT,2022,B,1212.0,bd_size,,1,606.0,0.5,D31,Totale
IT,2022,C,216335.0,bd_size,,1,108167.5,0.5,D31,Totale
IT,2022,D,2445.0,bd_size,,1,1222.5,0.5,D31,Totale
IT,2022,E,7113.0,bd_size,,1,3556.5,0.5,D31,Totale
IT,2022,F,208225.0,bd_size,,1,104112.5,0.5,D31,Totale
IT,2022,G,370278.0,bd_size,,1,185139.0,0.5,D31,Totale
IT,2022,H,54457.0,bd_size,,1,27228.5,0.5,D31,Totale
IT,2022,I,234179.0,bd_size,,1,117089.5,0.5,D31,Totale
IT,2022,J,40598.0,bd_size,,1,20299.0,0.5,D31,Totale
IT,2022,L,30983.0,bd_size,,1,15491.5,0.5,D31,Totale
IT,2022,M,114823.0,bd_size,,1,57411.5,0.5,D31,Totale
IT,2022,N,63617.0,bd_size,,1,31808.5,0.5,D31,Totale
IT,2023,B,1148.0,bd_size,,1,573.9999,0.4999999128919861,D31,Totale
IT,2023,C,212194.0,bd_size,,1,106096.9999,0.49999999952873314,D31,Totale
IT,2023,D,2403.0,bd_size,,1,1201.5,0.5,D31,Totale
IT,2023,E,7145.0,bd_size,,1,3572.5,0.5,D31,Totale
IT,2023,F,209006.0,bd_size,,1,104503.0,0.5,D31,Totale
IT,2023,G,364433.0,bd_size,,1,182216.5,0.5,D31,Totale
IT,2023,H,54460.0,bd_size,,1,27229.999900000003,0.49999999816379,D31,Totale
IT,2023,I,234492.0,bd_size,,1,117246.0,0.5,D31,Totale
IT,2023,J,40110.0,bd_size,,1,20055.0,0.5,D31,Totale
IT,2023,L,31297.0,bd_size,,1,15648.5,0.5,D31,Totale
IT,2023,M,114975.0,bd_size,,1,57487.5,0.5,D31,Totale
IT,2023,N,63435.0,bd_size,,1,31717.5,0.5,D31,Totale
PL,2021,B,1478.0,bd_size,,1,295.6,0.2,D31,Totale
PL,2021,C,105553.0,bd_size,,1,21110.6,0.19999999999999998,D31,Totale
PL,2021,D,2404.0,bd_size,,1,480.8,0.2,D31,Totale
PL,2021,E,4862.0,bd_size,,1,972.4000000000001,0.2,D31,Totale
PL,2021,F,136788.0,bd_size,,1,27357.6,0.19999999999999998,D31,Totale
PL,2021,G,232905.0,bd_size,,1,46581.0,0.2,D31,Totale
PL,2021,H,66090.0,bd_size,,1,13218.0,0.2,D31,Totale
PL,2021,I,40512.0,bd_size,,1,8102.400000000001,0.2,D31,Totale
PL,2021,J,23825.0,bd_size,,1,4765.0,0.2,D31,Totale
PL,2021,L,24384.0,bd_size,,1,4876.799999999999,0.19999999999999998,D31,Totale
PL,2021,M,82524.0,bd_size,,1,16504.8001,0.2000000012117687,D31,Totale
PL,2021,N,30371.0,bd_size,,1,6074.1999,0.19999999670738533,D31,Totale
PL,2022,B,1441.0,bd_size,,1,288.1999,0.1999999306037474,D31,Totale
PL,2022,C,105359.0,bd_size,,1,21071.799899999998,0.19999999905086416,D31,Totale
PL,2022,D,2434.0,bd_size,,1,486.8,0.2,D31,Totale
PL,2022,E,4931.0,bd_size,,1,986.2001,0.2000000202798621,D31,Totale
PL,2022,F,140577.0,bd_size,,1,28115.4,0.2,D31,Totale
PL,2022,G,230031.0,bd_size,,1,46006.2,0.19999999999999998,D31,Totale
PL,2022,H,66815.0,bd_size,,1,13363.0,0.2,D31,Totale
PL,2022,I,41110.0,bd_size,,1,8222.0,0.2,D31,Totale
PL,2022,J,24091.0,bd_size,,1,4818.200000000001,0.20000000000000004,D31,Totale
PL,2022,L,24937.0,bd_size,,1,4987.400000000001,0.2,D31,Totale
PL,2022,M,81875.0,bd_size,,1,16375.0,0.2,D31,Totale
PL,2022,N,30941.0,bd_size,,1,6188.2,0.19999999999999998,D31,Totale
PL,2023,B,1377.0,bd_size,,1,275.40000000000003,0.2,D31,Totale
PL,2023,C,103425.0,bd_size,,1,20685.0,0.2,D31,Totale
PL,2023,D,2686.0,bd_size,,1,537.1999,0.19999996276991808,D31,Totale
PL,2023,E,4965.0,bd_size,,1,993.0,0.2,D31,Totale
PL,2023,F,138721.0,bd_size,,1,27744.200100000002,0.2000000007208714,D31,Totale
PL,2023,G,224206.0,bd_size,,1,44841.2,0.19999999999999998,D31,Totale
PL,2023,H,66255.0,bd_size,,1,13251.0,0.2,D31,Totale
PL,2023,I,39727.0,bd_size,,1,7945.4,0.19999999999999998,D31,Totale
PL,2023,J,23671.0,bd_size,,1,4734.2,0.19999999999999998,D31,Totale
PL,2023,L,25458.0,bd_size,,1,5091.6,0.2,D31,Totale
PL,2023,M,81280.0,bd_size,,1,16256.0,0.2,D31,Totale
PL,2023,N,31467.0,bd_size,,1,6293.4,0.19999999999999998,D31,Totale
DE,2008,B,1680.0,bd_9bd_sz_cl_r2,,1,672.0,0.4,D31,Totale
DE,2008,C,181033.0,bd_9bd_sz_cl_r2,,1,72413.2,0.39999999999999997,D31,Totale
DE,2008,D,3381.0,bd_9bd_sz_cl_r2,,1,1352.4,0.4,D31,Totale
DE,2008,E,8729.0,bd_9bd_sz_cl_r2,,1,3491.6,0.39999999999999997,D31,Totale
DE,2008,F,211257.0,bd_9bd_sz_cl_r2,,1,84502.8,0.4,D31,Totale
DE,2008,G,355468.0,bd_9bd_sz_cl_r2,,1,142187.2,0.4,D31,Totale
DE,2008,H,71370.0,bd_9bd_sz_cl_r2,,1,28548.0,0.4,D31,Totale
DE,2008,I,128915.0,bd_9bd_sz_cl_r2,,1,51566.0001,0.4000000007757049,D31,Totale
DE,2008,J,47762.0,bd_9bd_sz_cl_r2,,1,19104.8,0.39999999999999997,D31,Totale
DE,2008,L,49844.0,bd_9bd_sz_cl_r2,,1,19937.6,0.39999999999999997,D31,Totale
DE,2008,M,184591.0,bd_9bd_sz_cl_r2,,1,73836.4001,0.40000000054173823,D31,Totale
DE,2008,N,84605.0,bd_9bd_sz_cl_r2,,1,33842.0,0.4,D31,Totale
DE,2009,B,1689.0,bd_9bd_sz_cl_r2,,1,675.6001,0.4000000592066311,D31,Totale
DE,2009,C,177889.0,bd_9bd_sz_cl_r2,,1,71155.6,0.4,D31,Totale
DE,2009,D,3678.0,bd_9bd_sz_cl_r2,,1,1471.2,0.4,D31,Totale
DE,2009,E,8485.0,bd_9bd_sz_cl_r2,,1,3394.0,0.4,D31,Totale
DE,2009,F,212732.0,bd_9bd_sz_cl_r2,,1,85092.8,0.4,D31,Totale
DE,2009,G,350567.0,bd_9bd_sz_cl_r2,,1,140226.80000000002,0.4,D31,Totale
DE,2009,H,70988.0,bd_9bd_sz_cl_r2,,1,28395.2,0.4,D31,Totale
DE,2009,I,130860.0,bd_9bd_sz_cl_r2,,1,52344.0,0.4,D31,Totale
DE,2009,J,47268.0,bd_9bd_sz_cl_r2,,1,18907.2,0.4,D31,Totale
DE,2009,L,49669.0,bd_9bd_sz_cl_r2,,1,19867.6,0.39999999999999997,D31,Totale
DE,2009,M,184521.0,bd_9bd_sz_cl_r2,,1,73808.4001,0.40000000054194373,D31,Totale
DE,2009,N,87247.0,bd_9bd_sz_cl_r2,,1,34898.8,0.4,D31,Totale
DE,2010,B,1618.0,bd_9bd_sz_cl_r2,,1,647.2,0.4,D31,Totale
DE,2010,C,175225.0,bd_9bd_sz_cl_r2,,1,70090.0,0.4,D31,Totale
DE,2010,D,4146.0,bd_9bd_sz_cl_r2,,1,1658.4,0.4,D31,Totale
DE,2010,E,8400.0,bd_9bd_sz_cl_r2,,1,3360.0,0.4,D31,Totale
DE,2010,F,214443.0,bd_9bd_sz_cl_r2,,1,85777.2,0.39999999999999997,D31,Totale
DE,2010,G,350731.0,bd_9bd_sz_cl_r2,,1,140292.4,0.39999999999999997,D31,Totale
DE,2010,H,71687.0,bd_9bd_sz_cl_r2,,1,28674.8,0.39999999999999997,D31,Totale
DE,2010,I,131350.0,bd_9bd_sz_cl_r2,,1,52540.0,0.4,D31,Totale
DE,2010,J,48089.0,bd_9bd_sz_cl_r2,,1,19235.5999,0.3999999979205224,D31,Totale
DE,2010,L,50969.0,bd_9bd_sz_cl_r2,,1,20387.6,0.39999999999999997,D31,Totale
DE,2010,M,187664.0,bd_9bd_sz_cl_r2,,1,75065.6,0.4,D31,Totale
DE,2010,N,90525.0,bd_9bd_sz_cl_r2,,1,36210.0,0.4,D31,Totale
DE,2019,B,1269.0,bd_9bd_sz_cl_r2,,1,507.6,0.4,D31,Totale
DE,2019,C,165064.0,bd_9bd_sz_cl_r2,,1,66025.5999,0.3999999993941744,D31,Totale
DE,2019,D,7748.0,bd_9bd_sz_cl_r2,,1,3099.2001,0.4000000129065565,D31,Totale
DE,2019,E,7834.0,bd_9bd_sz_cl_r2,,1,3133.6,0.39999999999999997,D31,Totale
DE,2019,F,256896.0,bd_9bd_sz_cl_r2,,1,102758.4001,0.4000000003892626,D31,Totale
DE,2019,G,378884.0,bd_9bd_sz_cl_r2,,1,151553.59999999998,0.3999999999999999,D31,Totale
DE,2019,H,80760.0,bd_9bd_sz_cl_r2,,1,32304.0,0.4,D31,Totale
DE,2019,I,194738.0,bd_9bd_sz_cl_r2,,1,77895.1999,0.39999999948648957,D31,Totale
DE,2019,J,61386.0,bd_9bd_sz_cl_r2,,1,24554.4001,0.40000000162903593,D31,Totale
DE,2019,L,85201.0,bd_9bd_sz_cl_r2,,1,34080.4,0.4,D31,Totale
DE,2019,M,223924.0,bd_9bd_sz_cl_r2,,1,89569.5999,0.3999999995534199,D31,Totale
DE,2019,N,137496.0,bd_9bd_sz_cl_r2,,1,54998.399999999994,0.39999999999999997,D31,Totale
DE,2020,B,1257.0,bd_9bd_sz_cl_r2,,1,502.8001,0.4000000795544948,D31,Totale
DE,2020,C,161875.0,bd_9bd_sz_cl_r2,,1,64750.0,0.4,D31,Totale
DE,2020,D,7947.0,bd_9bd_sz_cl_r2,,1,3178.8,0.4,D31,Totale
DE,2020,E,7733.0,bd_9bd_sz_cl_r2,,1,3093.2,0.39999999999999997,D31,Totale
DE,2020,F,256966.0,bd_9bd_sz_cl_r2,,1,102786.40000000001,0.4,D31,Totale
DE,2020,G,370756.0,bd_9bd_sz_cl_r2,,1,148302.40000000002,0.4000000000000001,D31,Totale
DE,2020,H,78660.0,bd_9bd_sz_cl_r2,,1,31463.999900000003,0.39999999872870584,D31,Totale
DE,2020,I,189408.0,bd_9bd_sz_cl_r2,,1,75763.20000000001,0.4000000000000001,D31,Totale
DE,2020,J,62249.0,bd_9bd_sz_cl_r2,,1,24899.6,0.39999999999999997,D31,Totale
DE,2020,L,98409.0,bd_9bd_sz_cl_r2,,1,39363.6,0.39999999999999997,D31,Totale
DE,2020,M,222957.0,bd_9bd_sz_cl_r2,,1,89182.79999999999,0.39999999999999997,D31,Totale
DE,2020,N,138529.0,bd_9bd_sz_cl_r2,,1,55411.6,0.39999999999999997,D31,Totale
EE,2008,B,89.0,bd_9bd_sz_cl_r2,,1,66.75,0.75,D31,Totale
EE,2008,C,5282.0,bd_9bd_sz_cl_r2,,1,3961.5,0.75,D31,Totale
EE,2008,D,164.0,bd_9bd_sz_cl_r2,,1,123.0,0.75,D31,Totale
EE,2008,E,214.0,bd_9bd_sz_cl_r2,,1,160.5,0.75,D31,Totale
EE,2008,F,7126.0,bd_9bd_sz_cl_r2,,1,5344.5,0.75,D31,Totale
EE,2008,G,11824.0,bd_9bd_sz_cl_r2,,1,8868.0,0.75,D31,Totale
EE,2008,H,3603.0,bd_9bd_sz_cl_r2,,1,2702.25,0.75,D31,Totale
EE,2008,I,1763.0,bd_9bd_sz_cl_r2,,1,1322.25,0.75,D31,Totale
EE,2008,J,1575.0,bd_9bd_sz_cl_r2,,1,1181.25,0.75,D31,Totale
EE,2008,L,2689.0,bd_9bd_sz_cl_r2,,1,2016.75,0.75,D31,Totale
EE,2008,M,5896.0,bd_9bd_sz_cl_r2,,1,4422.0,0.75,D31,Totale
EE,2008,N,2097.0,bd_9bd_sz_cl_r2,,1,1572.7499,0.7499999523128279,D31,Totale
EE,2009,B,91.0,bd_9bd_sz_cl_r2,,1,68.25,0.75,D31,Totale
EE,2009,C,5070.0,bd_9bd_sz_cl_r2,,1,3802.5000999999997,0.7500000197238659,D31,Totale
EE,2009,D,155.0,bd_9bd_sz_cl_r2,,1,116.24990000000001,0.7499993548387097,D31,Totale
EE,2009,E,216.0,bd_9bd_sz_cl_r2,,1,162.0,0.75,D31,Totale
EE,2009,F,6492.0,bd_9bd_sz_cl_r2,,1,4869.0,0.75,D31,Totale
EE,2009,G,11061.0,bd_9bd_sz_cl_r2,,1,8295.75,0.75,D31,Totale
EE,2009,H,3514.0,bd_9bd_sz_cl_r2,,1,2635.4999,0.7499999715424017,D31,Totale
EE,2009,I,1759.0,bd_9bd_sz_cl_r2,,1,1319.2501000000002,0.7500000568504833,D31,Totale
EE,2009,J,1555.0,bd_9bd_sz_cl_r2,,1,1166.25,0.75,D31,Totale
EE,2009,L,2526.0,bd_9bd_sz_cl_r2,,1,1894.5,0.75,D31,Totale
EE,2009,M,5919.0,bd_9bd_sz_cl_r2,,1,4439.2501,0.7500000168947457,D31,Totale
EE,2009,N,2136.0,bd_9bd_sz_cl_r2,,1,1602.0,0.75,D31,Totale
EE,2010,B,113.0,bd_9bd_sz_cl_r2,,1,84.75,0.75,D31,Totale
EE,2010,C,4856.0,bd_9bd_sz_cl_r2,,1,3642.0,0.75,D31,Totale
EE,2010,D,168.0,bd_9bd_sz_cl_r2,,1,126.0,0.75,D31,Totale
EE,2010,E,247.0,bd_9bd_sz_cl_r2,,1,185.25,0.75,D31,Totale
EE,2010,F,5804.0,bd_9bd_sz_cl_r2,,1,4352.9999,0.7499999827705031,D31,Totale
EE,2010,G,9846.0,bd_9bd_sz_cl_r2,,1,7384.5,0.75,D31,Totale
EE,2010,H,3375.0,bd_9bd_sz_cl_r2,,1,2531.25,0.75,D31,Totale
EE,2010,I,1851.0,bd_9bd_sz_cl_r2,,1,1388.25,0.75,D31,Totale
EE,2010,J,1758.0,bd_9bd_sz_cl_r2,,1,1318.5,0.75,D31,Totale
EE,2010,L,2493.0,bd_9bd_sz_cl_r2,,1,1869.75,0.75,D31,Totale
EE,2010,M,5782.0,bd_9bd_sz_cl_r2,,1,4336.5,0.75,D31,Totale
EE,2010,N,2500.0,bd_9bd_sz_cl_r2,,1,1875.0,0.75,D31,Totale
EE,2019,B,116.0,bd_9bd_sz_cl_r2,,1,87.0,0.75,D31,Totale
EE,2019,C,6519.0,bd_9bd_sz_cl_r2,,1,4889.249999999999,0.7499999999999999,D31,Totale
EE,2019,D,150.0,bd_9bd_sz_cl_r2,,1,112.5,0.75,D31,Totale
EE,2019,E,245.0,bd_9bd_sz_cl_r2,,1,183.75,0.75,D31,Totale
EE,2019,F,10623.0,bd_9bd_sz_cl_r2,,1,7967.25,0.75,D31,Totale
EE,2019,G,12606.0,bd_9bd_sz_cl_r2,,1,9454.5,0.75,D31,Totale
EE,2019,H,4931.0,bd_9bd_sz_cl_r2,,1,3698.25,0.75,D31,Totale
EE,2019,I,2863.0,bd_9bd_sz_cl_r2,,1,2147.25,0.75,D31,Totale
EE,2019,J,4014.0,bd_9bd_sz_cl_r2,,1,3010.5,0.75,D31,Totale
EE,2019,L,3730.0,bd_9bd_sz_cl_r2,,1,2797.5,0.75,D31,Totale
EE,2019,M,10476.0,bd_9bd_sz_cl_r2,,1,7857.0,0.75,D31,Totale
EE,2019,N,3725.0,bd_9bd_sz_cl_r2,,1,2793.75,0.75,D31,Totale
EE,2020,B,118.0,bd_9bd_sz_cl_r2,,1,88.5,0.75,D31,Totale
EE,2020,C,6624.0,bd_9bd_sz_cl_r2,,1,4968.0,0.75,D31,Totale
EE,2020,D,154.0,bd_9bd_sz_cl_r2,,1,115.5,0.75,D31,Totale
EE,2020,E,225.0,bd_9bd_sz_cl_r2,,1,168.7501,0.7500004444444445,D31,Totale
EE,2020,F,10936.0,bd_9bd_sz_cl_r2,,1,8202.0,0.75,D31,Totale
EE,2020,G,12922.0,bd_9bd_sz_cl_r2,,1,9691.5,0.75,D31,Totale
EE,2020,H,4829.0,bd_9bd_sz_cl_r2,,1,3621.7501,0.7500000207082212,D31,Totale
EE,2020,I,2838.0,bd_9bd_sz_cl_r2,,1,2128.5,0.75,D31,Totale
EE,2020,J,4138.0,bd_9bd_sz_cl_r2,,1,3103.5,0.75,D31,Totale
EE,2020,L,3822.0,bd_9bd_sz_cl_r2,,1,2866.5,0.75,D31,Totale
EE,2020,M,10556.0,bd_9bd_sz_cl_r2,,1,7917.0,0.75,D31,Totale
EE,2020,N,3940.0,bd_9bd_sz_cl_r2,,1,2954.9999000000003,0.7499999746192894,D31,Totale
ES,2008,B,2204.0,bd_9bd_sz_cl_r2,,1,991.8000999999999,0.4500000453720508,D31,Totale
ES,2008,C,161147.0,bd_9bd_sz_cl_r2,,1,72516.15,0.44999999999999996,D31,Totale
ES,2008,D,1807.0,bd_9bd_sz_cl_r2,,1,813.15,0.45,D31,Totale
ES,2008,E,3959.0,bd_9bd_sz_cl_r2,,1,1781.55,0.45,D31,Totale
ES,2008,F,323044.0,bd_9bd_sz_cl_r2,,1,145369.8,0.44999999999999996,D31,Totale
ES,2008,G,438507.0,bd_9bd_sz_cl_r2,,1,197328.14990000002,0.4499999997719535,D31,Totale
ES,2008,H,109560.0,bd_9bd_sz_cl_r2,,1,49302.0,0.45,D31,Totale
ES,2008,I,191569.0,bd_9bd_sz_cl_r2,,1,86206.04999999999,0.44999999999999996,D31,Totale
ES,2008,J,23437.0,bd_9bd_sz_cl_r2,,1,10546.65,0.45,D31,Totale
ES,2008,L,55272.0,bd_9bd_sz_cl_r2,,1,24872.4,0.45,D31,Totale
ES,2008,M,141311.0,bd_9bd_sz_cl_r2,,1,63589.950000000004,0.45,D31,Totale
ES,2008,N,76024.0,bd_9bd_sz_cl_r2,,1,34210.8,0.45,D31,Totale
ES,2009,B,2072.0,bd_9bd_sz_cl_r2,,1,932.4,0.45,D31,Totale
ES,2009,C,148572.0,bd_9bd_sz_cl_r2,,1,66857.3999,0.4499999993269257,D31,Totale
ES,2009,D,1818.0,bd_9bd_sz_cl_r2,,1,818.1,0.45,D31,Totale
ES,2009,E,5205.0,bd_9bd_sz_cl_r2,,1,2342.25,0.45,D31,Totale
ES,2009,F,258948.0,bd_9bd_sz_cl_r2,,1,116526.6,0.45,D31,Totale
ES,2009,G,423694.0,bd_9bd_sz_cl_r2,,1,190662.3,0.44999999999999996,D31,Totale
ES,2009,H,102173.0,bd_9bd_sz_cl_r2,,1,45977.850000000006,0.45000000000000007,D31,Totale
ES,2009,I,192177.0,bd_9bd_sz_cl_r2,,1,86479.65000000001,0.45000000000000007,D31,Totale
ES,2009,J,23558.0,bd_9bd_sz_cl_r2,,1,10601.1,0.45,D31,Totale
ES,2009,L,49905.0,bd_9bd_sz_cl_r2,,1,22457.25,0.45,D31,Totale
ES,2009,M,135873.0,bd_9bd_sz_cl_r2,,1,61142.85,0.45,D31,Totale
ES,2009,N,72880.0,bd_9bd_sz_cl_r2,,1,32796.000100000005,0.4500000013721186,D31,Totale
ES,2010,B,1918.0,bd_9bd_sz_cl_r2,,1,863.1,0.45,D31,Totale
ES,2010,C,137207.0,bd_9bd_sz_cl_r2,,1,61743.15,0.45,D31,Totale
ES,2010,D,2123.0,bd_9bd_sz_cl_r2,,1,955.3499999999999,0.44999999999999996,D31,Totale
ES,2010,E,5200.0,bd_9bd_sz_cl_r2,,1,2339.9999000000003,0.4499999807692308,D31,Totale
ES,2010,F,234208.0,bd_9bd_sz_cl_r2,,1,105393.5999,0.4499999995730291,D31,Totale
ES,2010,G,410232.0,bd_9bd_sz_cl_r2,,1,184604.4,0.45,D31,Totale
ES,2010,H,99750.0,bd_9bd_sz_cl_r2,,1,44887.5,0.45,D31,Totale
ES,2010,I,191144.0,bd_9bd_sz_cl_r2,,1,86014.8,0.45,D31,Totale
ES,2010,J,23145.0,bd_9bd_sz_cl_r2,,1,10415.25,0.45,D31,Totale
ES,2010,L,44251.0,bd_9bd_sz_cl_r2,,1,19912.95,0.45,D31,Totale
ES,2010,M,126517.0,bd_9bd_sz_cl_r2,,1,56932.65,0.45,D31,Totale
ES,2010,N,74619.0,bd_9bd_sz_cl_r2,,1,33578.55,0.45000000000000007,D31,Totale
ES,2019,B,1341.0,bd_9bd_sz_cl_r2,,1,603.4500999999999,0.45000007457121544,D31,Totale
ES,2019,C,121513.0,bd_9bd_sz_cl_r2,,1,54680.850000000006,0.45000000000000007,D31,Totale
ES,2019,D,2475.0,bd_9bd_sz_cl_r2,,1,1113.75,0.45,D31,Totale
ES,2019,E,5387.0,bd_9bd_sz_cl_r2,,1,2424.1501,0.4500000185632077,D31,Totale
ES,2019,F,178511.0,bd_9bd_sz_cl_r2,,1,80329.9501,0.4500000005601896,D31,Totale
ES,2019,G,393184.0,bd_9bd_sz_cl_r2,,1,176932.80000000002,0.45000000000000007,D31,Totale
ES,2019,H,88212.0,bd_9bd_sz_cl_r2,,1,39695.4,0.45,D31,Totale
ES,2019,I,219442.0,bd_9bd_sz_cl_r2,,1,98748.9,0.44999999999999996,D31,Totale
ES,2019,J,28023.0,bd_9bd_sz_cl_r2,,1,12610.35,0.45,D31,Totale
ES,2019,L,52469.0,bd_9bd_sz_cl_r2,,1,23611.049899999998,0.4499999980941127,D31,Totale
ES,2019,M,139073.0,bd_9bd_sz_cl_r2,,1,62582.85,0.45,D31,Totale
ES,2019,N,78373.0,bd_9bd_sz_cl_r2,,1,35267.8499,0.4499999987240504,D31,Totale
ES,2020,B,1298.0,bd_9bd_sz_cl_r2,,1,584.1,0.45,D31,Totale
ES,2020,C,119215.0,bd_9bd_sz_cl_r2,,1,53646.75,0.45,D31,Totale
ES,2020,D,2533.0,bd_9bd_sz_cl_r2,,1,1139.85,0.44999999999999996,D31,Totale
ES,2020,E,5409.0,bd_9bd_sz_cl_r2,,1,2434.0499,0.4499999815122943,D31,Totale
ES,2020,F,180461.0,bd_9bd_sz_cl_r2,,1,81207.45,0.45,D31,Totale
ES,2020,G,386649.0,bd_9bd_sz_cl_r2,,1,173992.05,0.44999999999999996,D31,Totale
ES,2020,H,87283.0,bd_9bd_sz_cl_r2,,1,39277.349899999994,0.4499999988543015,D31,Totale
ES,2020,I,216255.0,bd_9bd_sz_cl_r2,,1,97314.75,0.45,D31,Totale
ES,2020,J,28436.0,bd_9bd_sz_cl_r2,,1,12796.2,0.45,D31,Totale
ES,2020,L,52077.0,bd_9bd_sz_cl_r2,,1,23434.65,0.45,D31,Totale
ES,2020,M,139228.0,bd_9bd_sz_cl_r2,,1,62652.6,0.45,D31,Totale
ES,2020,N,77858.0,bd_9bd_sz_cl_r2,,1,35036.1,0.44999999999999996,D31,Totale
FR,2008,B,1370.0,bd_9bd_sz_cl_r2,,1,959.0,0.7,D31,Totale
FR,2008,C,125670.0,bd_9bd_sz_cl_r2,,1,87969.0,0.7,D31,Totale
FR,2008,D,709.0,bd_9bd_sz_cl_r2,,1,496.29999999999995,0.7,D31,Totale
FR,2008,E,3810.0,bd_9bd_sz_cl_r2,,1,2667.0,0.7,D31,Totale
FR,2008,F,209971.0,bd_9bd_sz_cl_r2,,1,146979.7,0.7000000000000001,D31,Totale
FR,2008,G,290288.0,bd_9bd_sz_cl_r2,,1,203201.6,0.7000000000000001,D31,Totale
FR,2008,H,36766.0,bd_9bd_sz_cl_r2,,1,25736.2,0.7000000000000001,D31,Totale
FR,2008,I,123344.0,bd_9bd_sz_cl_r2,,1,86340.8,0.7000000000000001,D31,Totale
FR,2008,J,29018.0,bd_9bd_sz_cl_r2,,1,20312.6,0.7,D31,Totale
FR,2008,L,36394.0,bd_9bd_sz_cl_r2,,1,25475.800000000003,0.7000000000000001,D31,Totale
FR,2008,M,106462.0,bd_9bd_sz_cl_r2,,1,74523.4,0.7,D31,Totale
FR,2008,N,62237.0,bd_9bd_sz_cl_r2,,1,43565.899999999994,0.7,D31,Totale
FR,2009,B,1298.0,bd_9bd_sz_cl_r2,,1,908.5999999999999,0.7,D31,Totale
FR,2009,C,120297.0,bd_9bd_sz_cl_r2,,1,84207.9001,0.7000000008312759,D31,Totale
FR,2009,D,793.0,bd_9bd_sz_cl_r2,,1,555.1,0.7000000000000001,D31,Totale
FR,2009,E,3931.0,bd_9bd_sz_cl_r2,,1,2751.7,0.7,D31,Totale
FR,2009,F,201243.0,bd_9bd_sz_cl_r2,,1,140870.1,0.7000000000000001,D31,Totale
FR,2009,G,286314.0,bd_9bd_sz_cl_r2,,1,200419.8,0.7,D31,Totale
FR,2009,H,36316.0,bd_9bd_sz_cl_r2,,1,25421.199999999997,0.7,D31,Totale
FR,2009,I,124998.0,bd_9bd_sz_cl_r2,,1,87498.59999999999,0.7,D31,Totale
FR,2009,J,28582.0,bd_9bd_sz_cl_r2,,1,20007.4,0.7000000000000001,D31,Totale
FR,2009,L,34047.0,bd_9bd_sz_cl_r2,,1,23832.9,0.7000000000000001,D31,Totale
FR,2009,M,106021.0,bd_9bd_sz_cl_r2,,1,74214.7,0.7,D31,Totale
FR,2009,N,61797.0,bd_9bd_sz_cl_r2,,1,43257.9,0.7000000000000001,D31,Totale
FR,2010,B,1257.0,bd_9bd_sz_cl_r2,,1,879.9,0.7,D31,Totale
FR,2010,C,117173.0,bd_9bd_sz_cl_r2,,1,82021.0999,0.6999999991465611,D31,Totale
FR,2010,D,830.0,bd_9bd_sz_cl_r2,,1,581.0,0.7,D31,Totale
FR,2010,E,3999.0,bd_9bd_sz_cl_r2,,1,2799.3,0.7000000000000001,D31,Totale
FR,2010,F,199465.0,bd_9bd_sz_cl_r2,,1,139625.4999,0.6999999994986589,D31,Totale
FR,2010,G,285996.0,bd_9bd_sz_cl_r2,,1,200197.2,0.7000000000000001,D31,Totale
FR,2010,H,37001.0,bd_9bd_sz_cl_r2,,1,25900.7,0.7000000000000001,D31,Totale
FR,2010,I,126485.0,bd_9bd_sz_cl_r2,,1,88539.5,0.7,D31,Totale
FR,2010,J,29186.0,bd_9bd_sz_cl_r2,,1,20430.199999999997,0.7,D31,Totale
FR,2010,L,34362.0,bd_9bd_sz_cl_r2,,1,24053.399999999998,0.7,D31,Totale
FR,2010,M,107628.0,bd_9bd_sz_cl_r2,,1,75339.60010000001,0.7000000009291264,D31,Totale
FR,2010,N,61841.0,bd_9bd_sz_cl_r2,,1,43288.7,0.7,D31,Totale
FR,2019,B,1004.0,bd_9bd_sz_cl_r2,,1,702.8000000000001,0.7000000000000001,D31,Totale
FR,2019,C,112186.0,bd_9bd_sz_cl_r2,,1,78530.2,0.7,D31,Totale
FR,2019,D,1369.0,bd_9bd_sz_cl_r2,,1,958.3,0.7,D31,Totale
FR,2019,E,6012.0,bd_9bd_sz_cl_r2,,1,4208.3999,0.6999999833666002,D31,Totale
FR,2019,F,218920.0,bd_9bd_sz_cl_r2,,1,153243.9999,0.6999999995432121,D31,Totale
FR,2019,G,309992.0,bd_9bd_sz_cl_r2,,1,216994.4,0.7,D31,Totale
FR,2019,H,47195.0,bd_9bd_sz_cl_r2,,1,33036.5,0.7,D31,Totale
FR,2019,I,161689.0,bd_9bd_sz_cl_r2,,1,113182.3,0.7000000000000001,D31,Totale
FR,2019,J,46067.0,bd_9bd_sz_cl_r2,,1,32246.899999999998,0.7,D31,Totale
FR,2019,L,41235.0,bd_9bd_sz_cl_r2,,1,28864.5,0.7,D31,Totale
FR,2019,M,146185.0,bd_9bd_sz_cl_r2,,1,102329.49990000001,0.6999999993159354,D31,Totale
FR,2019,N,70840.0,bd_9bd_sz_cl_r2,,1,49588.0,0.7,D31,Totale
FR,2020,B,945.0,bd_9bd_sz_cl_r2,b,1,661.5,0.7,D31,Totale
FR,2020,C,103285.0,bd_9bd_sz_cl_r2,b,1,72299.5,0.7,D31,Totale
FR,2020,D,992.0,bd_9bd_sz_cl_r2,b,1,694.4000000000001,0.7000000000000001,D31,Totale
FR,2020,E,4768.0,bd_9bd_sz_cl_r2,b,1,3337.6,0.7,D31,Totale
FR,2020,F,197344.0,bd_9bd_sz_cl_r2,b,1,138140.7999,0.6999999994932707,D31,Totale
FR,2020,G,272241.0,bd_9bd_sz_cl_r2,b,1,190568.69999999998,0.7,D31,Totale
FR,2020,H,39815.0,bd_9bd_sz_cl_r2,b,1,27870.4999,0.6999999974883837,D31,Totale
FR,2020,I,138685.0,bd_9bd_sz_cl_r2,b,1,97079.5001,0.7000000007210585,D31,Totale
FR,2020,J,39728.0,bd_9bd_sz_cl_r2,b,1,27809.6001,0.7000000025171164,D31,Totale
FR,2020,L,31587.0,bd_9bd_sz_cl_r2,b,1,22110.899999999998,0.7,D31,Totale
FR,2020,M,125976.0,bd_9bd_sz_cl_r2,b,1,88183.2,0.7,D31,Totale
FR,2020,N,64813.0,bd_9bd_sz_cl_r2,b,1,45369.0999,0.6999999984570997,D31,Totale
GB,2008,B,1510.0,bd_9bd_sz_cl_r2,,1,996.6,0.66,D31,Totale
GB,2008,C,129605.0,bd_9bd_sz_cl_r2,,1,85539.3,0.66,D31,Totale
GB,2008,D,580.0,bd_9bd_sz_cl_r2,,1,382.80010000000004,0.6600001724137932,D31,Totale
GB,2008,E,5395.0,bd_9bd_sz_cl_r2,,1,3560.7000000000003,0.66,D31,Totale
GB,2008,F,272475.0,bd_9bd_sz_cl_r2,,1,179833.5,0.66,D31,Totale
GB,2008,G,331130.0,bd_9bd_sz_cl_r2,,1,218545.8,0.6599999999999999,D31,Totale
GB,2008,H,64380.0,bd_9bd_sz_cl_r2,,1,42490.7999,0.6599999984467225,D31,Totale
GB,2008,I,153205.0,bd_9bd_sz_cl_r2,,1,101115.2999,0.6599999993472798,D31,Totale
GB,2008,J,166060.0,bd_9bd_sz_cl_r2,,1,109599.6001,0.660000000602192,D31,Totale
GB,2008,L,67730.0,bd_9bd_sz_cl_r2,,1,44701.8001,0.6600000014764507,D31,Totale
GB,2008,M,352435.0,bd_9bd_sz_cl_r2,,1,232607.1,0.66,D31,Totale
GB,2008,N,241460.0,bd_9bd_sz_cl_r2,,1,159363.6,0.66,D31,Totale
GB,2009,B,1585.0,bd_9bd_sz_cl_r2,,1,1046.1000000000001,0.66,D31,Totale
GB,2009,C,130990.0,bd_9bd_sz_cl_r2,,1,86453.3999,0.6599999992365829,D31,Totale
GB,2009,D,730.0,bd_9bd_sz_cl_r2,,1,481.8,0.66,D31,Totale
GB,2009,E,5845.0,bd_9bd_sz_cl_r2,,1,3857.7000000000003,0.66,D31,Totale
GB,2009,F,271905.0,bd_9bd_sz_cl_r2,,1,179457.30000000002,0.66,D31,Totale
GB,2009,G,333085.0,bd_9bd_sz_cl_r2,,1,219836.1,0.66,D31,Totale
GB,2009,H,59705.0,bd_9bd_sz_cl_r2,,1,39405.3001,0.6600000016749016,D31,Totale
GB,2009,I,151930.0,bd_9bd_sz_cl_r2,,1,100273.8,0.66,D31,Totale
GB,2009,J,159770.0,bd_9bd_sz_cl_r2,,1,105448.2,0.66,D31,Totale
GB,2009,L,67815.0,bd_9bd_sz_cl_r2,,1,44757.899900000004,0.6599999985254,D31,Totale
GB,2009,M,351510.0,bd_9bd_sz_cl_r2,,1,231996.6,0.66,D31,Totale
GB,2009,N,212500.0,bd_9bd_sz_cl_r2,,1,140250.0,0.66,D31,Totale
GB,2010,B,1435.0,bd_9bd_sz_cl_r2,,1,947.0999999999999,0.6599999999999999,D31,Totale
GB,2010,C,125480.0,bd_9bd_sz_cl_r2,,1,82816.79999999999,0.6599999999999999,D31,Totale
GB,2010,D,795.0,bd_9bd_sz_cl_r2,,1,524.7001,0.6600001257861635,D31,Totale
GB,2010,E,6140.0,bd_9bd_sz_cl_r2,,1,4052.4,0.66,D31,Totale
GB,2010,F,260005.0,bd_9bd_sz_cl_r2,,1,171603.30000000002,0.66,D31,Totale
GB,2010,G,331290.0,bd_9bd_sz_cl_r2,,1,218651.4,0.66,D31,Totale
GB,2010,H,56200.0,bd_9bd_sz_cl_r2,,1,37092.0,0.66,D31,Totale
GB,2010,I,147985.0,bd_9bd_sz_cl_r2,,1,97670.0999,0.6599999993242558,D31,Totale
GB,2010,J,159025.0,bd_9bd_sz_cl_r2,,1,104956.5,0.66,D31,Totale
GB,2010,L,65780.0,bd_9bd_sz_cl_r2,,1,43414.8,0.66,D31,Totale
GB,2010,M,341650.0,bd_9bd_sz_cl_r2,,1,225488.9999,0.6599999997073028,D31,Totale
GB,2010,N,180445.0,bd_9bd_sz_cl_r2,,1,119093.7001,0.6600000005541855,D31,Totale
IT,2008,B,2006.0,bd_9bd_sz_cl_r2,,1,1003.0,0.5,D31,Totale
IT,2008,C,264668.0,bd_9bd_sz_cl_r2,,1,132334.0001,0.5000000003778319,D31,Totale
IT,2008,D,1144.0,bd_9bd_sz_cl_r2,,1,572.0,0.5,D31,Totale
IT,2008,E,5579.0,bd_9bd_sz_cl_r2,,1,2789.5,0.5,D31,Totale
IT,2008,F,248220.0,bd_9bd_sz_cl_r2,,1,124110.0,0.5,D31,Totale
IT,2008,G,345355.0,bd_9bd_sz_cl_r2,,1,172677.5,0.5,D31,Totale
IT,2008,H,50850.0,bd_9bd_sz_cl_r2,,1,25425.0001,0.5000000019665684,D31,Totale
IT,2008,I,161523.0,bd_9bd_sz_cl_r2,,1,80761.5,0.5,D31,Totale
IT,2008,J,35344.0,bd_9bd_sz_cl_r2,,1,17672.0,0.5,D31,Totale
IT,2008,L,24021.0,bd_9bd_sz_cl_r2,,1,12010.5,0.5,D31,Totale
IT,2008,M,105770.0,bd_9bd_sz_cl_r2,,1,52885.0,0.5,D31,Totale
IT,2008,N,50589.0,bd_9bd_sz_cl_r2,,1,25294.5,0.5,D31,Totale
IT,2009,B,1904.0,bd_9bd_sz_cl_r2,,1,952.0,0.5,D31,Totale
IT,2009,C,265040.0,bd_9bd_sz_cl_r2,,1,132520.0,0.5,D31,Totale
IT,2009,D,1360.0,bd_9bd_sz_cl_r2,,1,680.0,0.5,D31,Totale
IT,2009,E,6056.0,bd_9bd_sz_cl_r2,,1,3028.0,0.5,D31,Totale
IT,2009,F,259582.0,bd_9bd_sz_cl_r2,,1,129791.0,0.5,D31,Totale
IT,2009,G,378357.0,bd_9bd_sz_cl_r2,,1,189178.5,0.5,D31,Totale
IT,2009,H,53603.0,bd_9bd_sz_cl_r2,,1,26801.5,0.5,D31,Totale
IT,2009,I,188524.0,bd_9bd_sz_cl_r2,,1,94262.0,0.5,D31,Totale
IT,2009,J,36853.0,bd_9bd_sz_cl_r2,,1,18426.5,0.5,D31,Totale
IT,2009,L,26723.0,bd_9bd_sz_cl_r2,,1,13361.5,0.5,D31,Totale
IT,2009,M,110347.0,bd_9bd_sz_cl_r2,,1,55173.5,0.5,D31,Totale
IT,2009,N,54773.0,bd_9bd_sz_cl_r2,,1,27386.5,0.5,D31,Totale
IT,2010,B,1849.0,bd_9bd_sz_cl_r2,,1,924.5001,0.5000000540832883,D31,Totale
IT,2010,C,256313.0,bd_9bd_sz_cl_r2,,1,128156.5,0.5,D31,Totale
IT,2010,D,1563.0,bd_9bd_sz_cl_r2,,1,781.5,0.5,D31,Totale
IT,2010,E,6253.0,bd_9bd_sz_cl_r2,,1,3126.5,0.5,D31,Totale
IT,2010,F,244640.0,bd_9bd_sz_cl_r2,,1,122320.0,0.5,D31,Totale
IT,2010,G,381109.0,bd_9bd_sz_cl_r2,,1,190554.5,0.5,D31,Totale
IT,2010,H,54066.0,bd_9bd_sz_cl_r2,,1,27033.0,0.5,D31,Totale
IT,2010,I,195298.0,bd_9bd_sz_cl_r2,,1,97649.00009999999,0.500000000512038,D31,Totale
IT,2010,J,35713.0,bd_9bd_sz_cl_r2,,1,17856.5,0.5,D31,Totale
IT,2010,L,26790.0,bd_9bd_sz_cl_r2,,1,13395.0,0.5,D31,Totale
IT,2010,M,111594.0,bd_9bd_sz_cl_r2,,1,55797.0001,0.5000000008961055,D31,Totale
IT,2010,N,55518.0,bd_9bd_sz_cl_r2,,1,27759.0,0.5,D31,Totale
IT,2019,B,1368.0,bd_9bd_sz_cl_r2,,1,684.0001,0.5000000730994152,D31,Totale
IT,2019,C,228038.0,bd_9bd_sz_cl_r2,,1,114019.0001,0.5000000004385234,D31,Totale
IT,2019,D,2653.0,bd_9bd_sz_cl_r2,,1,1326.5,0.5,D31,Totale
IT,2019,E,7242.0,bd_9bd_sz_cl_r2,,1,3621.0000999999997,0.5000000138083402,D31,Totale
IT,2019,F,185716.0,bd_9bd_sz_cl_r2,,1,92858.0,0.5,D31,Totale
IT,2019,G,385452.0,bd_9bd_sz_cl_r2,,1,192726.0001,0.5000000002594357,D31,Totale
IT,2019,H,56834.0,bd_9bd_sz_cl_r2,,1,28416.9999,0.49999999824048985,D31,Totale
IT,2019,I,240796.0,bd_9bd_sz_cl_r2,,1,120398.0,0.5,D31,Totale
IT,2019,J,41808.0,bd_9bd_sz_cl_r2,,1,20904.0001,0.5000000023918868,D31,Totale
IT,2019,L,30671.0,bd_9bd_sz_cl_r2,,1,15335.5,0.5,D31,Totale
IT,2019,M,114131.0,bd_9bd_sz_cl_r2,,1,57065.5001,0.5000000008761861,D31,Totale
IT,2019,N,65010.0,bd_9bd_sz_cl_r2,,1,32505.0,0.5,D31,Totale
IT,2020,B,1356.0,bd_9bd_sz_cl_r2,,1,678.0,0.5,D31,Totale
IT,2020,C,222285.0,bd_9bd_sz_cl_r2,,1,111142.5,0.5,D31,Totale
IT,2020,D,2625.0,bd_9bd_sz_cl_r2,,1,1312.5001,0.5000000380952381,D31,Totale
IT,2020,E,7488.0,bd_9bd_sz_cl_r2,,1,3744.0,0.5,D31,Totale
IT,2020,F,183197.0,bd_9bd_sz_cl_r2,,1,91598.5,0.5,D31,Totale
IT,2020,G,374474.0,bd_9bd_sz_cl_r2,,1,187237.0,0.5,D31,Totale
IT,2020,H,55013.0,bd_9bd_sz_cl_r2,,1,27506.5,0.5,D31,Totale
IT,2020,I,231657.0,bd_9bd_sz_cl_r2,,1,115828.5,0.5,D31,Totale
IT,2020,J,41289.0,bd_9bd_sz_cl_r2,,1,20644.500099999997,0.5000000024219525,D31,Totale
IT,2020,L,30540.0,bd_9bd_sz_cl_r2,,1,15270.0,0.5,D31,Totale
IT,2020,M,112977.0,bd_9bd_sz_cl_r2,,1,56488.4999,0.4999999991148641,D31,Totale
IT,2020,N,64171.0,bd_9bd_sz_cl_r2,,1,32085.5,0.5,D31,Totale
PL,2008,B,1007.0,bd_9bd_sz_cl_r2,,1,201.4,0.2,D31,Totale
PL,2008,C,103379.0,bd_9bd_sz_cl_r2,,1,20675.8,0.19999999999999998,D31,Totale
PL,2008,D,1112.0,bd_9bd_sz_cl_r2,,1,222.4001,0.20000008992805757,D31,Totale
PL,2008,E,3452.0,bd_9bd_sz_cl_r2,,1,690.4001,0.20000002896871377,D31,Totale
PL,2008,F,85904.0,bd_9bd_sz_cl_r2,,1,17180.8,0.19999999999999998,D31,Totale
PL,2008,G,252805.0,bd_9bd_sz_cl_r2,,1,50561.0,0.2,D31,Totale
PL,2008,H,42801.0,bd_9bd_sz_cl_r2,,1,8560.2,0.2,D31,Totale
PL,2008,I,31603.0,bd_9bd_sz_cl_r2,,1,6320.6,0.2,D31,Totale
PL,2008,J,11940.0,bd_9bd_sz_cl_r2,,1,2388.0,0.2,D31,Totale
PL,2008,L,13281.0,bd_9bd_sz_cl_r2,,1,2656.2000000000003,0.2,D31,Totale
PL,2008,M,49127.0,bd_9bd_sz_cl_r2,,1,9825.4,0.19999999999999998,D31,Totale
PL,2008,N,14873.0,bd_9bd_sz_cl_r2,,1,2974.6001,0.20000000672359308,D31,Totale
PL,2009,B,1137.0,bd_9bd_sz_cl_r2,,1,227.3999,0.1999999120492524,D31,Totale
PL,2009,C,108074.0,bd_9bd_sz_cl_r2,,1,21614.8,0.19999999999999998,D31,Totale
PL,2009,D,1327.0,bd_9bd_sz_cl_r2,,1,265.4,0.19999999999999998,D31,Totale
PL,2009,E,3855.0,bd_9bd_sz_cl_r2,,1,770.9999,0.19999997405966277,D31,Totale
PL,2009,F,103378.0,bd_9bd_sz_cl_r2,,1,20675.6,0.19999999999999998,D31,Totale
PL,2009,G,274372.0,bd_9bd_sz_cl_r2,,1,54874.4,0.2,D31,Totale
PL,2009,H,49435.0,bd_9bd_sz_cl_r2,,1,9887.0,0.2,D31,Totale
PL,2009,I,33727.0,bd_9bd_sz_cl_r2,,1,6745.400000000001,0.2,D31,Totale
PL,2009,J,14309.0,bd_9bd_sz_cl_r2,,1,2861.8,0.2,D31,Totale
PL,2009,L,16323.0,bd_9bd_sz_cl_r2,,1,3264.6000000000004,0.2,D31,Totale
PL,2009,M,57667.0,bd_9bd_sz_cl_r2,,1,11533.4,0.19999999999999998,D31,Totale
PL,2009,N,16988.0,bd_9bd_sz_cl_r2,,1,3397.6001,0.20000000588650813,D31,Totale
PL,2010,B,1234.0,bd_9bd_sz_cl_r2,,1,246.8,0.2,D31,Totale
PL,2010,C,102551.0,bd_9bd_sz_cl_r2,,1,20510.2,0.2,D31,Totale
PL,2010,D,1328.0,bd_9bd_sz_cl_r2,,1,265.6,0.2,D31,Totale
PL,2010,E,3922.0,bd_9bd_sz_cl_r2,,1,784.4,0.19999999999999998,D31,Totale
PL,2010,F,97096.0,bd_9bd_sz_cl_r2,,1,19419.2,0.2,D31,Totale
PL,2010,G,257885.0,bd_9bd_sz_cl_r2,,1,51577.0,0.2,D31,Totale
PL,2010,H,47063.0,bd_9bd_sz_cl_r2,,1,9412.600100000001,0.20000000212481145,D31,Totale
PL,2010,I,32086.0,bd_9bd_sz_cl_r2,,1,6417.2,0.19999999999999998,D31,Totale
PL,2010,J,14416.0,bd_9bd_sz_cl_r2,,1,2883.2001,0.20000000693673697,D31,Totale
PL,2010,L,16098.0,bd_9bd_sz_cl_r2,,1,3219.6,0.19999999999999998,D31,Totale
PL,2010,M,55927.0,bd_9bd_sz_cl_r2,,1,11185.4,0.19999999999999998,D31,Totale
PL,2010,N,16749.0,bd_9bd_sz_cl_r2,,1,3349.8,0.2,D31,Totale
PL,2019,B,1502.0,bd_9bd_sz_cl_r2,,1,300.4,0.19999999999999998,D31,Totale
PL,2019,C,104397.0,bd_9bd_sz_cl_r2,,1,20879.4,0.2,D31,Totale
PL,2019,D,1758.0,bd_9bd_sz_cl_r2,,1,351.6,0.2,D31,Totale
PL,2019,E,4671.0,bd_9bd_sz_cl_r2,,1,934.2,0.2,D31,Totale
PL,2019,F,117194.0,bd_9bd_sz_cl_r2,,1,23438.799899999998,0.19999999914671399,D31,Totale
PL,2019,G,233720.0,bd_9bd_sz_cl_r2,,1,46744.0,0.2,D31,Totale
PL,2019,H,62903.0,bd_9bd_sz_cl_r2,,1,12580.6001,0.2000000015897493,D31,Totale
PL,2019,I,35538.0,bd_9bd_sz_cl_r2,,1,7107.6001,0.20000000281388935,D31,Totale
PL,2019,J,21820.0,bd_9bd_sz_cl_r2,,1,4364.0,0.2,D31,Totale
PL,2019,L,21847.0,bd_9bd_sz_cl_r2,,1,4369.4,0.19999999999999998,D31,Totale
PL,2019,M,79377.0,bd_9bd_sz_cl_r2,,1,15875.4,0.19999999999999998,D31,Totale
PL,2019,N,27841.0,bd_9bd_sz_cl_r2,,1,5568.2,0.19999999999999998,D31,Totale
PL,2020,B,1438.0,bd_9bd_sz_cl_r2,,1,287.6,0.2,D31,Totale
PL,2020,C,102867.0,bd_9bd_sz_cl_r2,,1,20573.399899999997,0.1999999990278709,D31,Totale
PL,2020,D,2002.0,bd_9bd_sz_cl_r2,,1,400.40009999999995,0.2000000499500499,D31,Totale
PL,2020,E,4765.0,bd_9bd_sz_cl_r2,,1,953.0,0.2,D31,Totale
PL,2020,F,124772.0,bd_9bd_sz_cl_r2,,1,24954.4,0.2,D31,Totale
PL,2020,G,225673.0,bd_9bd_sz_cl_r2,,1,45134.6,0.19999999999999998,D31,Totale
PL,2020,H,62123.0,bd_9bd_sz_cl_r2,,1,12424.6,0.2,D31,Totale
PL,2020,I,35739.0,bd_9bd_sz_cl_r2,,1,7147.7999,0.19999999720193626,D31,Totale
PL,2020,J,21293.0,bd_9bd_sz_cl_r2,,1,4258.599999999999,0.19999999999999998,D31,Totale
PL,2020,L,22362.0,bd_9bd_sz_cl_r2,,1,4472.4,0.19999999999999998,D31,Totale
PL,2020,M,78915.0,bd_9bd_sz_cl_r2,,1,15783.0,0.2,D31,Totale
PL,2020,N,27919.0,bd_9bd_sz_cl_r2,,1,5583.8,0.2,D31,Totale
DE,2005,B,1972.0,bd_9b_size_cl,,1,788.8,0.39999999999999997,D31,Totale
DE,2005,C,195851.0,bd_9b_size_cl,,1,78340.4,0.39999999999999997,D31,Totale
DE,2005,D,3280.0,bd_9b_size_cl,,1,1312.0,0.4,D31,Totale
DE,2005,F,200672.0,bd_9b_size_cl,,1,80268.79999999999,0.39999999999999997,D31,Totale
DE,2005,G,364210.0,bd_9b_size_cl,,1,145684.0,0.4,D31,Totale
DE,2005,H,80861.0,bd_9b_size_cl,,1,32344.4,0.4,D31,Totale
DE,2005,I,128432.0,bd_9b_size_cl,,1,51372.799999999996,0.39999999999999997,D31,Totale
DE,2005,L,305614.0,bd_9b_size_cl,,1,122245.59999999999,0.39999999999999997,D31,Totale
DE,2006,B,1934.0,bd_9b_size_cl,,1,773.6,0.4,D31,Totale
DE,2006,C,195274.0,bd_9b_size_cl,,1,78109.6,0.4,D31,Totale
DE,2006,D,3800.0,bd_9b_size_cl,,1,1520.0,0.4,D31,Totale
DE,2006,F,205403.0,bd_9b_size_cl,,1,82161.2,0.39999999999999997,D31,Totale
DE,2006,G,367113.0,bd_9b_size_cl,,1,146845.2,0.4,D31,Totale
DE,2006,H,82090.0,bd_9b_size_cl,,1,32836.0,0.4,D31,Totale
DE,2006,I,128856.0,bd_9b_size_cl,,1,51542.4,0.4,D31,Totale
DE,2006,L,318407.0,bd_9b_size_cl,,1,127362.8,0.4,D31,Totale
DE,2007,B,1881.0,bd_9b_size_cl,,1,752.4,0.39999999999999997,D31,Totale
DE,2007,C,194209.0,bd_9b_size_cl,,1,77683.6,0.4,D31,Totale
DE,2007,D,4277.0,bd_9b_size_cl,,1,1710.8,0.39999999999999997,D31,Totale
DE,2007,F,203409.0,bd_9b_size_cl,,1,81363.6,0.4,D31,Totale
DE,2007,G,329112.0,bd_9b_size_cl,,1,131644.80000000002,0.4000000000000001,D31,Totale
DE,2007,H,83257.0,bd_9b_size_cl,,1,33302.8,0.4,D31,Totale
DE,2007,I,129081.0,bd_9b_size_cl,,1,51632.4,0.4,D31,Totale
DE,2007,L,326218.0,bd_9b_size_cl,,1,130487.2,0.39999999999999997,D31,Totale
EE,2005,B,69.0,bd_9b_size_cl,,1,51.75,0.75,D31,Totale
EE,2005,C,5232.0,bd_9b_size_cl,,1,3924.0,0.75,D31,Totale
EE,2005,D,251.0,bd_9b_size_cl,,1,188.2501,0.7500003984063746,D31,Totale
EE,2005,F,3596.0,bd_9b_size_cl,,1,2697.0,0.75,D31,Totale
EE,2005,G,12496.0,bd_9b_size_cl,,1,9372.0,0.75,D31,Totale
EE,2005,H,3372.0,bd_9b_size_cl,,1,2529.0,0.75,D31,Totale
EE,2005,I,1726.0,bd_9b_size_cl,,1,1294.5,0.75,D31,Totale
EE,2005,L,8512.0,bd_9b_size_cl,,1,6384.0,0.75,D31,Totale
EE,2006,B,78.0,bd_9b_size_cl,,1,58.5,0.75,D31,Totale
EE,2006,C,5331.0,bd_9b_size_cl,,1,3998.25,0.75,D31,Totale
EE,2006,D,255.0,bd_9b_size_cl,,1,191.2501,0.7500003921568628,D31,Totale
EE,2006,F,4580.0,bd_9b_size_cl,,1,3435.0,0.75,D31,Totale
EE,2006,G,12203.0,bd_9b_size_cl,,1,9152.25,0.75,D31,Totale
EE,2006,H,3231.0,bd_9b_size_cl,,1,2423.25,0.75,D31,Totale
EE,2006,I,1616.0,bd_9b_size_cl,,1,1212.0,0.75,D31,Totale
EE,2006,L,9528.0,bd_9b_size_cl,,1,7146.0,0.75,D31,Totale
EE,2007,B,83.0,bd_9b_size_cl,,1,62.2501,0.7500012048192771,D31,Totale
EE,2007,C,5675.0,bd_9b_size_cl,,1,4256.25,0.75,D31,Totale
EE,2007,D,254.0,bd_9b_size_cl,,1,190.5,0.75,D31,Totale
EE,2007,F,5976.0,bd_9b_size_cl,,1,4482.0,0.75,D31,Totale
EE,2007,G,12173.0,bd_9b_size_cl,,1,9129.75,0.75,D31,Totale
EE,2007,H,3690.0,bd_9b_size_cl,,1,2767.5,0.75,D31,Totale
EE,2007,I,1666.0,bd_9b_size_cl,,1,1249.5,0.75,D31,Totale
EE,2007,L,10912.0,bd_9b_size_cl,,1,8184.0,0.75,D31,Totale
ES,2005,B,2244.0,bd_9b_size_cl,,1,1009.8000000000001,0.45,D31,Totale
ES,2005,C,170923.0,bd_9b_size_cl,,1,76915.35010000001,0.45000000058505885,D31,Totale
ES,2005,D,1991.0,bd_9b_size_cl,,1,895.95,0.45,D31,Totale
ES,2005,F,258359.0,bd_9b_size_cl,,1,116261.55,0.45,D31,Totale
ES,2005,G,443649.0,bd_9b_size_cl,,1,199642.0501,0.4500000002254034,D31,Totale
ES,2005,H,102239.0,bd_9b_size_cl,,1,46007.5501,0.45000000097810033,D31,Totale
ES,2005,I,179283.0,bd_9b_size_cl,,1,80677.35010000001,0.45000000055777745,D31,Totale
ES,2005,L,268562.0,bd_9b_size_cl,,1,120852.9,0.44999999999999996,D31,Totale
ES,2006,B,2244.0,bd_9b_size_cl,,1,1009.8000000000001,0.45,D31,Totale
ES,2006,C,168390.0,bd_9b_size_cl,,1,75775.5001,0.45000000059385953,D31,Totale
ES,2006,D,2078.0,bd_9b_size_cl,,1,935.1,0.45,D31,Totale
ES,2006,F,278387.0,bd_9b_size_cl,,1,125274.14989999999,0.4499999996407878,D31,Totale
ES,2006,G,450469.0,bd_9b_size_cl,,1,202711.05010000002,0.4500000002219909,D31,Totale
ES,2006,H,108698.0,bd_9b_size_cl,,1,48914.1,0.45,D31,Totale
ES,2006,I,186153.0,bd_9b_size_cl,,1,83768.8501,0.4500000005371925,D31,Totale
ES,2006,L,292008.0,bd_9b_size_cl,,1,131403.6,0.45,D31,Totale
ES,2007,B,2220.0,bd_9b_size_cl,,1,999.0,0.45,D31,Totale
ES,2007,C,166614.0,bd_9b_size_cl,,1,74976.3,0.45,D31,Totale
ES,2007,D,2413.0,bd_9b_size_cl,,1,1085.8501,0.4500000414421882,D31,Totale
ES,2007,F,291000.0,bd_9b_size_cl,,1,130950.0,0.45,D31,Totale
ES,2007,G,454317.0,bd_9b_size_cl,,1,204442.64990000002,0.4499999997798894,D31,Totale
ES,2007,H,114168.0,bd_9b_size_cl,,1,51375.6,0.45,D31,Totale
ES,2007,I,190649.0,bd_9b_size_cl,,1,85792.05010000001,0.45000000052452416,D31,Totale
ES,2007,L,310697.0,bd_9b_size_cl,,1,139813.6499,0.44999999967814297,D31,Totale
FR,2005,B,1557.0,bd_9b_size_cl,,1,1089.9,0.7000000000000001,D31,Totale
FR,2005,C,144845.0,bd_9b_size_cl,,1,101391.5,0.7,D31,Totale
FR,2005,D,804.0,bd_9b_size_cl,,1,562.8000000000001,0.7000000000000001,D31,Totale
FR,2005,F,184799.0,bd_9b_size_cl,,1,129359.3,0.7000000000000001,D31,Totale
FR,2005,G,302944.0,bd_9b_size_cl,,1,212060.8,0.7,D31,Totale
FR,2005,H,38525.0,bd_9b_size_cl,,1,26967.5,0.7,D31,Totale
FR,2005,I,120590.0,bd_9b_size_cl,,1,84413.0,0.7,D31,Totale
FR,2005,L,164047.0,bd_9b_size_cl,,1,114832.9,0.7,D31,Totale
FR,2006,B,1555.0,bd_9b_size_cl,,1,1088.5,0.7,D31,Totale
FR,2006,C,142799.0,bd_9b_size_cl,,1,99959.3,0.7000000000000001,D31,Totale
FR,2006,D,779.0,bd_9b_size_cl,,1,545.3,0.7,D31,Totale
FR,2006,F,200198.0,bd_9b_size_cl,,1,140138.6,0.7000000000000001,D31,Totale
FR,2006,G,300745.0,bd_9b_size_cl,,1,210521.5,0.7,D31,Totale
FR,2006,H,39961.0,bd_9b_size_cl,,1,27972.7,0.7000000000000001,D31,Totale
FR,2006,I,119221.0,bd_9b_size_cl,,1,83454.70000000001,0.7000000000000001,D31,Totale
FR,2006,L,171579.0,bd_9b_size_cl,,1,120105.3,0.7000000000000001,D31,Totale
FR,2007,B,1485.0,bd_9b_size_cl,,1,1039.5,0.7,D31,Totale
FR,2007,C,140066.0,bd_9b_size_cl,,1,98046.20000000001,0.7000000000000001,D31,Totale
FR,2007,D,840.0,bd_9b_size_cl,,1,588.0,0.7,D31,Totale
FR,2007,F,204557.0,bd_9b_size_cl,,1,143189.9,0.7,D31,Totale
FR,2007,G,296901.0,bd_9b_size_cl,,1,207830.7,0.7000000000000001,D31,Totale
FR,2007,H,41374.0,bd_9b_size_cl,,1,28961.8,0.7,D31,Totale
FR,2007,I,122344.0,bd_9b_size_cl,,1,85640.8,0.7000000000000001,D31,Totale
FR,2007,L,210702.0,bd_9b_size_cl,,1,147491.4,0.7,D31,Totale
GB,2005,C,150640.0,bd_9b_size_cl,,1,99422.4,0.6599999999999999,D31,Totale
GB,2005,F,179340.0,bd_9b_size_cl,,1,118364.4,0.6599999999999999,D31,Totale
GB,2005,G,339810.0,bd_9b_size_cl,,1,224274.59999999998,0.6599999999999999,D31,Totale
GB,2005,H,68365.0,bd_9b_size_cl,,1,45120.9,0.66,D31,Totale
GB,2005,I,152120.0,bd_9b_size_cl,,1,100399.2,0.66,D31,Totale
GB,2005,L,676645.0,bd_9b_size_cl,,1,446585.69999999995,0.6599999999999999,D31,Totale
GB,2006,B,1440.0,bd_9b_size_cl,,1,950.4000000000001,0.66,D31,Totale
GB,2006,C,146595.0,bd_9b_size_cl,,1,96752.7,0.66,D31,Totale
GB,2006,D,550.0,bd_9b_size_cl,,1,363.0,0.66,D31,Totale
GB,2006,F,187645.0,bd_9b_size_cl,,1,123845.7,0.66,D31,Totale
GB,2006,G,334265.0,bd_9b_size_cl,,1,220614.90000000002,0.66,D31,Totale
GB,2006,H,70635.0,bd_9b_size_cl,,1,46619.1,0.66,D31,Totale
GB,2006,I,151005.0,bd_9b_size_cl,,1,99663.3,0.66,D31,Totale
GB,2006,L,714750.0,bd_9b_size_cl,,1,471735.0,0.66,D31,Totale
GB,2007,B,1445.0,bd_9b_size_cl,,1,953.7,0.66,D31,Totale
GB,2007,C,145360.0,bd_9b_size_cl,,1,95937.6,0.66,D31,Totale
GB,2007,D,615.0,bd_9b_size_cl,,1,405.90000000000003,0.66,D31,Totale
GB,2007,F,208845.0,bd_9b_size_cl,,1,137837.69999999998,0.6599999999999999,D31,Totale
GB,2007,G,334940.0,bd_9b_size_cl,,1,221060.4,0.66,D31,Totale
GB,2007,H,74215.0,bd_9b_size_cl,,1,48981.9,0.66,D31,Totale
GB,2007,I,152085.0,bd_9b_size_cl,,1,100376.09999999999,0.6599999999999999,D31,Totale
GB,2007,L,789670.0,bd_9b_size_cl,,1,521182.2,0.66,D31,Totale
IT,2005,B,2495.0,bd_9b_size_cl,,1,1247.5,0.5,D31,Totale
IT,2005,C,284572.0,bd_9b_size_cl,,1,142286.0,0.5,D31,Totale
IT,2005,D,1279.0,bd_9b_size_cl,,1,639.5,0.5,D31,Totale
IT,2005,F,220601.0,bd_9b_size_cl,,1,110300.5,0.5,D31,Totale
IT,2005,G,315614.0,bd_9b_size_cl,,1,157807.0,0.5,D31,Totale
IT,2005,H,52205.0,bd_9b_size_cl,,1,26102.5,0.5,D31,Totale
IT,2005,I,130118.0,bd_9b_size_cl,,1,65059.0,0.5,D31,Totale
IT,2005,L,181071.0,bd_9b_size_cl,,1,90535.5,0.5,D31,Totale
IT,2006,B,2478.0,bd_9b_size_cl,,1,1239.0,0.5,D31,Totale
IT,2006,C,283997.0,bd_9b_size_cl,,1,141998.5,0.5,D31,Totale
IT,2006,D,1308.0,bd_9b_size_cl,,1,654.0,0.5,D31,Totale
IT,2006,F,229637.0,bd_9b_size_cl,,1,114818.5,0.5,D31,Totale
IT,2006,G,321403.0,bd_9b_size_cl,,1,160701.5,0.5,D31,Totale
IT,2006,H,53215.0,bd_9b_size_cl,,1,26607.5,0.5,D31,Totale
IT,2006,I,135656.0,bd_9b_size_cl,,1,67828.0,0.5,D31,Totale
IT,2006,L,187812.0,bd_9b_size_cl,,1,93906.0,0.5,D31,Totale
IT,2007,B,2431.0,bd_9b_size_cl,,1,1215.5,0.5,D31,Totale
IT,2007,C,285457.0,bd_9b_size_cl,,1,142728.5,0.5,D31,Totale
IT,2007,D,1372.0,bd_9b_size_cl,,1,686.0,0.5,D31,Totale
IT,2007,F,244586.0,bd_9b_size_cl,,1,122293.0,0.5,D31,Totale
IT,2007,G,333223.0,bd_9b_size_cl,,1,166611.5,0.5,D31,Totale
IT,2007,H,54557.0,bd_9b_size_cl,,1,27278.5,0.5,D31,Totale
IT,2007,I,146849.0,bd_9b_size_cl,,1,73424.5,0.5,D31,Totale
IT,2007,L,195676.0,bd_9b_size_cl,,1,97838.0,0.5,D31,Totale
PL,2005,B,909.0,bd_9b_size_cl,,1,181.8,0.2,D31,Totale
PL,2005,C,108816.0,bd_9b_size_cl,,1,21763.200100000002,0.2000000009189825,D31,Totale
PL,2005,D,1433.0,bd_9b_size_cl,,1,286.59999999999997,0.19999999999999998,D31,Totale
PL,2005,F,63375.0,bd_9b_size_cl,,1,12675.0,0.2,D31,Totale
PL,2005,G,253262.0,bd_9b_size_cl,,1,50652.4,0.2,D31,Totale
PL,2005,H,37665.0,bd_9b_size_cl,,1,7533.0,0.2,D31,Totale
PL,2005,I,29935.0,bd_9b_size_cl,,1,5987.0,0.2,D31,Totale
PL,2005,L,66932.0,bd_9b_size_cl,,1,13386.4,0.19999999999999998,D31,Totale
PL,2006,B,907.0,bd_9b_size_cl,,1,181.4,0.2,D31,Totale
PL,2006,C,107466.0,bd_9b_size_cl,,1,21493.2,0.2,D31,Totale
PL,2006,D,1460.0,bd_9b_size_cl,,1,292.0,0.2,D31,Totale
PL,2006,F,65509.0,bd_9b_size_cl,,1,13101.8,0.19999999999999998,D31,Totale
PL,2006,G,249080.0,bd_9b_size_cl,,1,49816.0,0.2,D31,Totale
PL,2006,H,38635.0,bd_9b_size_cl,,1,7727.0,0.2,D31,Totale
PL,2006,I,30070.0,bd_9b_size_cl,,1,6014.0,0.2,D31,Totale
PL,2006,L,69254.0,bd_9b_size_cl,,1,13850.8,0.19999999999999998,D31,Totale
PL,2007,B,977.0,bd_9b_size_cl,,1,195.4,0.2,D31,Totale
PL,2007,C,110711.0,bd_9b_size_cl,,1,22142.2001,0.2000000009032526,D31,Totale
PL,2007,D,1525.0,bd_9b_size_cl,,1,305.0,0.2,D31,Totale
PL,2007,F,76990.0,bd_9b_size_cl,,1,15398.0,0.2,D31,Totale
PL,2007,G,257028.0,bd_9b_size_cl,,1,51405.600000000006,0.2,D31,Totale
PL,2007,H,44481.0,bd_9b_size_cl,,1,8896.2,0.2,D31,Totale
PL,2007,I,31447.0,bd_9b_size_cl,,1,6289.4,0.19999999999999998,D31,Totale
PL,2007,L,77094.0,bd_9b_size_cl,,1,15418.8,0.19999999999999998,D31,Totale
DE,2008,B,3977.2,sbs_na_sca_r2,,1,2306.776,0.58,CP_tot,Totale
DE,2008,C,329704.6,sbs_na_sca_r2,,1,191228.668,0.5800000000000001,CP_tot,Totale
DE,2008,D,15723.1,sbs_na_sca_r2,,1,9119.398,0.58,CP_tot,Totale
DE,2008,E,7328.4,sbs_na_sca_r2,,1,4250.47200001,0.5800000000013645,CP_tot,Totale
DE,2008,G,124566.6,sbs_na_sca_r2,,1,72248.628,0.58,CP_tot,Totale
DE,2008,H,52522.1,sbs_na_sca_r2,,1,30462.818,0.58,CP_tot,Totale
DE,2008,I,14559.2,sbs_na_sca_r2,,1,8444.336,0.58,CP_tot,Totale
DE,2008,J,48930.9,sbs_na_sca_r2,,1,28379.92200001,0.5800000000002044,CP_tot,Totale
DE,2008,L,8499.4,sbs_na_sca_r2,,1,4929.652,0.5800000000000001,CP_tot,Totale
DE,2008,M,61072.8,sbs_na_sca_r2,,1,35422.223999999995,0.5799999999999998,CP_tot,Totale
DE,2008,N,42926.6,sbs_na_sca_r2,,1,24897.428,0.5800000000000001,CP_tot,Totale
DE,2009,B,3844.0,sbs_na_sca_r2,,1,2229.5199999899996,0.5799999999973985,CP_tot,Totale
DE,2009,C,309564.8,sbs_na_sca_r2,,1,179547.58399999997,0.58,CP_tot,Totale
DE,2009,D,15846.1,sbs_na_sca_r2,,1,9190.738,0.58,CP_tot,Totale
DE,2009,E,7550.6,sbs_na_sca_r2,,1,4379.34800001,0.5800000000013243,CP_tot,Totale
DE,2009,G,147738.2,sbs_na_sca_r2,,1,85688.15599999999,0.5799999999999998,CP_tot,Totale
DE,2009,H,53233.0,sbs_na_sca_r2,,1,30875.139999999996,0.58,CP_tot,Totale
DE,2009,I,19858.6,sbs_na_sca_r2,,1,11517.988,0.58,CP_tot,Totale
DE,2009,J,48930.4,sbs_na_sca_r2,,1,28379.631999999998,0.58,CP_tot,Totale
DE,2009,L,8038.3,sbs_na_sca_r2,,1,4662.214,0.58,CP_tot,Totale
DE,2009,M,62681.6,sbs_na_sca_r2,,1,36355.32800001,0.5800000000001595,CP_tot,Totale
DE,2009,N,41867.2,sbs_na_sca_r2,,1,24282.976,0.58,CP_tot,Totale
DE,2010,B,3860.8,sbs_na_sca_r2,,1,2239.2639999999997,0.5799999999999998,CP_tot,Totale
DE,2010,C,322266.7,sbs_na_sca_r2,,1,186914.68599998998,0.5799999999999689,CP_tot,Totale
DE,2010,D,15292.6,sbs_na_sca_r2,,1,8869.708,0.5800000000000001,CP_tot,Totale
DE,2010,E,7762.5,sbs_na_sca_r2,,1,4502.249999999999,0.5799999999999998,CP_tot,Totale
DE,2010,F,50323.5,sbs_na_sca_r2,,1,29187.629999999997,0.58,CP_tot,Totale
DE,2010,G,150018.1,sbs_na_sca_r2,,1,87010.49800001,0.5800000000000667,CP_tot,Totale
DE,2010,H,54299.6,sbs_na_sca_r2,,1,31493.767999999996,0.58,CP_tot,Totale
DE,2010,I,19080.0,sbs_na_sca_r2,,1,11066.4,0.58,CP_tot,Totale
DE,2010,J,46580.8,sbs_na_sca_r2,,1,27016.863999989997,0.5799999999997852,CP_tot,Totale
DE,2010,L,8044.8,sbs_na_sca_r2,,1,4665.9839999999995,0.58,CP_tot,Totale
DE,2010,M,65922.4,sbs_na_sca_r2,,1,38234.992,0.5800000000000001,CP_tot,Totale
DE,2010,N,49551.3,sbs_na_sca_r2,,1,28739.754,0.58,CP_tot,Totale
DE,2019,B,2186.9,sbs_na_sca_r2,,1,1268.402,0.58,CP_tot,Totale
DE,2019,C,484691.3,sbs_na_sca_r2,,1,281120.95400001004,0.5800000000000207,CP_tot,Totale
DE,2019,D,22097.6,sbs_na_sca_r2,,1,12816.607999999998,0.58,CP_tot,Totale
DE,2019,E,15157.3,sbs_na_sca_r2,,1,8791.234,0.5800000000000001,CP_tot,Totale
DE,2019,F,91343.8,sbs_na_sca_r2,,1,52979.403999999995,0.58,CP_tot,Totale
DE,2019,G,205313.0,sbs_na_sca_r2,,1,119081.54000000001,0.5800000000000001,CP_tot,Totale
DE,2019,H,81144.8,sbs_na_sca_r2,,1,47063.98399999,0.5799999999998767,CP_tot,Totale
DE,2019,I,34203.1,sbs_na_sca_r2,,1,19837.798,0.58,CP_tot,Totale
DE,2019,J,85641.4,sbs_na_sca_r2,,1,49672.011999990005,0.5799999999998834,CP_tot,Totale
DE,2019,L,15971.3,sbs_na_sca_r2,,1,9263.354,0.58,CP_tot,Totale
DE,2019,M,114049.1,sbs_na_sca_r2,,1,66148.478,0.58,CP_tot,Totale
DE,2019,N,85542.3,sbs_na_sca_r2,,1,49614.53400001,0.5800000000001169,CP_tot,Totale
DE,2020,B,2188.2,sbs_na_sca_r2,,1,1269.156,0.5800000000000001,CP_tot,Totale
DE,2020,C,459858.2,sbs_na_sca_r2,,1,266717.756,0.58,CP_tot,Totale
DE,2020,D,23259.2,sbs_na_sca_r2,,1,13490.336000000001,0.5800000000000001,CP_tot,Totale
DE,2020,E,15803.6,sbs_na_sca_r2,,1,9166.088,0.58,CP_tot,Totale
DE,2020,F,93761.3,sbs_na_sca_r2,,1,54381.554,0.58,CP_tot,Totale
DE,2020,G,205616.5,sbs_na_sca_r2,,1,119257.57,0.5800000000000001,CP_tot,Totale
DE,2020,H,77499.6,sbs_na_sca_r2,,1,44949.768,0.58,CP_tot,Totale
DE,2020,I,21860.5,sbs_na_sca_r2,,1,12679.08999999,0.5799999999995425,CP_tot,Totale
DE,2020,J,86952.0,sbs_na_sca_r2,,1,50432.159999999996,0.58,CP_tot,Totale
DE,2020,L,13724.0,sbs_na_sca_r2,,1,7959.919999999999,0.58,CP_tot,Totale
DE,2020,M,112730.8,sbs_na_sca_r2,,1,65383.864,0.58,CP_tot,Totale
DE,2020,N,75533.7,sbs_na_sca_r2,,1,43809.546,0.5800000000000001,CP_tot,Totale
EE,2008,B,79.3,sbs_na_sca_r2,,1,73.749,0.9299999999999999,CP_tot,Totale
EE,2008,C,1421.7,sbs_na_sca_r2,,1,1322.18099999,0.9299999999929661,CP_tot,Totale
EE,2008,D,102.6,sbs_na_sca_r2,,1,95.41799999999999,0.9299999999999999,CP_tot,Totale
EE,2008,E,52.5,sbs_na_sca_r2,,1,48.825,0.93,CP_tot,Totale
EE,2008,G,1127.2,sbs_na_sca_r2,,1,1048.2959999999998,0.9299999999999998,CP_tot,Totale
EE,2008,H,518.1,sbs_na_sca_r2,,1,481.83299999999997,0.9299999999999999,CP_tot,Totale
EE,2008,I,162.1,sbs_na_sca_r2,,1,150.753,0.9299999999999999,CP_tot,Totale
EE,2008,J,295.8,sbs_na_sca_r2,,1,275.094,0.9299999999999999,CP_tot,Totale
EE,2008,L,87.6,sbs_na_sca_r2,,1,81.468,0.93,CP_tot,Totale
EE,2008,M,310.1,sbs_na_sca_r2,,1,288.393,0.9299999999999998,CP_tot,Totale
EE,2008,N,320.2,sbs_na_sca_r2,,1,297.786,0.93,CP_tot,Totale
EE,2009,B,72.5,sbs_na_sca_r2,,1,67.425,0.9299999999999999,CP_tot,Totale
EE,2009,C,1120.0,sbs_na_sca_r2,,1,1041.59999999,0.9299999999910714,CP_tot,Totale
EE,2009,D,101.3,sbs_na_sca_r2,,1,94.209,0.93,CP_tot,Totale
EE,2009,E,46.9,sbs_na_sca_r2,,1,43.617,0.9299999999999999,CP_tot,Totale
EE,2009,G,908.2,sbs_na_sca_r2,,1,844.626,0.9299999999999999,CP_tot,Totale
EE,2009,H,442.9,sbs_na_sca_r2,,1,411.897,0.93,CP_tot,Totale
EE,2009,I,128.0,sbs_na_sca_r2,,1,119.03999999999999,0.9299999999999999,CP_tot,Totale
EE,2009,J,291.0,sbs_na_sca_r2,,1,270.63,0.9299999999999999,CP_tot,Totale
EE,2009,L,78.4,sbs_na_sca_r2,,1,72.91199999999999,0.9299999999999998,CP_tot,Totale
EE,2009,M,278.1,sbs_na_sca_r2,,1,258.633,0.9299999999999998,CP_tot,Totale
EE,2009,N,272.3,sbs_na_sca_r2,,1,253.23899999999998,0.9299999999999998,CP_tot,Totale
EE,2010,B,78.1,sbs_na_sca_r2,,1,72.633,0.93,CP_tot,Totale
EE,2010,C,1125.1,sbs_na_sca_r2,,1,1046.3429999999998,0.9299999999999999,CP_tot,Totale
EE,2010,D,102.4,sbs_na_sca_r2,,1,95.23199999999999,0.9299999999999998,CP_tot,Totale
EE,2010,E,43.8,sbs_na_sca_r2,,1,40.733999999999995,0.9299999999999999,CP_tot,Totale
EE,2010,F,426.9,sbs_na_sca_r2,,1,397.01699999999994,0.9299999999999999,CP_tot,Totale
EE,2010,G,842.4,sbs_na_sca_r2,,1,783.43199999,0.9299999999881292,CP_tot,Totale
EE,2010,H,429.7,sbs_na_sca_r2,,1,399.621,0.9299999999999999,CP_tot,Totale
EE,2010,I,125.5,sbs_na_sca_r2,,1,116.715,0.93,CP_tot,Totale
EE,2010,J,283.5,sbs_na_sca_r2,,1,263.655,0.9299999999999999,CP_tot,Totale
EE,2010,L,68.1,sbs_na_sca_r2,,1,63.333,0.93,CP_tot,Totale
EE,2010,M,266.4,sbs_na_sca_r2,,1,247.75199999999998,0.93,CP_tot,Totale
EE,2010,N,282.4,sbs_na_sca_r2,,1,262.632,0.93,CP_tot,Totale
EE,2019,B,98.6,sbs_na_sca_r2,,1,91.69799999,0.9299999998985802,CP_tot,Totale
EE,2019,C,2293.3,sbs_na_sca_r2,,1,2132.769,0.9299999999999998,CP_tot,Totale
EE,2019,D,152.0,sbs_na_sca_r2,,1,141.35999999999999,0.9299999999999999,CP_tot,Totale
EE,2019,E,75.7,sbs_na_sca_r2,,1,70.401,0.9299999999999999,CP_tot,Totale
EE,2019,F,988.4,sbs_na_sca_r2,,1,919.212,0.93,CP_tot,Totale
EE,2019,G,1652.0,sbs_na_sca_r2,,1,1536.36,0.9299999999999999,CP_tot,Totale
EE,2019,H,792.0,sbs_na_sca_r2,,1,736.56,0.9299999999999999,CP_tot,Totale
EE,2019,I,322.7,sbs_na_sca_r2,,1,300.111,0.93,CP_tot,Totale
EE,2019,J,887.6,sbs_na_sca_r2,,1,825.46799999,0.9299999999887336,CP_tot,Totale
EE,2019,L,132.6,sbs_na_sca_r2,,1,123.318,0.93,CP_tot,Totale
EE,2019,M,527.4,sbs_na_sca_r2,,1,490.48199999999997,0.9299999999999999,CP_tot,Totale
EE,2019,N,518.7,sbs_na_sca_r2,,1,482.39099999999996,0.9299999999999998,CP_tot,Totale
EE,2020,B,73.5,sbs_na_sca_r2,,1,68.35500001,0.9300000001360544,CP_tot,Totale
EE,2020,C,2302.7,sbs_na_sca_r2,,1,2141.511,0.93,CP_tot,Totale
EE,2020,D,154.2,sbs_na_sca_r2,,1,143.406,0.9300000000000002,CP_tot,Totale
EE,2020,E,82.1,sbs_na_sca_r2,,1,76.353,0.93,CP_tot,Totale
EE,2020,F,1004.4,sbs_na_sca_r2,,1,934.092,0.93,CP_tot,Totale
EE,2020,G,1696.4,sbs_na_sca_r2,,1,1577.6519999899997,0.929999999994105,CP_tot,Totale
EE,2020,H,781.5,sbs_na_sca_r2,,1,726.795,0.9299999999999999,CP_tot,Totale
EE,2020,I,253.9,sbs_na_sca_r2,,1,236.12699999999998,0.9299999999999999,CP_tot,Totale
EE,2020,J,1015.7,sbs_na_sca_r2,,1,944.6010000099999,0.9300000000098453,CP_tot,Totale
EE,2020,L,141.1,sbs_na_sca_r2,,1,131.22299999999998,0.9299999999999999,CP_tot,Totale
EE,2020,M,596.8,sbs_na_sca_r2,,1,555.024,0.93,CP_tot,Totale
EE,2020,N,492.5,sbs_na_sca_r2,,1,458.025,0.9299999999999999,CP_tot,Totale
ES,2008,B,1327.5,sbs_na_sca_r2,,1,1101.8249999999998,0.8299999999999998,CP_tot,Totale
ES,2008,C,78396.3,sbs_na_sca_r2,,1,65068.929000000004,0.8300000000000001,CP_tot,Totale
ES,2008,D,2619.0,sbs_na_sca_r2,,1,2173.7699999999995,0.8299999999999998,CP_tot,Totale
ES,2008,E,3358.7,sbs_na_sca_r2,,1,2787.721,0.8300000000000001,CP_tot,Totale
ES,2008,G,68247.2,sbs_na_sca_r2,,1,56645.17599999999,0.83,CP_tot,Totale
ES,2008,H,25974.1,sbs_na_sca_r2,,1,21558.503000009998,0.830000000000385,CP_tot,Totale
ES,2008,I,18959.2,sbs_na_sca_r2,,1,15736.135999999999,0.8299999999999998,CP_tot,Totale
ES,2008,J,17870.5,sbs_na_sca_r2,,1,14832.514999989999,0.8299999999994403,CP_tot,Totale
ES,2008,L,4214.4,sbs_na_sca_r2,,1,3497.9519999999998,0.8300000000000001,CP_tot,Totale
ES,2008,M,24210.5,sbs_na_sca_r2,,1,20094.715,0.83,CP_tot,Totale
ES,2008,N,23260.1,sbs_na_sca_r2,,1,19305.882999999998,0.83,CP_tot,Totale
ES,2009,B,1170.8,sbs_na_sca_r2,,1,971.7640000099999,0.8300000000085411,CP_tot,Totale
ES,2009,C,69741.1,sbs_na_sca_r2,,1,57885.113,0.8299999999999998,CP_tot,Totale
ES,2009,D,2887.4,sbs_na_sca_r2,,1,2396.5420000100003,0.8300000000034634,CP_tot,Totale
ES,2009,E,3537.1,sbs_na_sca_r2,,1,2935.793,0.8300000000000001,CP_tot,Totale
ES,2009,G,65135.8,sbs_na_sca_r2,,1,54062.71399999999,0.8299999999999998,CP_tot,Totale
ES,2009,H,24754.1,sbs_na_sca_r2,,1,20545.903,0.83,CP_tot,Totale
ES,2009,I,18450.2,sbs_na_sca_r2,,1,15313.666,0.83,CP_tot,Totale
ES,2009,J,18059.6,sbs_na_sca_r2,,1,14989.46799999,0.8299999999994463,CP_tot,Totale
ES,2009,L,3398.0,sbs_na_sca_r2,,1,2820.3400000099996,0.8300000000029428,CP_tot,Totale
ES,2009,M,23973.1,sbs_na_sca_r2,,1,19897.672999989998,0.8299999999995828,CP_tot,Totale
ES,2009,N,22253.8,sbs_na_sca_r2,,1,18470.654,0.83,CP_tot,Totale
ES,2010,B,1119.5,sbs_na_sca_r2,,1,929.185,0.83,CP_tot,Totale
ES,2010,C,68394.1,sbs_na_sca_r2,,1,56767.103,0.83,CP_tot,Totale
ES,2010,D,2716.2,sbs_na_sca_r2,,1,2254.446,0.8300000000000001,CP_tot,Totale
ES,2010,E,4039.3,sbs_na_sca_r2,,1,3352.6189999999997,0.8299999999999998,CP_tot,Totale
ES,2010,F,42069.5,sbs_na_sca_r2,,1,34917.685000000005,0.8300000000000001,CP_tot,Totale
ES,2010,G,64197.3,sbs_na_sca_r2,,1,53283.75899999999,0.8299999999999998,CP_tot,Totale
ES,2010,H,24768.0,sbs_na_sca_r2,,1,20557.44,0.83,CP_tot,Totale
ES,2010,I,18523.9,sbs_na_sca_r2,,1,15374.837,0.83,CP_tot,Totale
ES,2010,J,18219.5,sbs_na_sca_r2,,1,15122.184999999998,0.8299999999999998,CP_tot,Totale
ES,2010,L,3394.2,sbs_na_sca_r2,,1,2817.1859999999997,0.83,CP_tot,Totale
ES,2010,M,23706.7,sbs_na_sca_r2,,1,19676.561,0.8300000000000001,CP_tot,Totale
ES,2010,N,22121.1,sbs_na_sca_r2,,1,18360.513,0.83,CP_tot,Totale
ES,2019,B,698.7,sbs_na_sca_r2,,1,579.9209999999999,0.8299999999999998,CP_tot,Totale
ES,2019,C,76776.1,sbs_na_sca_r2,,1,63724.163000010005,0.8300000000001303,CP_tot,Totale
ES,2019,D,3263.0,sbs_na_sca_r2,,1,2708.29,0.83,CP_tot,Totale
ES,2019,E,6644.6,sbs_na_sca_r2,,1,5515.018,0.83,CP_tot,Totale
ES,2019,F,35583.8,sbs_na_sca_r2,,1,29534.553999999996,0.8299999999999998,CP_tot,Totale
ES,2019,G,76716.9,sbs_na_sca_r2,,1,63675.026999999995,0.83,CP_tot,Totale
ES,2019,H,28122.8,sbs_na_sca_r2,,1,23341.924,0.83,CP_tot,Totale
ES,2019,I,26890.4,sbs_na_sca_r2,,1,22319.032,0.83,CP_tot,Totale
ES,2019,J,25125.5,sbs_na_sca_r2,,1,20854.165,0.8300000000000001,CP_tot,Totale
ES,2019,L,4624.3,sbs_na_sca_r2,,1,3838.169,0.83,CP_tot,Totale
ES,2019,M,33147.3,sbs_na_sca_r2,,1,27512.259,0.8299999999999998,CP_tot,Totale
ES,2019,N,31759.7,sbs_na_sca_r2,,1,26360.550999999996,0.8299999999999998,CP_tot,Totale
ES,2020,B,688.5,sbs_na_sca_r2,,1,571.4549999999999,0.8299999999999998,CP_tot,Totale
ES,2020,C,74547.7,sbs_na_sca_r2,,1,61874.59100001,0.8300000000001342,CP_tot,Totale
ES,2020,D,3192.6,sbs_na_sca_r2,,1,2649.8579999999997,0.83,CP_tot,Totale
ES,2020,E,6788.9,sbs_na_sca_r2,,1,5634.787,0.8300000000000001,CP_tot,Totale
ES,2020,F,32202.9,sbs_na_sca_r2,,1,26728.407,0.83,CP_tot,Totale
ES,2020,G,72120.5,sbs_na_sca_r2,,1,59860.01499998999,0.8299999999998612,CP_tot,Totale
ES,2020,H,26583.5,sbs_na_sca_r2,,1,22064.305,0.83,CP_tot,Totale
ES,2020,I,16573.4,sbs_na_sca_r2,,1,13755.921999999999,0.8299999999999998,CP_tot,Totale
ES,2020,J,24645.2,sbs_na_sca_r2,,1,20455.516,0.83,CP_tot,Totale
ES,2020,L,4396.2,sbs_na_sca_r2,,1,3648.846,0.8300000000000001,CP_tot,Totale
ES,2020,M,33317.3,sbs_na_sca_r2,,1,27653.359,0.83,CP_tot,Totale
ES,2020,N,29884.2,sbs_na_sca_r2,,1,24803.886,0.83,CP_tot,Totale
FR,2009,B,1273.9,sbs_na_sca_r2,,1,980.9029999999999,0.7699999999999999,CP_tot,Totale
FR,2009,C,146800.8,sbs_na_sca_r2,,1,113036.616,0.77,CP_tot,Totale
FR,2009,D,11791.8,sbs_na_sca_r2,,1,9079.686,0.77,CP_tot,Totale
FR,2009,E,6281.0,sbs_na_sca_r2,,1,4836.37,0.77,CP_tot,Totale
FR,2009,G,119099.3,sbs_na_sca_r2,,1,91706.461,0.7699999999999999,CP_tot,Totale
FR,2009,H,57057.5,sbs_na_sca_r2,,1,43934.274999999994,0.7699999999999999,CP_tot,Totale
FR,2009,I,24665.5,sbs_na_sca_r2,,1,18992.434999999998,0.7699999999999999,CP_tot,Totale
FR,2009,J,45137.0,sbs_na_sca_r2,,1,34755.49,0.7699999999999999,CP_tot,Totale
FR,2009,L,10649.7,sbs_na_sca_r2,,1,8200.268999999998,0.7699999999999998,CP_tot,Totale
FR,2009,M,66271.6,sbs_na_sca_r2,,1,51029.132,0.7699999999999999,CP_tot,Totale
FR,2009,N,48453.3,sbs_na_sca_r2,,1,37309.041,0.7699999999999999,CP_tot,Totale
FR,2010,B,1333.8,sbs_na_sca_r2,,1,1027.0259999999998,0.7699999999999999,CP_tot,Totale
FR,2010,C,147277.0,sbs_na_sca_r2,,1,113403.29,0.7699999999999999,CP_tot,Totale
FR,2010,D,12019.1,sbs_na_sca_r2,,1,9254.70699999,0.7699999999991679,CP_tot,Totale
FR,2010,E,6770.8,sbs_na_sca_r2,,1,5213.516,0.7699999999999999,CP_tot,Totale
FR,2010,F,68743.9,sbs_na_sca_r2,,1,52932.803,0.77,CP_tot,Totale
FR,2010,G,122311.8,sbs_na_sca_r2,,1,94180.086,0.7699999999999999,CP_tot,Totale
FR,2010,H,58315.1,sbs_na_sca_r2,,1,44902.62699999999,0.7699999999999999,CP_tot,Totale
FR,2010,I,26742.1,sbs_na_sca_r2,,1,20591.417,0.7700000000000001,CP_tot,Totale
FR,2010,J,46860.4,sbs_na_sca_r2,,1,36082.507999999994,0.7699999999999999,CP_tot,Totale
FR,2010,L,11311.3,sbs_na_sca_r2,,1,8709.701000000001,0.7700000000000001,CP_tot,Totale
FR,2010,M,72625.8,sbs_na_sca_r2,,1,55921.866,0.77,CP_tot,Totale
FR,2010,N,52598.3,sbs_na_sca_r2,,1,40500.691,0.7699999999999999,CP_tot,Totale
FR,2019,B,985.0,sbs_na_sca_r2,,1,758.4499999999999,0.7699999999999999,CP_tot,Totale
FR,2019,C,184277.2,sbs_na_sca_r2,,1,141893.444,0.7699999999999999,CP_tot,Totale
FR,2019,D,16002.0,sbs_na_sca_r2,,1,12321.539999999999,0.7699999999999999,CP_tot,Totale
FR,2019,E,9746.3,sbs_na_sca_r2,,1,7504.65100001,0.7700000000010261,CP_tot,Totale
FR,2019,F,81361.0,sbs_na_sca_r2,,1,62647.96999999,0.769999999999877,CP_tot,Totale
FR,2019,G,142725.3,sbs_na_sca_r2,,1,109898.48100001,0.7700000000000701,CP_tot,Totale
FR,2019,H,66867.3,sbs_na_sca_r2,,1,51487.82099999999,0.7699999999999998,CP_tot,Totale
FR,2019,I,35799.2,sbs_na_sca_r2,,1,27565.384,0.77,CP_tot,Totale
FR,2019,J,64505.8,sbs_na_sca_r2,,1,49669.46599999,0.769999999999845,CP_tot,Totale
FR,2019,L,12672.1,sbs_na_sca_r2,,1,9757.517,0.77,CP_tot,Totale
FR,2019,M,75591.6,sbs_na_sca_r2,,1,58205.532,0.7699999999999999,CP_tot,Totale
FR,2019,N,69920.3,sbs_na_sca_r2,,1,53838.631,0.77,CP_tot,Totale
FR,2020,B,998.1,sbs_na_sca_r2,,1,768.537,0.77,CP_tot,Totale
FR,2020,C,176343.9,sbs_na_sca_r2,,1,135784.80299999,0.7699999999999433,CP_tot,Totale
FR,2020,D,15453.2,sbs_na_sca_r2,,1,11898.964,0.7699999999999999,CP_tot,Totale
FR,2020,E,9669.7,sbs_na_sca_r2,,1,7445.669,0.7699999999999999,CP_tot,Totale
FR,2020,F,80544.8,sbs_na_sca_r2,,1,62019.495999989995,0.7699999999998758,CP_tot,Totale
FR,2020,G,139143.7,sbs_na_sca_r2,,1,107140.64899999,0.769999999999928,CP_tot,Totale
FR,2020,H,62384.4,sbs_na_sca_r2,,1,48035.988,0.7699999999999999,CP_tot,Totale
FR,2020,I,26234.2,sbs_na_sca_r2,,1,20200.333999989998,0.7699999999996188,CP_tot,Totale
FR,2020,J,65745.8,sbs_na_sca_r2,,1,50624.265999999996,0.7699999999999999,CP_tot,Totale
FR,2020,L,13269.6,sbs_na_sca_r2,,1,10217.59199999,0.7699999999992464,CP_tot,Totale
FR,2020,M,72892.2,sbs_na_sca_r2,,1,56126.99399999999,0.7699999999999999,CP_tot,Totale
FR,2020,N,61722.4,sbs_na_sca_r2,,1,47526.248,0.77,CP_tot,Totale
GB,2008,B,4631.2,sbs_na_sca_r2,,1,3149.216,0.68,CP_tot,Totale
GB,2008,C,102193.0,sbs_na_sca_r2,,1,69491.24,0.68,CP_tot,Totale
GB,2008,D,5789.6,sbs_na_sca_r2,,1,3936.928,0.6799999999999999,CP_tot,Totale
GB,2008,E,5667.0,sbs_na_sca_r2,,1,3853.56,0.6799999999999999,CP_tot,Totale
GB,2008,G,104984.6,sbs_na_sca_r2,,1,71389.52799999999,0.6799999999999998,CP_tot,Totale
GB,2008,H,45464.7,sbs_na_sca_r2,,1,30915.996000009996,0.6800000000002199,CP_tot,Totale
GB,2008,I,23823.3,sbs_na_sca_r2,,1,16199.844,0.6799999999999999,CP_tot,Totale
GB,2008,J,58689.8,sbs_na_sca_r2,,1,39909.064,0.6799999999999999,CP_tot,Totale
GB,2008,L,12231.5,sbs_na_sca_r2,,1,8317.42,0.68,CP_tot,Totale
GB,2008,M,82838.6,sbs_na_sca_r2,,1,56330.24799999999,0.6799999999999998,CP_tot,Totale
GB,2008,N,55022.2,sbs_na_sca_r2,,1,37415.096,0.68,CP_tot,Totale
GB,2009,B,4099.1,sbs_na_sca_r2,,1,2787.388,0.6799999999999999,CP_tot,Totale
GB,2009,C,85623.4,sbs_na_sca_r2,,1,58223.912,0.68,CP_tot,Totale
GB,2009,D,5541.6,sbs_na_sca_r2,,1,3768.288,0.6799999999999999,CP_tot,Totale
GB,2009,E,4722.6,sbs_na_sca_r2,,1,3211.368,0.6799999999999999,CP_tot,Totale
GB,2009,G,93238.0,sbs_na_sca_r2,,1,63401.84,0.6799999999999999,CP_tot,Totale
GB,2009,H,39853.7,sbs_na_sca_r2,,1,27100.51600001,0.680000000000251,CP_tot,Totale
GB,2009,I,21196.8,sbs_na_sca_r2,,1,14413.823999999999,0.6799999999999999,CP_tot,Totale
GB,2009,J,48506.5,sbs_na_sca_r2,,1,32984.41999999,0.6799999999997939,CP_tot,Totale
GB,2009,L,11079.8,sbs_na_sca_r2,,1,7534.263999999999,0.6799999999999999,CP_tot,Totale
GB,2009,M,68654.3,sbs_na_sca_r2,,1,46684.924,0.6799999999999999,CP_tot,Totale
GB,2009,N,46211.0,sbs_na_sca_r2,,1,31423.48,0.6799999999999999,CP_tot,Totale
GB,2010,B,4958.0,sbs_na_sca_r2,,1,3371.4399999999996,0.6799999999999999,CP_tot,Totale
GB,2010,C,86729.3,sbs_na_sca_r2,,1,58975.92399999999,0.6799999999999999,CP_tot,Totale
GB,2010,D,6213.6,sbs_na_sca_r2,,1,4225.248,0.6799999999999999,CP_tot,Totale
GB,2010,E,4873.9,sbs_na_sca_r2,,1,3314.25200001,0.6800000000020517,CP_tot,Totale
GB,2010,F,41640.0,sbs_na_sca_r2,,1,28315.19999999,0.6799999999997598,CP_tot,Totale
GB,2010,G,97333.1,sbs_na_sca_r2,,1,66186.50800001,0.6800000000001026,CP_tot,Totale
GB,2010,H,40096.6,sbs_na_sca_r2,,1,27265.688000000002,0.68,CP_tot,Totale
GB,2010,I,22231.4,sbs_na_sca_r2,,1,15117.35199999,0.6799999999995502,CP_tot,Totale
GB,2010,J,50386.3,sbs_na_sca_r2,,1,34262.684,0.6799999999999999,CP_tot,Totale
GB,2010,L,11310.8,sbs_na_sca_r2,,1,7691.344000009999,0.6800000000008841,CP_tot,Totale
GB,2010,M,73058.6,sbs_na_sca_r2,,1,49679.848,0.6799999999999999,CP_tot,Totale
GB,2010,N,49457.9,sbs_na_sca_r2,,1,33631.37200000999,0.680000000000202,CP_tot,Totale
IT,2008,B,1947.3,sbs_na_sca_r2,d,1,1402.056,0.7200000000000001,CP_tot,Totale
IT,2008,C,137925.9,sbs_na_sca_r2,d,1,99306.64799999999,0.72,CP_tot,Totale
IT,2008,D,4661.9,sbs_na_sca_r2,d,1,3356.5679999999998,0.72,CP_tot,Totale
IT,2008,E,6345.6,sbs_na_sca_r2,d,1,4568.831999999999,0.7199999999999999,CP_tot,Totale
IT,2008,F,37190.7,sbs_na_sca_r2,,1,26777.303999989996,0.7199999999997311,CP_tot,Totale
IT,2008,G,60608.8,sbs_na_sca_r2,,1,43638.335999999996,0.7199999999999999,CP_tot,Totale
IT,2008,H,36429.0,sbs_na_sca_r2,,1,26228.88000001,0.7200000000002744,CP_tot,Totale
IT,2008,I,15884.3,sbs_na_sca_r2,,1,11436.696,0.72,CP_tot,Totale
IT,2008,J,22015.5,sbs_na_sca_r2,,1,15851.159999989999,0.7199999999995458,CP_tot,Totale
IT,2008,L,2011.1,sbs_na_sca_r2,,1,1447.992,0.72,CP_tot,Totale
IT,2008,M,18445.2,sbs_na_sca_r2,,1,13280.544,0.72,CP_tot,Totale
IT,2008,N,21694.8,sbs_na_sca_r2,,1,15620.256,0.72,CP_tot,Totale
IT,2009,B,1900.8,sbs_na_sca_r2,,1,1368.5759999999998,0.7199999999999999,CP_tot,Totale
IT,2009,C,128421.0,sbs_na_sca_r2,,1,92463.12,0.72,CP_tot,Totale
IT,2009,D,4977.6,sbs_na_sca_r2,,1,3583.872,0.7199999999999999,CP_tot,Totale
IT,2009,E,6787.3,sbs_na_sca_r2,,1,4886.856,0.72,CP_tot,Totale
IT,2009,F,38694.3,sbs_na_sca_r2,,1,27859.895999999997,0.7199999999999999,CP_tot,Totale
IT,2009,G,61934.0,sbs_na_sca_r2,,1,44592.48,0.7200000000000001,CP_tot,Totale
IT,2009,H,36097.8,sbs_na_sca_r2,,1,25990.41600001,0.7200000000002769,CP_tot,Totale
IT,2009,I,15688.7,sbs_na_sca_r2,,1,11295.864,0.72,CP_tot,Totale
IT,2009,J,23026.9,sbs_na_sca_r2,,1,16579.368,0.7199999999999999,CP_tot,Totale
IT,2009,L,1800.5,sbs_na_sca_r2,,1,1296.36,0.72,CP_tot,Totale
IT,2009,M,17645.9,sbs_na_sca_r2,,1,12705.047999999999,0.7199999999999999,CP_tot,Totale
IT,2009,N,20327.8,sbs_na_sca_r2,,1,14636.015999989999,0.719999999999508,CP_tot,Totale
IT,2010,B,2005.1,sbs_na_sca_r2,,1,1443.672,0.7200000000000001,CP_tot,Totale
IT,2010,C,130148.8,sbs_na_sca_r2,,1,93707.136,0.72,CP_tot,Totale
IT,2010,D,4932.9,sbs_na_sca_r2,,1,3551.6879999999996,0.72,CP_tot,Totale
IT,2010,E,7030.1,sbs_na_sca_r2,,1,5061.672,0.7199999999999999,CP_tot,Totale
IT,2010,F,34509.1,sbs_na_sca_r2,,1,24846.552,0.72,CP_tot,Totale
IT,2010,G,63770.4,sbs_na_sca_r2,,1,45914.687999999995,0.7199999999999999,CP_tot,Totale
IT,2010,H,36196.8,sbs_na_sca_r2,,1,26061.696,0.72,CP_tot,Totale
IT,2010,I,16386.0,sbs_na_sca_r2,,1,11797.920000009999,0.7200000000006103,CP_tot,Totale
IT,2010,J,23164.9,sbs_na_sca_r2,,1,16678.728,0.72,CP_tot,Totale
IT,2010,L,2144.9,sbs_na_sca_r2,,1,1544.3280000099999,0.7200000000046621,CP_tot,Totale
IT,2010,M,19135.0,sbs_na_sca_r2,,1,13777.2,0.7200000000000001,CP_tot,Totale
IT,2010,N,21845.5,sbs_na_sca_r2,,1,15728.76,0.72,CP_tot,Totale
IT,2019,B,908.3,sbs_na_sca_r2,,1,653.9759999999999,0.7199999999999999,CP_tot,Totale
IT,2019,C,151871.7,sbs_na_sca_r2,,1,109347.62400000001,0.72,CP_tot,Totale
IT,2019,D,5711.7,sbs_na_sca_r2,,1,4112.423999999999,0.7199999999999999,CP_tot,Totale
IT,2019,E,8828.9,sbs_na_sca_r2,,1,6356.807999999999,0.72,CP_tot,Totale
IT,2019,F,30808.4,sbs_na_sca_r2,,1,22182.048,0.72,CP_tot,Totale
IT,2019,G,75728.3,sbs_na_sca_r2,,1,54524.376,0.72,CP_tot,Totale
IT,2019,H,41083.5,sbs_na_sca_r2,,1,29580.12000001,0.7200000000002434,CP_tot,Totale
IT,2019,I,23676.8,sbs_na_sca_r2,,1,17047.296,0.72,CP_tot,Totale
IT,2019,J,25702.8,sbs_na_sca_r2,,1,18506.016,0.72,CP_tot,Totale
IT,2019,L,2197.1,sbs_na_sca_r2,,1,1581.912,0.7200000000000001,CP_tot,Totale
IT,2019,M,23067.1,sbs_na_sca_r2,,1,16608.312,0.7200000000000001,CP_tot,Totale
IT,2019,N,32387.8,sbs_na_sca_r2,,1,23319.216,0.72,CP_tot,Totale
IT,2020,B,818.9,sbs_na_sca_r2,,1,589.608,0.72,CP_tot,Totale
IT,2020,C,139545.2,sbs_na_sca_r2,,1,100472.544,0.7199999999999999,CP_tot,Totale
IT,2020,D,5868.6,sbs_na_sca_r2,,1,4225.392,0.72,CP_tot,Totale
IT,2020,E,8863.6,sbs_na_sca_r2,,1,6381.7919999999995,0.7199999999999999,CP_tot,Totale
IT,2020,F,29180.3,sbs_na_sca_r2,,1,21009.816,0.72,CP_tot,Totale
IT,2020,G,70509.9,sbs_na_sca_r2,,1,50767.128000009994,0.7200000000001417,CP_tot,Totale
IT,2020,H,38553.6,sbs_na_sca_r2,,1,27758.591999999997,0.72,CP_tot,Totale
IT,2020,I,14955.0,sbs_na_sca_r2,,1,10767.59999999,0.7199999999993313,CP_tot,Totale
IT,2020,J,25343.9,sbs_na_sca_r2,,1,18247.608,0.72,CP_tot,Totale
IT,2020,L,1997.7,sbs_na_sca_r2,,1,1438.344,0.72,CP_tot,Totale
IT,2020,M,22161.6,sbs_na_sca_r2,,1,15956.352,0.7200000000000001,CP_tot,Totale
IT,2020,N,29555.4,sbs_na_sca_r2,,1,21279.88799999,0.7199999999996616,CP_tot,Totale
PL,2008,B,4343.7,sbs_na_sca_r2,,1,2258.7239999999997,0.5199999999999999,CP_tot,Totale
PL,2008,C,27040.1,sbs_na_sca_r2,,1,14060.85199999,0.5199999999996302,CP_tot,Totale
PL,2008,D,3130.8,sbs_na_sca_r2,,1,1628.01600001,0.520000000003194,CP_tot,Totale
PL,2008,E,1302.2,sbs_na_sca_r2,,1,677.1439999999999,0.5199999999999999,CP_tot,Totale
PL,2008,G,16095.2,sbs_na_sca_r2,,1,8369.503999999999,0.5199999999999999,CP_tot,Totale
PL,2008,H,6770.4,sbs_na_sca_r2,,1,3520.6080000099996,0.520000000001477,CP_tot,Totale
PL,2008,I,1199.8,sbs_na_sca_r2,,1,623.89600001,0.5200000000083347,CP_tot,Totale
PL,2008,J,4213.8,sbs_na_sca_r2,,1,2191.17599999,0.5199999999976268,CP_tot,Totale
PL,2008,L,1486.5,sbs_na_sca_r2,,1,772.9799999999999,0.5199999999999999,CP_tot,Totale
PL,2008,M,3731.8,sbs_na_sca_r2,,1,1940.536,0.52,CP_tot,Totale
PL,2008,N,3025.8,sbs_na_sca_r2,,1,1573.4160000099998,0.5200000000033048,CP_tot,Totale
PL,2009,B,3742.6,sbs_na_sca_r2,,1,1946.1519999999998,0.52,CP_tot,Totale
PL,2009,C,21089.4,sbs_na_sca_r2,,1,10966.488000009998,0.5200000000004741,CP_tot,Totale
PL,2009,D,2652.9,sbs_na_sca_r2,,1,1379.5079999999998,0.5199999999999999,CP_tot,Totale
PL,2009,E,1161.2,sbs_na_sca_r2,,1,603.82399999,0.5199999999913881,CP_tot,Totale
PL,2009,G,13332.4,sbs_na_sca_r2,,1,6932.848,0.52,CP_tot,Totale
PL,2009,H,5522.2,sbs_na_sca_r2,,1,2871.5439999999994,0.5199999999999999,CP_tot,Totale
PL,2009,I,1009.3,sbs_na_sca_r2,,1,524.8359999999999,0.5199999999999999,CP_tot,Totale
PL,2009,J,3525.6,sbs_na_sca_r2,,1,1833.31200001,0.5200000000028364,CP_tot,Totale
PL,2009,L,1269.9,sbs_na_sca_r2,,1,660.348,0.5199999999999999,CP_tot,Totale
PL,2009,M,3412.0,sbs_na_sca_r2,,1,1774.24,0.52,CP_tot,Totale
PL,2009,N,2637.0,sbs_na_sca_r2,,1,1371.24000001,0.5200000000037922,CP_tot,Totale
PL,2010,B,3972.8,sbs_na_sca_r2,,1,2065.8559999999998,0.5199999999999999,CP_tot,Totale
PL,2010,C,23692.6,sbs_na_sca_r2,,1,12320.152,0.52,CP_tot,Totale
PL,2010,D,3379.7,sbs_na_sca_r2,,1,1757.44399999,0.5199999999970412,CP_tot,Totale
PL,2010,E,1371.5,sbs_na_sca_r2,,1,713.18,0.52,CP_tot,Totale
PL,2010,F,6683.4,sbs_na_sca_r2,,1,3475.3679999899996,0.5199999999985038,CP_tot,Totale
PL,2010,G,14798.5,sbs_na_sca_r2,,1,7695.219999999999,0.5199999999999999,CP_tot,Totale
PL,2010,H,6130.9,sbs_na_sca_r2,,1,3188.0679999999998,0.52,CP_tot,Totale
PL,2010,I,1110.9,sbs_na_sca_r2,,1,577.668,0.52,CP_tot,Totale
PL,2010,J,3968.0,sbs_na_sca_r2,,1,2063.3599999999997,0.5199999999999999,CP_tot,Totale
PL,2010,L,1457.2,sbs_na_sca_r2,,1,757.7439999999999,0.5199999999999999,CP_tot,Totale
PL,2010,M,3787.5,sbs_na_sca_r2,,1,1969.4999999999998,0.5199999999999999,CP_tot,Totale
PL,2010,N,3253.4,sbs_na_sca_r2,,1,1691.76800001,0.5200000000030737,CP_tot,Totale
PL,2019,B,4042.8,sbs_na_sca_r2,,1,2102.2560000099998,0.5200000000024735,CP_tot,Totale
PL,2019,C,43303.9,sbs_na_sca_r2,,1,22518.028,0.5199999999999999,CP_tot,Totale
PL,2019,D,3698.7,sbs_na_sca_r2,,1,1923.324,0.52,CP_tot,Totale
PL,2019,E,2333.5,sbs_na_sca_r2,,1,1213.4199999999998,0.5199999999999999,CP_tot,Totale
PL,2019,F,9439.6,sbs_na_sca_r2,,1,4908.592,0.5199999999999999,CP_tot,Totale
PL,2019,G,26862.5,sbs_na_sca_r2,,1,13968.5,0.52,CP_tot,Totale
PL,2019,H,10493.5,sbs_na_sca_r2,,1,5456.62,0.52,CP_tot,Totale
PL,2019,I,2665.7,sbs_na_sca_r2,,1,1386.1640000099999,0.5200000000037514,CP_tot,Totale
PL,2019,J,8646.2,sbs_na_sca_r2,,1,4496.0239999899995,0.5199999999988433,CP_tot,Totale
PL,2019,L,2141.9,sbs_na_sca_r2,,1,1113.78800001,0.5200000000046687,CP_tot,Totale
PL,2019,M,8022.9,sbs_na_sca_r2,,1,4171.90800001,0.5200000000012465,CP_tot,Totale
PL,2019,N,7710.2,sbs_na_sca_r2,,1,4009.3039999999996,0.52,CP_tot,Totale
PL,2020,B,3914.1,sbs_na_sca_r2,,1,2035.3319999999999,0.52,CP_tot,Totale
PL,2020,C,42711.9,sbs_na_sca_r2,,1,22210.188,0.5199999999999999,CP_tot,Totale
PL,2020,D,3684.6,sbs_na_sca_r2,,1,1915.99200001,0.5200000000027141,CP_tot,Totale
PL,2020,E,2386.2,sbs_na_sca_r2,,1,1240.824,0.52,CP_tot,Totale
PL,2020,F,9625.2,sbs_na_sca_r2,,1,5005.103999999999,0.5199999999999999,CP_tot,Totale
PL,2020,G,26541.6,sbs_na_sca_r2,,1,13801.632,0.52,CP_tot,Totale
PL,2020,H,10676.7,sbs_na_sca_r2,,1,5551.884,0.52,CP_tot,Totale
PL,2020,I,2332.5,sbs_na_sca_r2,,1,1212.9,0.52,CP_tot,Totale
PL,2020,J,8991.3,sbs_na_sca_r2,,1,4675.476,0.52,CP_tot,Totale
PL,2020,L,2100.4,sbs_na_sca_r2,,1,1092.2079999999999,0.5199999999999999,CP_tot,Totale
PL,2020,M,8066.4,sbs_na_sca_r2,,1,4194.52800001,0.5200000000012398,CP_tot,Totale
PL,2020,N,7386.7,sbs_na_sca_r2,,1,3841.08399999,0.5199999999986462,CP_tot,Totale
DE,2021,B,2185.02,sbs_ovw_act,,1,1267.3116,0.58,CP_tot,Totale
DE,2021,C,487399.26,sbs_ovw_act,,1,282691.57080001,0.5800000000000205,CP_tot,Totale
DE,2021,D,24365.87,sbs_ovw_act,,1,14132.2046,0.58,CP_tot,Totale
DE,2021,E,15036.59,sbs_ovw_act,,1,8721.222199999998,0.5799999999999998,CP_tot,Totale
DE,2021,F,99604.35,sbs_ovw_act,,1,57770.523,0.58,CP_tot,Totale
DE,2021,G,212341.75,sbs_ovw_act,,1,123158.215,0.58,CP_tot,Totale
DE,2021,H,84116.2,sbs_ovw_act,,1,48787.395999989996,0.579999999999881,CP_tot,Totale
DE,2021,I,25605.27,sbs_ovw_act,,1,14851.0566,0.58,CP_tot,Totale
DE,2021,J,94307.52,sbs_ovw_act,,1,54698.3616,0.58,CP_tot,Totale
DE,2021,L,18572.56,sbs_ovw_act,,1,10772.0848,0.58,CP_tot,Totale
DE,2021,M,119096.98,sbs_ovw_act,,1,69076.2484,0.58,CP_tot,Totale
DE,2021,N,83055.69,sbs_ovw_act,,1,48172.300200009995,0.5800000000001203,CP_tot,Totale
DE,2022,B,2467.4,sbs_ovw_act,,1,1431.0919999999999,0.58,CP_tot,Totale
DE,2022,C,518848.2,sbs_ovw_act,,1,300931.95599999995,0.5799999999999998,CP_tot,Totale
DE,2022,D,27078.24,sbs_ovw_act,,1,15705.379199999998,0.5799999999999998,CP_tot,Totale
DE,2022,E,16427.96,sbs_ovw_act,,1,9528.2168,0.5800000000000001,CP_tot,Totale
DE,2022,F,109502.33,sbs_ovw_act,,1,63511.35140001,0.5800000000000913,CP_tot,Totale
DE,2022,G,227042.91,sbs_ovw_act,,1,131684.8878,0.58,CP_tot,Totale
DE,2022,H,93584.99,sbs_ovw_act,,1,54279.2942,0.58,CP_tot,Totale
DE,2022,I,34249.95,sbs_ovw_act,,1,19864.970999999998,0.58,CP_tot,Totale
DE,2022,J,101644.36,sbs_ovw_act,,1,58953.72880001,0.5800000000000984,CP_tot,Totale
DE,2022,L,19061.93,sbs_ovw_act,,1,11055.919399999999,0.58,CP_tot,Totale
DE,2022,M,121809.59,sbs_ovw_act,,1,70649.5622,0.5800000000000001,CP_tot,Totale
DE,2022,N,92428.56,sbs_ovw_act,,1,53608.56480001,0.5800000000001082,CP_tot,Totale
DE,2023,B,2255.94,sbs_ovw_act,,1,1308.4452,0.5800000000000001,CP_tot,Totale
DE,2023,C,534464.65,sbs_ovw_act,,1,309989.497,0.58,CP_tot,Totale
DE,2023,D,28535.97,sbs_ovw_act,,1,16550.8626,0.58,CP_tot,Totale
DE,2023,E,17150.54,sbs_ovw_act,,1,9947.3132,0.58,CP_tot,Totale
DE,2023,F,109072.14,sbs_ovw_act,,1,63261.8412,0.5800000000000001,CP_tot,Totale
DE,2023,G,235802.35,sbs_ovw_act,,1,136765.36299999998,0.58,CP_tot,Totale
DE,2023,H,81624.92,sbs_ovw_act,,1,47342.453599989996,0.5799999999998775,CP_tot,Totale
DE,2023,I,39244.88,sbs_ovw_act,,1,22762.03039999,0.5799999999997452,CP_tot,Totale
DE,2023,J,106748.46,sbs_ovw_act,,1,61914.10679999999,0.5799999999999998,CP_tot,Totale
DE,2023,L,19327.4,sbs_ovw_act,,1,11209.892,0.58,CP_tot,Totale
DE,2023,M,132981.23,sbs_ovw_act,,1,77129.1134,0.58,CP_tot,Totale
DE,2023,N,100341.63,sbs_ovw_act,,1,58198.145399999994,0.58,CP_tot,Totale
EE,2021,B,59.76,sbs_ovw_act,,1,55.57679999999999,0.9299999999999999,CP_tot,Totale
EE,2021,C,2517.29,sbs_ovw_act,,1,2341.0797,0.9299999999999999,CP_tot,Totale
EE,2021,D,150.8,sbs_ovw_act,,1,140.244,0.9299999999999999,CP_tot,Totale
EE,2021,E,89.11,sbs_ovw_act,,1,82.8723,0.9299999999999999,CP_tot,Totale
EE,2021,F,1087.96,sbs_ovw_act,,1,1011.80279999,0.9299999999908085,CP_tot,Totale
EE,2021,G,1854.28,sbs_ovw_act,,1,1724.4804,0.9299999999999999,CP_tot,Totale
EE,2021,H,815.3,sbs_ovw_act,,1,758.2289999999999,0.9299999999999999,CP_tot,Totale
EE,2021,I,262.89,sbs_ovw_act,,1,244.4877,0.93,CP_tot,Totale
EE,2021,J,1180.93,sbs_ovw_act,,1,1098.26489999,0.929999999991532,CP_tot,Totale
EE,2021,L,146.85,sbs_ovw_act,,1,136.57049999999998,0.9299999999999999,CP_tot,Totale
EE,2021,M,700.39,sbs_ovw_act,,1,651.3626999999999,0.9299999999999998,CP_tot,Totale
EE,2021,N,556.77,sbs_ovw_act,,1,517.7961000099999,0.9300000000179606,CP_tot,Totale
EE,2022,B,66.48,sbs_ovw_act,,1,61.82639999999999,0.9299999999999998,CP_tot,Totale
EE,2022,C,2805.87,sbs_ovw_act,,1,2609.45910001,0.930000000003564,CP_tot,Totale
EE,2022,D,179.88,sbs_ovw_act,,1,167.2884,0.93,CP_tot,Totale
EE,2022,E,94.65,sbs_ovw_act,,1,88.02449999999999,0.9299999999999998,CP_tot,Totale
EE,2022,F,1229.72,sbs_ovw_act,,1,1143.63960001,0.930000000008132,CP_tot,Totale
EE,2022,G,2087.65,sbs_ovw_act,,1,1941.5145,0.9299999999999999,CP_tot,Totale
EE,2022,H,893.49,sbs_ovw_act,,1,830.94570001,0.9300000000111921,CP_tot,Totale
EE,2022,I,353.72,sbs_ovw_act,,1,328.95959999999997,0.9299999999999998,CP_tot,Totale
EE,2022,J,1503.59,sbs_ovw_act,,1,1398.3387,0.93,CP_tot,Totale
EE,2022,L,162.96,sbs_ovw_act,,1,151.5528,0.9299999999999999,CP_tot,Totale
EE,2022,M,820.21,sbs_ovw_act,,1,762.7953,0.9299999999999999,CP_tot,Totale
EE,2022,N,688.97,sbs_ovw_act,,1,640.7420999999999,0.9299999999999998,CP_tot,Totale
EE,2023,B,73.21,sbs_ovw_act,,1,68.08529999999999,0.9299999999999999,CP_tot,Totale
EE,2023,C,2942.23,sbs_ovw_act,,1,2736.2739,0.93,CP_tot,Totale
EE,2023,D,217.45,sbs_ovw_act,,1,202.2285,0.93,CP_tot,Totale
EE,2023,E,100.2,sbs_ovw_act,,1,93.18599999999999,0.9299999999999999,CP_tot,Totale
EE,2023,F,1298.61,sbs_ovw_act,,1,1207.7073,0.93,CP_tot,Totale
EE,2023,G,2265.32,sbs_ovw_act,,1,2106.7475999999997,0.9299999999999998,CP_tot,Totale
EE,2023,H,925.74,sbs_ovw_act,,1,860.9381999999999,0.9299999999999999,CP_tot,Totale
EE,2023,I,416.76,sbs_ovw_act,,1,387.5868,0.9299999999999999,CP_tot,Totale
EE,2023,J,1691.35,sbs_ovw_act,,1,1572.9555,0.93,CP_tot,Totale
EE,2023,L,182.6,sbs_ovw_act,,1,169.81799999999998,0.9299999999999999,CP_tot,Totale
EE,2023,M,924.55,sbs_ovw_act,,1,859.8314999999999,0.9299999999999999,CP_tot,Totale
EE,2023,N,748.44,sbs_ovw_act,,1,696.0491999999999,0.9299999999999998,CP_tot,Totale
ES,2021,B,734.9,sbs_ovw_act,,1,609.96699999,0.8299999999863927,CP_tot,Totale
ES,2021,C,79505.08,sbs_ovw_act,,1,65989.2164,0.8300000000000001,CP_tot,Totale
ES,2021,D,3180.38,sbs_ovw_act,,1,2639.7153999999996,0.8299999999999998,CP_tot,Totale
ES,2021,E,6673.73,sbs_ovw_act,,1,5539.195899999999,0.8299999999999998,CP_tot,Totale
ES,2021,F,35871.35,sbs_ovw_act,,1,29773.220499999996,0.83,CP_tot,Totale
ES,2021,G,77791.94,sbs_ovw_act,,1,64567.31020001,0.8300000000001285,CP_tot,Totale
ES,2021,H,26519.37,sbs_ovw_act,,1,22011.0771,0.83,CP_tot,Totale
ES,2021,I,19965.91,sbs_ovw_act,,1,16571.705299999998,0.8299999999999998,CP_tot,Totale
ES,2021,J,26958.82,sbs_ovw_act,,1,22375.8206,0.83,CP_tot,Totale
ES,2021,L,4721.1,sbs_ovw_act,,1,3918.51300001,0.830000000002118,CP_tot,Totale
ES,2021,M,33054.96,sbs_ovw_act,,1,27435.6168,0.83,CP_tot,Totale
ES,2021,N,32193.92,sbs_ovw_act,,1,26720.9536,0.8300000000000001,CP_tot,Totale
ES,2022,B,787.29,sbs_ovw_act,,1,653.4507,0.8300000000000001,CP_tot,Totale
ES,2022,C,83208.91,sbs_ovw_act,,1,69063.39529999999,0.8299999999999998,CP_tot,Totale
ES,2022,D,2924.59,sbs_ovw_act,,1,2427.4096999999997,0.8299999999999998,CP_tot,Totale
ES,2022,E,7093.08,sbs_ovw_act,,1,5887.256399999999,0.83,CP_tot,Totale
ES,2022,F,34448.4,sbs_ovw_act,,1,28592.172,0.83,CP_tot,Totale
ES,2022,G,83291.45,sbs_ovw_act,,1,69131.9035,0.8300000000000001,CP_tot,Totale
ES,2022,H,29258.34,sbs_ovw_act,,1,24284.422199999997,0.8299999999999998,CP_tot,Totale
ES,2022,I,28829.9,sbs_ovw_act,,1,23928.817,0.83,CP_tot,Totale
ES,2022,J,29567.68,sbs_ovw_act,,1,24541.17439999,0.8299999999996618,CP_tot,Totale
ES,2022,L,5245.34,sbs_ovw_act,,1,4353.6322,0.83,CP_tot,Totale
ES,2022,M,36154.38,sbs_ovw_act,,1,30008.13540001,0.8300000000002766,CP_tot,Totale
ES,2022,N,35372.19,sbs_ovw_act,,1,29358.917699999998,0.8299999999999998,CP_tot,Totale
ES,2023,B,878.64,sbs_ovw_act,,1,729.27119999,0.8299999999886188,CP_tot,Totale
ES,2023,C,89471.39,sbs_ovw_act,,1,74261.2537,0.8300000000000001,CP_tot,Totale
ES,2023,D,3367.27,sbs_ovw_act,,1,2794.8341,0.83,CP_tot,Totale
ES,2023,E,7272.35,sbs_ovw_act,,1,6036.050499999999,0.8299999999999998,CP_tot,Totale
ES,2023,F,38441.81,sbs_ovw_act,,1,31906.702299999997,0.83,CP_tot,Totale
ES,2023,G,89754.13,sbs_ovw_act,,1,74495.9279,0.8299999999999998,CP_tot,Totale
ES,2023,H,31633.39,sbs_ovw_act,,1,26255.7137,0.8300000000000001,CP_tot,Totale
ES,2023,I,32449.72,sbs_ovw_act,,1,26933.2676,0.83,CP_tot,Totale
ES,2023,J,35048.95,sbs_ovw_act,,1,29090.628499989998,0.8299999999997147,CP_tot,Totale
ES,2023,L,5492.31,sbs_ovw_act,,1,4558.6173,0.83,CP_tot,Totale
ES,2023,M,40586.17,sbs_ovw_act,,1,33686.5211,0.83,CP_tot,Totale
ES,2023,N,37627.49,sbs_ovw_act,,1,31230.8167,0.8300000000000001,CP_tot,Totale
FR,2021,B,1117.37,sbs_ovw_act,b,1,860.3748999999999,0.77,CP_tot,Totale
FR,2021,C,183209.54,sbs_ovw_act,b,1,141071.3458,0.77,CP_tot,Totale
FR,2021,D,18137.63,sbs_ovw_act,b,1,13965.9751,0.7699999999999999,CP_tot,Totale
FR,2021,E,10217.77,sbs_ovw_act,b,1,7867.6829,0.7699999999999999,CP_tot,Totale
FR,2021,F,87811.12,sbs_ovw_act,b,1,67614.5624,0.77,CP_tot,Totale
FR,2021,G,153077.17,sbs_ovw_act,b,1,117869.4209,0.7699999999999999,CP_tot,Totale
FR,2021,H,62391.64,sbs_ovw_act,b,1,48041.56279999999,0.7699999999999999,CP_tot,Totale
FR,2021,I,29032.52,sbs_ovw_act,b,1,22355.040399999998,0.7699999999999999,CP_tot,Totale
FR,2021,J,70956.39,sbs_ovw_act,b,1,54636.4203,0.77,CP_tot,Totale
FR,2021,L,16709.44,sbs_ovw_act,b,1,12866.268799999998,0.7699999999999999,CP_tot,Totale
FR,2021,M,79234.89,sbs_ovw_act,b,1,61010.86529999,0.7699999999998738,CP_tot,Totale
FR,2021,N,70162.82,sbs_ovw_act,b,1,54025.371399999996,0.7699999999999999,CP_tot,Totale
FR,2022,B,1138.85,sbs_ovw_act,,1,876.9145,0.77,CP_tot,Totale
FR,2022,C,191452.49,sbs_ovw_act,,1,147418.4173,0.77,CP_tot,Totale
FR,2022,D,19165.01,sbs_ovw_act,,1,14757.0577,0.77,CP_tot,Totale
FR,2022,E,10574.54,sbs_ovw_act,,1,8142.395799999999,0.7699999999999999,CP_tot,Totale
FR,2022,F,92280.58,sbs_ovw_act,,1,71056.0466,0.77,CP_tot,Totale
FR,2022,G,161275.66,sbs_ovw_act,,1,124182.25820001,0.770000000000062,CP_tot,Totale
FR,2022,H,69605.41,sbs_ovw_act,,1,53596.16569999999,0.7699999999999998,CP_tot,Totale
FR,2022,I,40355.55,sbs_ovw_act,,1,31073.7735,0.7699999999999999,CP_tot,Totale
FR,2022,J,75472.53,sbs_ovw_act,,1,58113.8481,0.77,CP_tot,Totale
FR,2022,L,15568.92,sbs_ovw_act,,1,11988.0684,0.77,CP_tot,Totale
FR,2022,M,86321.69,sbs_ovw_act,,1,66467.7013,0.77,CP_tot,Totale
FR,2022,N,76209.69,sbs_ovw_act,,1,58681.461299999995,0.7699999999999999,CP_tot,Totale
FR,2023,B,1221.5,sbs_ovw_act,,1,940.555,0.7699999999999999,CP_tot,Totale
FR,2023,C,203328.22,sbs_ovw_act,,1,156562.72939999,0.7699999999999508,CP_tot,Totale
FR,2023,D,20344.83,sbs_ovw_act,,1,15665.519100009999,0.7700000000004914,CP_tot,Totale
FR,2023,E,11293.9,sbs_ovw_act,,1,8696.303,0.77,CP_tot,Totale
FR,2023,F,95885.37,sbs_ovw_act,,1,73831.7349,0.77,CP_tot,Totale
FR,2023,G,168745.12,sbs_ovw_act,,1,129933.74239999999,0.7699999999999999,CP_tot,Totale
FR,2023,H,73372.33,sbs_ovw_act,,1,56496.694099999986,0.7699999999999998,CP_tot,Totale
FR,2023,I,43993.17,sbs_ovw_act,,1,33874.7409,0.77,CP_tot,Totale
FR,2023,J,81642.07,sbs_ovw_act,,1,62864.39389999,0.7699999999998774,CP_tot,Totale
FR,2023,L,15869.86,sbs_ovw_act,,1,12219.7922,0.77,CP_tot,Totale
FR,2023,M,90872.18,sbs_ovw_act,,1,69971.57860000999,0.77000000000011,CP_tot,Totale
FR,2023,N,80330.83,sbs_ovw_act,,1,61854.73909999999,0.7699999999999999,CP_tot,Totale
IT,2021,B,894.48,sbs_ovw_act,,1,644.0255999999999,0.72,CP_tot,Totale
IT,2021,C,154825.63,sbs_ovw_act,,1,111474.45360000001,0.7200000000000001,CP_tot,Totale
IT,2021,D,6292.6,sbs_ovw_act,,1,4530.672,0.7199999999999999,CP_tot,Totale
IT,2021,E,9200.28,sbs_ovw_act,,1,6624.2016,0.72,CP_tot,Totale
IT,2021,F,35515.25,sbs_ovw_act,,1,25570.98,0.72,CP_tot,Totale
IT,2021,G,77224.08,sbs_ovw_act,,1,55601.3376,0.72,CP_tot,Totale
IT,2021,H,41476.24,sbs_ovw_act,,1,29862.892799999998,0.72,CP_tot,Totale
IT,2021,I,17913.76,sbs_ovw_act,,1,12897.9072,0.7200000000000001,CP_tot,Totale
IT,2021,J,28179.0,sbs_ovw_act,,1,20288.88,0.7200000000000001,CP_tot,Totale
IT,2021,L,2228.73,sbs_ovw_act,,1,1604.6855999999998,0.7199999999999999,CP_tot,Totale
IT,2021,M,24502.77,sbs_ovw_act,,1,17641.9944,0.72,CP_tot,Totale
IT,2021,N,34652.92,sbs_ovw_act,,1,24950.1024,0.7200000000000001,CP_tot,Totale
IT,2022,B,881.78,sbs_ovw_act,,1,634.8815999999999,0.72,CP_tot,Totale
IT,2022,C,162993.87,sbs_ovw_act,,1,117355.58639998999,0.7199999999999386,CP_tot,Totale
IT,2022,D,6510.78,sbs_ovw_act,,1,4687.7616,0.72,CP_tot,Totale
IT,2022,E,9581.85,sbs_ovw_act,,1,6898.93200001,0.7200000000010436,CP_tot,Totale
IT,2022,F,41368.7,sbs_ovw_act,,1,29785.464,0.7200000000000001,CP_tot,Totale
IT,2022,G,83005.35,sbs_ovw_act,,1,59763.851999989995,0.7199999999998794,CP_tot,Totale
IT,2022,H,44222.17,sbs_ovw_act,,1,31839.962399999997,0.72,CP_tot,Totale
IT,2022,I,25072.96,sbs_ovw_act,,1,18052.53119999,0.7199999999996012,CP_tot,Totale
IT,2022,J,30292.51,sbs_ovw_act,,1,21810.607199989998,0.7199999999996699,CP_tot,Totale
IT,2022,L,2415.68,sbs_ovw_act,,1,1739.28960001,0.7200000000041397,CP_tot,Totale
IT,2022,M,27288.94,sbs_ovw_act,,1,19648.0368,0.7200000000000001,CP_tot,Totale
IT,2022,N,37916.05,sbs_ovw_act,,1,27299.555999999997,0.7199999999999999,CP_tot,Totale
IT,2023,B,871.69,sbs_ovw_act,,1,627.6167999999999,0.7199999999999999,CP_tot,Totale
IT,2023,C,170303.95,sbs_ovw_act,,1,122618.844,0.72,CP_tot,Totale
IT,2023,D,6755.04,sbs_ovw_act,,1,4863.6288,0.7200000000000001,CP_tot,Totale
IT,2023,E,10059.56,sbs_ovw_act,,1,7242.8832,0.7200000000000001,CP_tot,Totale
IT,2023,F,44620.9,sbs_ovw_act,,1,32127.048,0.72,CP_tot,Totale
IT,2023,G,87297.62,sbs_ovw_act,,1,62854.2864,0.72,CP_tot,Totale
IT,2023,H,46579.1,sbs_ovw_act,,1,33536.952,0.72,CP_tot,Totale
IT,2023,I,28291.8,sbs_ovw_act,,1,20370.095999999998,0.72,CP_tot,Totale
IT,2023,J,31452.01,sbs_ovw_act,,1,22645.44720001,0.7200000000003179,CP_tot,Totale
IT,2023,L,2483.87,sbs_ovw_act,,1,1788.3864000099998,0.7200000000040259,CP_tot,Totale
IT,2023,M,29505.33,sbs_ovw_act,,1,21243.837599989998,0.719999999999661,CP_tot,Totale
IT,2023,N,39233.94,sbs_ovw_act,,1,28248.4368,0.72,CP_tot,Totale
PL,2021,B,4026.54,sbs_ovw_act,,1,2093.8008,0.52,CP_tot,Totale
PL,2021,C,46812.0,sbs_ovw_act,,1,24342.24,0.52,CP_tot,Totale
PL,2021,D,3544.31,sbs_ovw_act,,1,1843.0412000000001,0.52,CP_tot,Totale
PL,2021,E,2542.48,sbs_ovw_act,,1,1322.0896,0.52,CP_tot,Totale
PL,2021,F,11092.5,sbs_ovw_act,,1,5768.099999999999,0.5199999999999999,CP_tot,Totale
PL,2021,G,29130.38,sbs_ovw_act,,1,15147.7976,0.52,CP_tot,Totale
PL,2021,H,10074.51,sbs_ovw_act,,1,5238.7451999899995,0.5199999999990074,CP_tot,Totale
PL,2021,I,2641.24,sbs_ovw_act,,1,1373.4448,0.52,CP_tot,Totale
PL,2021,J,10309.07,sbs_ovw_act,,1,5360.7164,0.52,CP_tot,Totale
PL,2021,L,2350.92,sbs_ovw_act,,1,1222.4784,0.52,CP_tot,Totale
PL,2021,M,10486.41,sbs_ovw_act,,1,5452.933200009999,0.5200000000009536,CP_tot,Totale
PL,2021,N,8237.88,sbs_ovw_act,,1,4283.6975999999995,0.52,CP_tot,Totale
PL,2022,B,4720.63,sbs_ovw_act,,1,2454.7275999999997,0.5199999999999999,CP_tot,Totale
PL,2022,C,51323.69,sbs_ovw_act,,1,26688.3188,0.52,CP_tot,Totale
PL,2022,D,3848.24,sbs_ovw_act,,1,2001.08479999,0.5199999999974014,CP_tot,Totale
PL,2022,E,2733.26,sbs_ovw_act,,1,1421.2952,0.52,CP_tot,Totale
PL,2022,F,11992.22,sbs_ovw_act,,1,6235.95439999,0.5199999999991661,CP_tot,Totale
PL,2022,G,32067.25,sbs_ovw_act,,1,16674.97,0.52,CP_tot,Totale
PL,2022,H,13214.23,sbs_ovw_act,,1,6871.3996,0.52,CP_tot,Totale
PL,2022,I,3368.3,sbs_ovw_act,,1,1751.5159999999998,0.5199999999999999,CP_tot,Totale
PL,2022,J,12629.3,sbs_ovw_act,,1,6567.236,0.52,CP_tot,Totale
PL,2022,L,2513.48,sbs_ovw_act,,1,1307.0095999999999,0.5199999999999999,CP_tot,Totale
PL,2022,M,12050.07,sbs_ovw_act,,1,6266.0364,0.52,CP_tot,Totale
PL,2022,N,9047.83,sbs_ovw_act,,1,4704.87159999,0.5199999999988947,CP_tot,Totale
PL,2023,B,5851.1,sbs_ovw_act,,1,3042.572,0.52,CP_tot,Totale
PL,2023,C,59139.57,sbs_ovw_act,,1,30752.576399999998,0.52,CP_tot,Totale
PL,2023,D,4815.64,sbs_ovw_act,,1,2504.1328000099998,0.5200000000020765,CP_tot,Totale
PL,2023,E,3032.71,sbs_ovw_act,,1,1577.0092,0.52,CP_tot,Totale
PL,2023,F,13887.8,sbs_ovw_act,,1,7221.656,0.52,CP_tot,Totale
PL,2023,G,36952.35,sbs_ovw_act,,1,19215.222,0.52,CP_tot,Totale
PL,2023,H,15929.07,sbs_ovw_act,,1,8283.116399999999,0.5199999999999999,CP_tot,Totale
PL,2023,I,3983.2,sbs_ovw_act,,1,2071.2639999900002,0.5199999999974896,CP_tot,Totale
PL,2023,J,14488.48,sbs_ovw_act,,1,7534.009599999999,0.52,CP_tot,Totale
PL,2023,L,2805.63,sbs_ovw_act,,1,1458.92759999,0.5199999999964358,CP_tot,Totale
PL,2023,M,13369.48,sbs_ovw_act,,1,6952.1296,0.52,CP_tot,Totale
PL,2023,N,10482.99,sbs_ovw_act,,1,5451.154799999999,0.5199999999999999,CP_tot,Totale
DE,2005,B,4347.3,sbs_na_2a_mi,,1,2521.4339999999997,0.58,CP_tot,Totale
DE,2006,B,4255.7,sbs_na_2a_mi,,1,2468.306,0.5800000000000001,CP_tot,Totale
DE,2007,B,4230.2,sbs_na_2a_mi,,1,2453.5159999999996,0.58,CP_tot,Totale
EE,2005,B,51.0,sbs_na_2a_mi,,1,47.43,0.93,CP_tot,Totale
EE,2006,B,55.3,sbs_na_2a_mi,,1,51.428999999999995,0.9299999999999999,CP_tot,Totale
EE,2007,B,68.2,sbs_na_2a_mi,,1,63.425999999999995,0.9299999999999999,CP_tot,Totale
ES,2005,B,1264.3,sbs_na_2a_mi,,1,1049.369,0.83,CP_tot,Totale
ES,2006,B,1267.2,sbs_na_2a_mi,,1,1051.776,0.8300000000000001,CP_tot,Totale
ES,2007,B,1305.2,sbs_na_2a_mi,,1,1083.316,0.83,CP_tot,Totale
FR,2005,B,1671.4,sbs_na_2a_mi,,1,1286.9779999999998,0.7699999999999999,CP_tot,Totale
FR,2006,B,1660.7,sbs_na_2a_mi,,1,1278.7389999999998,0.7699999999999999,CP_tot,Totale
FR,2007,B,1403.8,sbs_na_2a_mi,,1,1080.926,0.77,CP_tot,Totale
FR,2008,B,1281.6,sbs_na_2a_mi,,1,986.8319999999999,0.7699999999999999,CP_tot,Totale
GB,2005,B,4678.7,sbs_na_2a_mi,,1,3181.516,0.68,CP_tot,Totale
GB,2006,B,4924.9,sbs_na_2a_mi,,1,3348.932,0.68,CP_tot,Totale
GB,2007,B,4984.2,sbs_na_2a_mi,,1,3389.2559999999994,0.6799999999999999,CP_tot,Totale
IT,2005,B,1763.2,sbs_na_2a_mi,,1,1269.504,0.72,CP_tot,Totale
IT,2006,B,1813.2,sbs_na_2a_mi,,1,1305.504,0.72,CP_tot,Totale
IT,2007,B,1913.4,sbs_na_2a_mi,,1,1377.648,0.72,CP_tot,Totale
PL,2005,B,3113.3,sbs_na_2a_mi,,1,1618.916,0.5199999999999999,CP_tot,Totale
PL,2006,B,3306.2,sbs_na_2a_mi,,1,1719.224,0.52,CP_tot,Totale
PL,2007,B,3608.7,sbs_na_2a_mi,,1,1876.524,0.52,CP_tot,Totale
DE,2005,C,320806.3,sbs_na_2a_dade,,1,186067.65399998997,0.5799999999999688,CP_tot,Totale
DE,2006,C,327592.3,sbs_na_2a_dade,,1,190003.53400000997,0.5800000000000305,CP_tot,Totale
DE,2007,C,335127.5,sbs_na_2a_dade,,1,194373.94999999998,0.58,CP_tot,Totale
EE,2005,C,980.8,sbs_na_2a_dade,,1,912.1440000099999,0.9300000000101957,CP_tot,Totale
EE,2006,C,1156.8,sbs_na_2a_dade,,1,1075.8239999999998,0.9299999999999999,CP_tot,Totale
EE,2007,C,1388.3,sbs_na_2a_dade,,1,1291.119,0.9299999999999999,CP_tot,Totale
ES,2005,C,73242.4,sbs_na_2a_dade,,1,60791.191999999995,0.83,CP_tot,Totale
ES,2006,C,76320.2,sbs_na_2a_dade,,1,63345.76599999,0.829999999999869,CP_tot,Totale
ES,2007,C,78467.3,sbs_na_2a_dade,,1,65127.859,0.83,CP_tot,Totale
FR,2005,C,156801.0,sbs_na_2a_dade,,1,120736.77,0.77,CP_tot,Totale
FR,2006,C,158090.2,sbs_na_2a_dade,,1,121729.454,0.7699999999999999,CP_tot,Totale
FR,2007,C,160093.0,sbs_na_2a_dade,,1,123271.61,0.77,CP_tot,Totale
FR,2008,C,159854.3,sbs_na_2a_dade,,1,123087.811,0.77,CP_tot,Totale
GB,2005,C,124089.9,sbs_na_2a_dade,,1,84381.132,0.68,CP_tot,Totale
GB,2006,C,127862.8,sbs_na_2a_dade,,1,86946.70400001001,0.6800000000000783,CP_tot,Totale
GB,2007,C,128188.1,sbs_na_2a_dade,,1,87167.908,0.6799999999999999,CP_tot,Totale
IT,2005,C,126932.7,sbs_na_2a_dade,,1,91391.544,0.72,CP_tot,Totale
IT,2006,C,131758.8,sbs_na_2a_dade,,1,94866.336,0.7200000000000001,CP_tot,Totale
IT,2007,C,137673.4,sbs_na_2a_dade,,1,99124.84799999998,0.7199999999999999,CP_tot,Totale
PL,2005,C,17072.2,sbs_na_2a_dade,,1,8877.544,0.52,CP_tot,Totale
PL,2006,C,20121.8,sbs_na_2a_dade,,1,10463.336,0.52,CP_tot,Totale
PL,2007,C,23688.8,sbs_na_2a_dade,,1,12318.175999999998,0.5199999999999999,CP_tot,Totale
DE,2005,D,17450.1,sbs_na_2a_el,,1,10121.057999999999,0.58,CP_tot,Totale
DE,2006,D,19194.6,sbs_na_2a_el,,1,11132.867999999999,0.58,CP_tot,Totale
DE,2007,D,17296.1,sbs_na_2a_el,,1,10031.738,0.58,CP_tot,Totale
EE,2005,D,85.1,sbs_na_2a_el,,1,79.143,0.93,CP_tot,Totale
EE,2006,D,90.3,sbs_na_2a_el,,1,83.979,0.93,CP_tot,Totale
EE,2007,D,106.7,sbs_na_2a_el,,1,99.231,0.9299999999999999,CP_tot,Totale
ES,2005,D,3219.1,sbs_na_2a_el,,1,2671.853,0.8300000000000001,CP_tot,Totale
ES,2006,D,3376.6,sbs_na_2a_el,,1,2802.578,0.83,CP_tot,Totale
ES,2007,D,3685.1,sbs_na_2a_el,,1,3058.633,0.83,CP_tot,Totale
FR,2005,D,12062.2,sbs_na_2a_el,,1,9287.894,0.77,CP_tot,Totale
FR,2006,D,12105.3,sbs_na_2a_el,,1,9321.081,0.77,CP_tot,Totale
FR,2007,D,12418.7,sbs_na_2a_el,,1,9562.399,0.7699999999999999,CP_tot,Totale
FR,2008,D,14114.9,sbs_na_2a_el,,1,10868.47299999,0.7699999999992915,CP_tot,Totale
GB,2005,D,6708.2,sbs_na_2a_el,,1,4561.576,0.68,CP_tot,Totale
GB,2006,D,7140.4,sbs_na_2a_el,,1,4855.472,0.68,CP_tot,Totale
GB,2007,D,7741.2,sbs_na_2a_el,,1,5264.016,0.6799999999999999,CP_tot,Totale
IT,2005,D,5725.7,sbs_na_2a_el,,1,4122.504,0.72,CP_tot,Totale
IT,2006,D,5563.3,sbs_na_2a_el,,1,4005.576,0.72,CP_tot,Totale
IT,2007,D,5852.9,sbs_na_2a_el,,1,4214.088,0.72,CP_tot,Totale
PL,2005,D,2665.1,sbs_na_2a_el,,1,1385.8519999999999,0.52,CP_tot,Totale
PL,2006,D,2891.1,sbs_na_2a_el,,1,1503.3719999999998,0.5199999999999999,CP_tot,Totale
PL,2007,D,3207.7,sbs_na_2a_el,,1,1668.004,0.52,CP_tot,Totale
DE,2005,F,43120.8,sbs_na_4a_co,,1,25010.064,0.58,CP_tot,Totale
DE,2006,F,43006.1,sbs_na_4a_co,,1,24943.538,0.5800000000000001,CP_tot,Totale
DE,2007,F,45407.3,sbs_na_4a_co,,1,26336.233999999997,0.5799999999999998,CP_tot,Totale
EE,2005,F,417.1,sbs_na_4a_co,,1,387.90299999999996,0.9299999999999998,CP_tot,Totale
EE,2006,F,491.2,sbs_na_4a_co,,1,456.816,0.9299999999999999,CP_tot,Totale
EE,2007,F,711.1,sbs_na_4a_co,,1,661.323,0.9299999999999999,CP_tot,Totale
ES,2005,F,56822.1,sbs_na_4a_co,,1,47162.343,0.8300000000000001,CP_tot,Totale
ES,2006,F,63794.3,sbs_na_4a_co,,1,52949.269,0.83,CP_tot,Totale
ES,2007,F,68198.1,sbs_na_4a_co,,1,56604.423,0.83,CP_tot,Totale
FR,2005,F,50194.6,sbs_na_4a_co,,1,38649.842,0.7699999999999999,CP_tot,Totale
FR,2006,F,55454.6,sbs_na_4a_co,,1,42700.041999999994,0.7699999999999999,CP_tot,Totale
FR,2007,F,59956.3,sbs_na_4a_co,,1,46166.350999999995,0.7699999999999999,CP_tot,Totale
FR,2008,F,65488.4,sbs_na_4a_co,,1,50426.068,0.77,CP_tot,Totale
GB,2005,F,43994.3,sbs_na_4a_co,,1,29916.123999999996,0.6799999999999998,CP_tot,Totale
GB,2006,F,47542.5,sbs_na_4a_co,,1,32328.9,0.68,CP_tot,Totale
GB,2007,F,52879.4,sbs_na_4a_co,,1,35957.992,0.6799999999999999,CP_tot,Totale
IT,2005,F,28453.4,sbs_na_4a_co,,1,20486.447999999997,0.7199999999999999,CP_tot,Totale
IT,2006,F,31225.8,sbs_na_4a_co,,1,22482.575999999997,0.72,CP_tot,Totale
IT,2007,F,34702.5,sbs_na_4a_co,,1,24985.8,0.72,CP_tot,Totale
PL,2005,F,3087.6,sbs_na_4a_co,,1,1605.552,0.52,CP_tot,Totale
PL,2006,F,4010.9,sbs_na_4a_co,,1,2085.668,0.52,CP_tot,Totale
PL,2007,F,5110.3,sbs_na_4a_co,p,1,2657.3559999999998,0.5199999999999999,CP_tot,Totale
DE,2005,G,106995.5,sbs_na_3b_tr,,1,62057.39,0.58,CP_tot,Totale
DE,2006,G,116627.9,sbs_na_3b_tr,,1,67644.182,0.5800000000000001,CP_tot,Totale
DE,2007,G,119808.4,sbs_na_3b_tr,,1,69488.872,0.5800000000000001,CP_tot,Totale
EE,2005,G,688.9,sbs_na_3b_tr,,1,640.6769999999999,0.9299999999999999,CP_tot,Totale
EE,2006,G,842.8,sbs_na_3b_tr,,1,783.804,0.93,CP_tot,Totale
EE,2007,G,1043.6,sbs_na_3b_tr,,1,970.548,0.93,CP_tot,Totale
ES,2005,G,56902.4,sbs_na_3b_tr,,1,47228.992,0.83,CP_tot,Totale
ES,2006,G,61228.8,sbs_na_3b_tr,,1,50819.903999999995,0.8299999999999998,CP_tot,Totale
ES,2007,G,65480.8,sbs_na_3b_tr,,1,54349.064,0.83,CP_tot,Totale
FR,2005,G,104387.9,sbs_na_3b_tr,,1,80378.68299999999,0.7699999999999999,CP_tot,Totale
FR,2006,G,109441.4,sbs_na_3b_tr,,1,84269.878,0.77,CP_tot,Totale
FR,2007,G,113395.1,sbs_na_3b_tr,,1,87314.227,0.7699999999999999,CP_tot,Totale
FR,2008,G,118504.3,sbs_na_3b_tr,,1,91248.31099999999,0.7699999999999999,CP_tot,Totale
GB,2005,G,110405.0,sbs_na_3b_tr,,1,75075.4,0.6799999999999999,CP_tot,Totale
GB,2006,G,115840.3,sbs_na_3b_tr,,1,78771.404,0.6799999999999999,CP_tot,Totale
GB,2007,G,121150.3,sbs_na_3b_tr,,1,82382.204,0.6799999999999999,CP_tot,Totale
IT,2005,G,51188.7,sbs_na_3b_tr,,1,36855.863999999994,0.72,CP_tot,Totale
IT,2006,G,53148.0,sbs_na_3b_tr,,1,38266.56,0.72,CP_tot,Totale
IT,2007,G,57097.9,sbs_na_3b_tr,,1,41110.488,0.72,CP_tot,Totale
PL,2005,G,8605.0,sbs_na_3b_tr,,1,4474.599999999999,0.5199999999999999,CP_tot,Totale
PL,2006,G,10139.3,sbs_na_3b_tr,,1,5272.436,0.52,CP_tot,Totale
PL,2007,G,12190.2,sbs_na_3b_tr,p,1,6338.9039999999995,0.5199999999999999,CP_tot,Totale
DE,2005,H,60836.9,sbs_na_1a_se,,1,35285.402,0.5800000000000001,CP_tot,Totale
DE,2005,I,12461.0,sbs_na_1a_se,,1,7227.38,0.58,CP_tot,Totale
DE,2005,L,107826.7,sbs_na_1a_se,,1,62539.486,0.58,CP_tot,Totale
DE,2006,H,60754.3,sbs_na_1a_se,,1,35237.494,0.58,CP_tot,Totale
DE,2006,I,13921.7,sbs_na_1a_se,,1,8074.585999999999,0.58,CP_tot,Totale
DE,2006,L,116075.7,sbs_na_1a_se,,1,67323.906,0.5800000000000001,CP_tot,Totale
DE,2007,H,63207.4,sbs_na_1a_se,,1,36660.292,0.58,CP_tot,Totale
DE,2007,I,14647.8,sbs_na_1a_se,,1,8495.724,0.5800000000000001,CP_tot,Totale
DE,2007,L,126287.5,sbs_na_1a_se,,1,73246.75,0.58,CP_tot,Totale
EE,2005,H,383.9,sbs_na_1a_se,,1,357.027,0.93,CP_tot,Totale
EE,2005,I,83.3,sbs_na_1a_se,,1,77.469,0.9299999999999999,CP_tot,Totale
EE,2005,L,431.0,sbs_na_1a_se,,1,400.83,0.9299999999999999,CP_tot,Totale
EE,2006,H,466.3,sbs_na_1a_se,,1,433.659,0.9299999999999999,CP_tot,Totale
EE,2006,I,104.2,sbs_na_1a_se,,1,96.906,0.93,CP_tot,Totale
EE,2006,L,578.5,sbs_na_1a_se,,1,538.005,0.9299999999999999,CP_tot,Totale
EE,2007,H,564.3,sbs_na_1a_se,,1,524.799,0.93,CP_tot,Totale
EE,2007,I,136.5,sbs_na_1a_se,,1,126.945,0.9299999999999999,CP_tot,Totale
EE,2007,L,736.8,sbs_na_1a_se,,1,685.2239999999999,0.9299999999999999,CP_tot,Totale
ES,2005,H,25285.5,sbs_na_1a_se,,1,20986.965,0.83,CP_tot,Totale
ES,2005,I,15498.2,sbs_na_1a_se,,1,12863.506,0.83,CP_tot,Totale
ES,2005,L,46112.0,sbs_na_1a_se,,1,38272.96,0.83,CP_tot,Totale
ES,2006,H,27100.2,sbs_na_1a_se,,1,22493.165999999997,0.8299999999999998,CP_tot,Totale
ES,2006,I,17051.0,sbs_na_1a_se,,1,14152.33,0.83,CP_tot,Totale
ES,2006,L,52707.4,sbs_na_1a_se,,1,43747.142,0.83,CP_tot,Totale
ES,2007,H,29363.6,sbs_na_1a_se,,1,24371.787999999997,0.83,CP_tot,Totale
ES,2007,I,18229.2,sbs_na_1a_se,,1,15130.235999999999,0.83,CP_tot,Totale
ES,2007,L,58890.3,sbs_na_1a_se,,1,48878.949,0.83,CP_tot,Totale
FR,2005,H,62978.3,sbs_na_1a_se,,1,48493.291,0.7699999999999999,CP_tot,Totale
FR,2005,I,20970.8,sbs_na_1a_se,,1,16147.516,0.77,CP_tot,Totale
FR,2005,L,129254.5,sbs_na_1a_se,,1,99525.965,0.77,CP_tot,Totale
FR,2006,H,64711.2,sbs_na_1a_se,,1,49827.624,0.7700000000000001,CP_tot,Totale
FR,2006,I,22245.6,sbs_na_1a_se,,1,17129.112,0.7700000000000001,CP_tot,Totale
FR,2006,L,139616.6,sbs_na_1a_se,,1,107504.78199999999,0.7699999999999999,CP_tot,Totale
FR,2007,H,65672.4,sbs_na_1a_se,,1,50567.748,0.77,CP_tot,Totale
FR,2007,I,23197.5,sbs_na_1a_se,,1,17862.074999999997,0.7699999999999999,CP_tot,Totale
FR,2007,L,148096.8,sbs_na_1a_se,,1,114034.536,0.77,CP_tot,Totale
FR,2008,H,68738.4,sbs_na_1a_se,,1,52928.568,0.77,CP_tot,Totale
FR,2008,I,24417.0,sbs_na_1a_se,,1,18801.09,0.77,CP_tot,Totale
FR,2008,L,156544.9,sbs_na_1a_se,,1,120539.57299999999,0.7699999999999999,CP_tot,Totale
GB,2005,H,64155.2,sbs_na_1a_se,,1,43625.536,0.68,CP_tot,Totale
GB,2005,I,24004.0,sbs_na_1a_se,,1,16322.72,0.6799999999999999,CP_tot,Totale
GB,2005,L,151382.0,sbs_na_1a_se,,1,102939.76,0.6799999999999999,CP_tot,Totale
GB,2006,H,66065.4,sbs_na_1a_se,,1,44924.471999999994,0.6799999999999999,CP_tot,Totale
GB,2006,I,24425.6,sbs_na_1a_se,,1,16609.408,0.68,CP_tot,Totale
GB,2006,L,167232.4,sbs_na_1a_se,,1,113718.03199999999,0.6799999999999999,CP_tot,Totale
GB,2007,H,69125.4,sbs_na_1a_se,,1,47005.272,0.68,CP_tot,Totale
GB,2007,I,26462.0,sbs_na_1a_se,,1,17994.16,0.68,CP_tot,Totale
GB,2007,L,182508.1,sbs_na_1a_se,,1,124105.508,0.6799999999999999,CP_tot,Totale
IT,2005,H,37508.9,sbs_na_1a_se,,1,27006.408,0.72,CP_tot,Totale
IT,2005,I,11536.9,sbs_na_1a_se,,1,8306.568,0.72,CP_tot,Totale
IT,2005,L,42045.6,sbs_na_1a_se,,1,30272.832,0.72,CP_tot,Totale
IT,2006,H,38868.1,sbs_na_1a_se,,1,27985.032,0.72,CP_tot,Totale
IT,2006,I,13737.0,sbs_na_1a_se,,1,9890.64,0.72,CP_tot,Totale
IT,2006,L,44395.9,sbs_na_1a_se,,1,31965.048,0.72,CP_tot,Totale
IT,2007,H,40920.3,sbs_na_1a_se,,1,29462.615999999998,0.7199999999999999,CP_tot,Totale
IT,2007,I,15735.6,sbs_na_1a_se,,1,11329.632000000001,0.7200000000000001,CP_tot,Totale
IT,2007,L,49270.3,sbs_na_1a_se,,1,35474.615999999995,0.7199999999999999,CP_tot,Totale
PL,2005,H,5284.2,sbs_na_1a_se,,1,2747.7839999999997,0.5199999999999999,CP_tot,Totale
PL,2005,I,641.8,sbs_na_1a_se,,1,333.736,0.52,CP_tot,Totale
PL,2005,L,4728.3,sbs_na_1a_se,,1,2458.716,0.5199999999999999,CP_tot,Totale
PL,2006,H,5867.1,sbs_na_1a_se,,1,3050.892,0.5199999999999999,CP_tot,Totale
PL,2006,I,765.4,sbs_na_1a_se,,1,398.008,0.52,CP_tot,Totale
PL,2006,L,6179.7,sbs_na_1a_se,,1,3213.444,0.52,CP_tot,Totale
PL,2007,H,6697.7,sbs_na_1a_se,p,1,3482.804,0.52,CP_tot,Totale
PL,2007,I,917.7,sbs_na_1a_se,p,1,477.20399999999995,0.5199999999999999,CP_tot,Totale
PL,2007,L,7611.6,sbs_na_1a_se,p,1,3958.0319999999997,0.5199999999999999,CP_tot,Totale
DE,2008,C,329704.6,sbs_na_sca_r2,,1,191228.668,0.5800000000000001,CP_C,Totale
DE,2009,C,309564.8,sbs_na_sca_r2,,1,179547.58399999997,0.58,CP_C,Totale
DE,2010,C,322266.7,sbs_na_sca_r2,,1,186914.68599998998,0.5799999999999689,CP_C,Totale
DE,2019,C,484691.3,sbs_na_sca_r2,,1,281120.95400001004,0.5800000000000207,CP_C,Totale
DE,2020,C,459858.2,sbs_na_sca_r2,,1,266717.756,0.58,CP_C,Totale
EE,2008,C,1421.7,sbs_na_sca_r2,,1,1322.18099999,0.9299999999929661,CP_C,Totale
EE,2009,C,1120.0,sbs_na_sca_r2,,1,1041.59999999,0.9299999999910714,CP_C,Totale
EE,2010,C,1125.1,sbs_na_sca_r2,,1,1046.3429999999998,0.9299999999999999,CP_C,Totale
EE,2019,C,2293.3,sbs_na_sca_r2,,1,2132.769,0.9299999999999998,CP_C,Totale
EE,2020,C,2302.7,sbs_na_sca_r2,,1,2141.511,0.93,CP_C,Totale
ES,2008,C,78396.3,sbs_na_sca_r2,,1,65068.929000000004,0.8300000000000001,CP_C,Totale
ES,2009,C,69741.1,sbs_na_sca_r2,,1,57885.113,0.8299999999999998,CP_C,Totale
ES,2010,C,68394.1,sbs_na_sca_r2,,1,56767.103,0.83,CP_C,Totale
ES,2019,C,76776.1,sbs_na_sca_r2,,1,63724.163000010005,0.8300000000001303,CP_C,Totale
ES,2020,C,74547.7,sbs_na_sca_r2,,1,61874.59100001,0.8300000000001342,CP_C,Totale
FR,2009,C,146800.8,sbs_na_sca_r2,,1,113036.616,0.77,CP_C,Totale
FR,2010,C,147277.0,sbs_na_sca_r2,,1,113403.29,0.7699999999999999,CP_C,Totale
FR,2019,C,184277.2,sbs_na_sca_r2,,1,141893.444,0.7699999999999999,CP_C,Totale
FR,2020,C,176343.9,sbs_na_sca_r2,,1,135784.80299999,0.7699999999999433,CP_C,Totale
GB,2008,C,102193.0,sbs_na_sca_r2,,1,69491.24,0.68,CP_C,Totale
GB,2009,C,85623.4,sbs_na_sca_r2,,1,58223.912,0.68,CP_C,Totale
GB,2010,C,86729.3,sbs_na_sca_r2,,1,58975.92399999999,0.6799999999999999,CP_C,Totale
IT,2008,C,137925.9,sbs_na_sca_r2,d,1,99306.64799999999,0.72,CP_C,Totale
IT,2009,C,128421.0,sbs_na_sca_r2,,1,92463.12,0.72,CP_C,Totale
IT,2010,C,130148.8,sbs_na_sca_r2,,1,93707.136,0.72,CP_C,Totale
IT,2019,C,151871.7,sbs_na_sca_r2,,1,109347.62400000001,0.72,CP_C,Totale
IT,2020,C,139545.2,sbs_na_sca_r2,,1,100472.544,0.7199999999999999,CP_C,Totale
PL,2008,C,27040.1,sbs_na_sca_r2,,1,14060.85199999,0.5199999999996302,CP_C,Totale
PL,2009,C,21089.4,sbs_na_sca_r2,,1,10966.488000009998,0.5200000000004741,CP_C,Totale
PL,2010,C,23692.6,sbs_na_sca_r2,,1,12320.152,0.52,CP_C,Totale
PL,2019,C,43303.9,sbs_na_sca_r2,,1,22518.028,0.5199999999999999,CP_C,Totale
PL,2020,C,42711.9,sbs_na_sca_r2,,1,22210.188,0.5199999999999999,CP_C,Totale
DE,2021,C,487399.26,sbs_ovw_act,,1,282691.57080001,0.5800000000000205,CP_C,Totale
DE,2022,C,518848.2,sbs_ovw_act,,1,300931.95599999995,0.5799999999999998,CP_C,Totale
DE,2023,C,534464.65,sbs_ovw_act,,1,309989.497,0.58,CP_C,Totale
EE,2021,C,2517.29,sbs_ovw_act,,1,2341.0797,0.9299999999999999,CP_C,Totale
EE,2022,C,2805.87,sbs_ovw_act,,1,2609.45910001,0.930000000003564,CP_C,Totale
EE,2023,C,2942.23,sbs_ovw_act,,1,2736.2739,0.93,CP_C,Totale
ES,2021,C,79505.08,sbs_ovw_act,,1,65989.2164,0.8300000000000001,CP_C,Totale
ES,2022,C,83208.91,sbs_ovw_act,,1,69063.39529999999,0.8299999999999998,CP_C,Totale
ES,2023,C,89471.39,sbs_ovw_act,,1,74261.2537,0.8300000000000001,CP_C,Totale
FR,2021,C,183209.54,sbs_ovw_act,b,1,141071.3458,0.77,CP_C,Totale
FR,2022,C,191452.49,sbs_ovw_act,,1,147418.4173,0.77,CP_C,Totale
FR,2023,C,203328.22,sbs_ovw_act,,1,156562.72939999,0.7699999999999508,CP_C,Totale
IT,2021,C,154825.63,sbs_ovw_act,,1,111474.45360000001,0.7200000000000001,CP_C,Totale
IT,2022,C,162993.87,sbs_ovw_act,,1,117355.58639998999,0.7199999999999386,CP_C,Totale
IT,2023,C,170303.95,sbs_ovw_act,,1,122618.844,0.72,CP_C,Totale
PL,2021,C,46812.0,sbs_ovw_act,,1,24342.24,0.52,CP_C,Totale
PL,2022,C,51323.69,sbs_ovw_act,,1,26688.3188,0.52,CP_C,Totale
PL,2023,C,59139.57,sbs_ovw_act,,1,30752.576399999998,0.52,CP_C,Totale
DE,2005,C,320806.3,sbs_na_2a_dade,,1,186067.65399998997,0.5799999999999688,CP_C,Totale
DE,2006,C,327592.3,sbs_na_2a_dade,,1,190003.53400000997,0.5800000000000305,CP_C,Totale
DE,2007,C,335127.5,sbs_na_2a_dade,,1,194373.94999999998,0.58,CP_C,Totale
EE,2005,C,980.8,sbs_na_2a_dade,,1,912.1440000099999,0.9300000000101957,CP_C,Totale
EE,2006,C,1156.8,sbs_na_2a_dade,,1,1075.8239999999998,0.9299999999999999,CP_C,Totale
EE,2007,C,1388.3,sbs_na_2a_dade,,1,1291.119,0.9299999999999999,CP_C,Totale
ES,2005,C,73242.4,sbs_na_2a_dade,,1,60791.191999999995,0.83,CP_C,Totale
ES,2006,C,76320.2,sbs_na_2a_dade,,1,63345.76599999,0.829999999999869,CP_C,Totale
ES,2007,C,78467.3,sbs_na_2a_dade,,1,65127.859,0.83,CP_C,Totale
FR,2005,C,156801.0,sbs_na_2a_dade,,1,120736.77,0.77,CP_C,Totale
FR,2006,C,158090.2,sbs_na_2a_dade,,1,121729.454,0.7699999999999999,CP_C,Totale
FR,2007,C,160093.0,sbs_na_2a_dade,,1,123271.61,0.77,CP_C,Totale
FR,2008,C,159854.3,sbs_na_2a_dade,,1,123087.811,0.77,CP_C,Totale
GB,2005,C,124089.9,sbs_na_2a_dade,,1,84381.132,0.68,CP_C,Totale
GB,2006,C,127862.8,sbs_na_2a_dade,,1,86946.70400001001,0.6800000000000783,CP_C,Totale
GB,2007,C,128188.1,sbs_na_2a_dade,,1,87167.908,0.6799999999999999,CP_C,Totale
IT,2005,C,126932.7,sbs_na_2a_dade,,1,91391.544,0.72,CP_C,Totale
IT,2006,C,131758.8,sbs_na_2a_dade,,1,94866.336,0.7200000000000001,CP_C,Totale
IT,2007,C,137673.4,sbs_na_2a_dade,,1,99124.84799999998,0.7199999999999999,CP_C,Totale
PL,2005,C,17072.2,sbs_na_2a_dade,,1,8877.544,0.52,CP_C,Totale
PL,2006,C,20121.8,sbs_na_2a_dade,,1,10463.336,0.52,CP_C,Totale
PL,2007,C,23688.8,sbs_na_2a_dade,,1,12318.175999999998,0.5199999999999999,CP_C,Totale
