paese,anno,settore_nace,classe_addetti,campione,n_imprese,somma_operating_revenue,somma_employees,somma_costs_of_employees
IT,2005,A,1-19,Totale,2843.5687,298510371.82,3238.1471,144626903.71
IT,2005,A,20-249,Totale,434.8987,522393150.68,5666.7574,253097081.49
IT,2005,A,250+,Totale,66.9075,671648336.59,7285.831,325410533.35
IT,2005,A,mancante,Totale,68.273,30460242.02,330.4232,14757847.32
IT,2005,A,1-19,TFP,1706.1412,179106223.09,1942.8883,86776142.23
IT,2005,A,20-249,TFP,260.9392,313435890.41,3400.0544,151858248.9
IT,2005,A,250+,TFP,40.1445,402989001.95,4371.4986,195246320.01
IT,2005,A,mancante,TFP,40.9638,18276145.21,198.2539,8854708.39
IT,2005,B,1-19,Totale,1039.1675,9554176800.0,5405.7094,248822784.0
IT,2005,B,20-249,Totale,158.9315,16719809400.0,9459.9914,435439872.0
IT,2005,B,250+,Totale,24.451,21496897800.0,12162.8462,559851264.0
IT,2005,B,mancante,Totale,24.95,974916000.0,551.603,25390080.0
IT,2005,B,1-19,TFP,623.5005,5732506080.0,3243.4256,149293670.4
IT,2005,B,20-249,TFP,95.3589,10031885640.0,5675.9949,261263923.2
IT,2005,B,250+,TFP,14.6706,12898138680.0,7297.7077,335910758.4
IT,2005,B,mancante,TFP,14.97,584949600.0,330.9618,15234048.0
IT,2005,C,1-19,Totale,129772.7951,132445000166.96,1205973.496,18684139563.61
IT,2005,C,20-249,Totale,9292.9219,259837757918.81,1086553.195,36655554582.89
IT,2005,C,250+,Totale,374.563,242601495414.24,644263.074,34224018973.5
IT,2005,C,mancante,Totale,2845.72,12956821500.0,59934.485,1827830880.0
IT,2005,C,1-19,TFP,77863.677,79467000100.17,723584.0976,11210483738.17
IT,2005,C,20-249,TFP,5575.7532,155902654751.28,651931.917,21993332749.73
IT,2005,C,250+,TFP,224.7378,145560897248.54,386557.8444,20534411384.1
IT,2005,C,mancante,TFP,1707.432,7774092900.0,35960.691,1096698528.0
IT,2005,D,1-19,Totale,532.7035,17018763300.0,15016.2558,808010784.0
IT,2005,D,20-249,Totale,81.4723,29782835775.0,26278.4476,1414018872.0
IT,2005,D,250+,Totale,12.5342,38292217425.0,33786.5756,1818024264.0
IT,2005,D,mancante,Totale,12.79,1736608500.0,1532.271,82450080.0
IT,2005,D,1-19,TFP,319.6221,10211257980.0,9009.7535,484806470.4
IT,2005,D,20-249,TFP,48.8834,17869701465.0,15767.0686,848411323.2
IT,2005,D,250+,TFP,7.5205,22975330455.0,20271.9453,1090814558.4
IT,2005,D,mancante,TFP,7.674,1041965100.0,919.3626,49470048.0
IT,2005,E,1-19,Totale,845.4929,442958623.63,3392.345,113414812.56
IT,2005,E,20-249,Totale,129.3107,775177591.35,5936.6037,198475921.98
IT,2005,E,250+,Totale,19.894,996656903.17,7632.7762,255183328.27
IT,2005,E,mancante,Totale,20.3,45199859.55,346.1576,11572940.06
IT,2005,E,1-19,TFP,507.2958,265775174.18,2035.407,68048887.54
IT,2005,E,20-249,TFP,77.5864,465106554.81,3561.9622,119085553.19
IT,2005,E,250+,TFP,11.9364,597994141.9,4579.6657,153109996.96
IT,2005,E,mancante,TFP,12.18,27119915.73,207.6946,6943764.03
IT,2005,F,1-19,Totale,91880.3165,28988473500.0,230572.8516,4015343808.0
IT,2005,F,20-249,Totale,14052.2837,50729828625.0,403502.4903,7026851664.0
IT,2005,F,250+,Totale,2161.8898,65224065375.0,518788.9161,9034523568.0
IT,2005,F,mancante,Totale,2206.01,2958007500.0,23527.842,409728960.0
IT,2005,F,1-19,TFP,55128.1899,17393084100.0,138343.711,2409206284.8
IT,2005,F,20-249,TFP,8431.3702,30437897175.0,242101.4942,4216110998.4
IT,2005,F,250+,TFP,1297.1339,39134439225.0,311273.3497,5420714140.8
IT,2005,F,mancante,TFP,1323.606,1774804500.0,14116.7052,245837376.0
IT,2005,G,1-19,Totale,131453.231,127169935200.0,432024.4838,7223749344.0
IT,2005,G,20-249,Totale,20104.6118,222547386600.0,756042.8467,12641561352.0
IT,2005,G,250+,Totale,3093.0172,286132354200.0,972055.0886,16253436024.0
IT,2005,G,mancante,Totale,3156.14,12976524000.0,44084.131,737117280.0
IT,2005,G,1-19,TFP,78871.9386,76301961120.0,259214.6903,4334249606.4
IT,2005,G,20-249,TFP,12062.7671,133528431960.0,453625.708,7584936811.2
IT,2005,G,250+,TFP,1855.8103,171679412520.0,583233.0531,9752061614.4
IT,2005,G,mancante,TFP,1893.684,7785914400.0,26450.4786,442270368.0
IT,2005,H,1-19,Totale,21743.3825,27789909000.0,155474.2462,5293255968.0
IT,2005,H,20-249,Totale,3325.4585,48632340750.0,272079.9309,9263197944.0
IT,2005,H,250+,Totale,511.609,62527295250.0,349817.054,11909825928.0
IT,2005,H,mancante,Totale,522.05,2835705000.0,15864.719,540128160.0
IT,2005,H,1-19,TFP,13046.0295,16673945400.0,93284.5477,3175953580.8
IT,2005,H,20-249,TFP,1995.2751,29179404450.0,163247.9585,5557918766.4
IT,2005,H,250+,TFP,306.9654,37516377150.0,209890.2324,7145895556.8
IT,2005,H,mancante,TFP,313.23,1701423000.0,9518.8314,324076896.0
IT,2005,I,1-19,Totale,54194.147,7591623900.0,137930.247,1628087328.0
IT,2005,I,20-249,Totale,8288.5166,13285341825.0,241377.9322,2849152824.0
IT,2005,I,250+,Totale,1275.1564,17081153775.0,310343.0557,3663196488.0
IT,2005,I,mancante,Totale,1301.18,774655500.0,14074.515,166131360.0
IT,2005,I,1-19,TFP,32516.4882,4554974340.0,82758.1482,976852396.8
IT,2005,I,20-249,TFP,4973.11,7971205095.0,144826.7593,1709491694.4
IT,2005,I,250+,TFP,765.0938,10248692265.0,186205.8335,2197917892.8
IT,2005,I,mancante,TFP,780.708,464793300.0,8444.709,99678816.0
IT,2005,J,1-19,Totale,3956.3482,691370830.82,9241.0747,58524928.05
IT,2005,J,20-249,Totale,605.0885,1209898953.94,16171.8808,102418624.09
IT,2005,J,250+,Totale,93.0905,1555584369.35,20792.4181,131681088.12
IT,2005,J,mancante,Totale,94.9904,70548043.96,942.9668,5971931.43
IT,2005,J,1-19,TFP,2373.8089,414822498.49,5544.6448,35114956.83
IT,2005,J,20-249,TFP,363.0531,725939372.36,9703.1285,61451174.46
IT,2005,J,250+,TFP,55.8543,933350621.61,12475.4509,79008652.87
IT,2005,J,mancante,TFP,56.9942,42328826.38,565.7801,3583158.86
IT,2005,K,1-19,Totale,9105.9395,686503433.63,1117.0038,88880459.66
IT,2005,K,20-249,Totale,1392.6731,1201381008.86,1954.7566,155540804.4
IT,2005,K,250+,Totale,214.2574,1544632725.68,2513.2585,199981034.22
IT,2005,K,mancante,Totale,218.63,70051370.78,113.98,9069434.66
IT,2005,K,1-19,TFP,5463.5637,411902060.18,670.2023,53328275.79
IT,2005,K,20-249,TFP,835.6039,720828605.32,1172.854,93324482.64
IT,2005,K,250+,TFP,128.5544,926779635.41,1507.9551,119988620.53
IT,2005,K,mancante,TFP,131.178,42030822.47,68.388,5441660.8
IT,2005,L,1-19,Totale,75416.0715,33229555800.0,345523.8332,5933475072.0
IT,2005,L,20-249,Totale,11534.2227,58151722650.0,604666.7081,10383581376.0
IT,2005,L,250+,Totale,1774.4958,74766500550.0,777428.6247,13350318912.0
IT,2005,L,mancante,Totale,1810.71,3390771000.0,35257.534,605456640.0
IT,2005,L,1-19,TFP,45249.6429,19937733480.0,207314.2999,3560085043.2
IT,2005,L,20-249,TFP,6920.5336,34891033590.0,362800.0249,6230148825.6
IT,2005,L,250+,TFP,1064.6975,44859900330.0,466457.1748,8010191347.2
IT,2005,L,mancante,TFP,1086.426,2034462600.0,21154.5204,363273984.0
IT,2005,M,1-19,Totale,3078.9746,879875288.85,6894.3434,70790945.09
IT,2005,M,20-249,Totale,470.902,1539781755.48,12065.101,123884153.9
IT,2005,M,250+,Totale,72.4465,1979719399.91,15512.2727,159279626.44
IT,2005,M,mancante,Totale,73.925,89783192.74,703.5044,7223565.83
IT,2005,M,1-19,TFP,1847.3848,527925173.31,4136.606,42474567.05
IT,2005,M,20-249,TFP,282.5412,923869053.29,7239.0606,74330492.34
IT,2005,M,250+,TFP,43.4679,1187831639.94,9307.3636,95567775.87
IT,2005,M,mancante,TFP,44.355,53869915.64,422.1027,4334139.5
IT,2005,N,1-19,Totale,1471.4869,292159030.79,979.6342,44671630.25
IT,2005,N,20-249,Totale,225.0509,511278303.88,1714.3599,78175352.93
IT,2005,N,250+,Totale,34.6232,657357819.28,2204.1771,100511168.06
IT,2005,N,mancante,Totale,35.3298,29812146.0,99.9627,4558329.62
IT,2005,N,1-19,TFP,882.8922,175295418.47,587.7805,26802978.15
IT,2005,N,20-249,TFP,135.0306,306766982.33,1028.616,46905211.76
IT,2005,N,250+,TFP,20.7739,394414691.57,1322.5062,60306700.84
IT,2005,N,mancante,TFP,21.1979,17887287.6,59.9776,2734997.77
IT,2005,O,1-19,Totale,872.2697,508300361.57,2754.7076,147513740.06
IT,2005,O,20-249,Totale,133.406,889525632.74,4820.7382,258149045.1
IT,2005,O,250+,Totale,20.524,1143675813.52,6198.092,331905915.13
IT,2005,O,mancante,Totale,20.9429,51867383.83,281.0926,15052422.45
IT,2005,O,1-19,TFP,523.3618,304980216.94,1652.8245,88508244.03
IT,2005,O,20-249,TFP,80.0436,533715379.64,2892.4429,154889427.06
IT,2005,O,250+,TFP,12.3144,686205488.11,3718.8552,199143549.08
IT,2005,O,mancante,TFP,12.5657,31120430.3,168.6556,9031453.47
IT,2005,P,1-19,Totale,3572.1,212191725.19,1076.3483,113455464.54
IT,2005,P,20-249,Totale,546.3212,371335519.08,1883.6095,198547062.95
IT,2005,P,250+,Totale,84.0494,477431381.67,2421.7836,255274795.22
IT,2005,P,mancante,Totale,85.7647,21652216.86,109.8315,11577088.22
IT,2005,P,1-19,TFP,2143.26,127315035.11,645.809,68073278.73
IT,2005,P,20-249,TFP,327.7927,222801311.45,1130.1657,119128237.77
IT,2005,P,250+,TFP,50.4296,286458829.0,1453.0702,153164877.13
IT,2005,P,mancante,TFP,51.4588,12991330.11,65.8989,6946252.93
IT,2005,Q,1-19,Totale,3595.8123,628629935.17,9146.8162,133245717.42
IT,2005,Q,20-249,Totale,549.9478,1100102386.55,16006.9284,233180005.48
IT,2005,Q,250+,Totale,84.6073,1414417354.14,20580.3365,299802864.19
IT,2005,Q,mancante,Totale,86.334,64145911.75,933.3486,13596501.78
IT,2005,Q,1-19,TFP,2157.4874,377177961.1,5488.0897,79947430.45
IT,2005,Q,20-249,TFP,329.9687,660061431.93,9604.157,139908003.29
IT,2005,Q,250+,TFP,50.7644,848650412.48,12348.2019,179881718.52
IT,2005,Q,mancante,TFP,51.8004,38487547.05,560.0092,8157901.07
IT,2005,R,1-19,Totale,2103.6923,917675940.99,5441.5704,166627119.93
IT,2005,R,20-249,Totale,321.7412,1605932896.73,9522.7483,291597459.89
IT,2005,R,250+,Totale,49.4986,2064770867.23,12243.5335,374911019.85
IT,2005,R,mancante,Totale,50.5088,93640402.14,555.2623,17002767.34
IT,2005,R,1-19,TFP,1262.2154,550605564.59,3264.9423,99976271.96
IT,2005,R,20-249,TFP,193.0447,963559738.04,5713.649,174958475.93
IT,2005,R,250+,TFP,29.6992,1238862520.34,7346.1201,224946611.91
IT,2005,R,mancante,TFP,30.3053,56184241.29,333.1574,10201660.4
IT,2005,S,1-19,Totale,1433.8975,339467946.96,4534.8827,123878103.19
IT,2005,S,20-249,Totale,219.302,594068907.17,7936.0447,216786680.58
IT,2005,S,250+,Totale,33.7388,763802880.65,10203.4861,278725732.18
IT,2005,S,mancante,Totale,34.4273,34639586.42,462.7431,12640622.77
IT,2005,S,1-19,TFP,860.3385,203680768.17,2720.9296,74326861.91
IT,2005,S,20-249,TFP,131.5812,356441344.3,4761.6268,130072008.35
IT,2005,S,250+,TFP,20.2433,458281728.39,6122.0917,167235439.31
IT,2005,S,mancante,TFP,20.6564,20783751.85,277.6459,7584373.66
IT,2006,A,1-19,Totale,1139.8619,894846434.0,2664.9404,72885083.34
IT,2006,A,20-249,Totale,174.3318,1565981259.51,4663.6457,127548895.84
IT,2006,A,250+,Totale,26.8203,2013404476.51,5996.1159,163991437.51
IT,2006,A,mancante,Totale,27.3676,91310860.61,271.9327,7437253.4
IT,2006,A,1-19,TFP,683.9172,536907860.4,1598.9642,43731050.0
IT,2006,A,20-249,TFP,104.5991,939588755.71,2798.1874,76529337.5
IT,2006,A,250+,TFP,16.0922,1208042685.91,3597.6695,98394862.51
IT,2006,A,mancante,TFP,16.4206,54786516.37,163.1596,4462352.04
IT,2006,B,1-19,Totale,1032.087,8621123700.0,5406.856,255878784.0
IT,2006,B,20-249,Totale,157.8486,15086966475.0,9461.998,447787872.0
IT,2006,B,250+,Totale,24.2844,19397528325.0,12165.426,575727264.0
IT,2006,B,mancante,Totale,24.78,879706500.0,551.72,26110080.0
IT,2006,B,1-19,TFP,619.2522,5172674220.0,3244.1136,153527270.4
IT,2006,B,20-249,TFP,94.7092,9052179885.0,5677.1988,268672723.2
IT,2006,B,250+,TFP,14.5706,11638516995.0,7299.2556,345436358.4
IT,2006,B,mancante,TFP,14.868,527823900.0,331.032,15666048.0
IT,2006,C,1-19,Totale,129478.7387,140572498500.0,1190607.145,19091495127.48
IT,2006,C,20-249,Totale,9302.9868,280698705000.0,1083935.762,38122378245.97
IT,2006,C,250+,Totale,376.8045,263268474000.0,640860.22,35755135906.55
IT,2006,C,mancante,Totale,2839.97,13970197500.0,59498.023,1897326720.0
IT,2006,C,1-19,TFP,77687.2432,84343499100.0,714364.287,11454897076.49
IT,2006,C,20-249,TFP,5581.7921,168419223000.0,650361.4572,22873426947.58
IT,2006,C,250+,TFP,226.0827,157961084400.0,384516.132,21453081543.93
IT,2006,C,mancante,TFP,1703.982,8382118500.0,35698.8138,1138396032.0
IT,2006,D,1-19,Totale,544.782,20942487300.0,14632.6544,785092896.0
IT,2006,D,20-249,Totale,83.3196,36649352775.0,25607.1452,1373912568.0
IT,2006,D,250+,Totale,12.8184,47120596425.0,32923.4724,1766459016.0
IT,2006,D,mancante,Totale,13.08,2136988500.0,1493.128,80111520.0
IT,2006,D,1-19,TFP,326.8692,12565492380.0,8779.5926,471055737.6
IT,2006,D,20-249,TFP,49.9918,21989611665.0,15364.2871,824347540.8
IT,2006,D,250+,TFP,7.691,28272357855.0,19754.0834,1059875409.6
IT,2006,D,mancante,TFP,7.848,1282193100.0,895.8768,48066912.0
IT,2006,E,1-19,Totale,1235.9015,411503795.31,244.2345,118165192.51
IT,2006,E,20-249,Totale,189.0202,720131641.79,427.4104,206789086.9
IT,2006,E,250+,Totale,29.08,925883539.45,549.5276,265871683.16
IT,2006,E,mancante,Totale,29.6735,41990183.19,24.9219,12057672.71
IT,2006,E,1-19,TFP,741.5409,246902277.19,146.5407,70899115.51
IT,2006,E,20-249,TFP,113.4121,432078985.08,256.4462,124073452.14
IT,2006,E,250+,TFP,17.448,555530123.67,329.7166,159523009.9
IT,2006,E,mancante,TFP,17.8041,25194109.92,14.9531,7234603.62
IT,2006,F,1-19,Totale,95643.8105,32840902500.0,235039.623,4406584896.0
IT,2006,F,20-249,Totale,14627.8769,57471579375.0,411319.3402,7711523568.0
IT,2006,F,250+,Totale,2250.4426,73892030625.0,528839.1517,9914816016.0
IT,2006,F,mancante,Totale,2296.37,3351112500.0,23983.635,449651520.0
IT,2006,F,1-19,TFP,57386.2863,19704541500.0,141023.7738,2643950937.6
IT,2006,F,20-249,TFP,8776.7261,34482947625.0,246791.6041,4626914140.8
IT,2006,F,250+,TFP,1350.2656,44335218375.0,317303.491,5948889609.6
IT,2006,F,mancante,TFP,1377.822,2010667500.0,14390.181,269790912.0
IT,2006,G,1-19,Totale,133864.3495,135063894000.0,438677.8214,7500245760.0
IT,2006,G,20-249,Totale,20473.3711,236361814500.0,767686.1874,13125430080.0
IT,2006,G,250+,Totale,3149.7494,303893761500.0,987025.0981,16875552960.0
IT,2006,G,mancante,Totale,3214.03,13782030000.0,44763.043,765331200.0
IT,2006,G,1-19,TFP,80318.6097,81038336400.0,263206.6928,4500147456.0
IT,2006,G,20-249,TFP,12284.0227,141817088700.0,460611.7125,7875258048.0
IT,2006,G,250+,TFP,1889.8496,182336256900.0,592215.0589,10125331776.0
IT,2006,G,mancante,TFP,1928.418,8269218000.0,26857.8258,459198720.0
IT,2006,H,1-19,Totale,22164.0475,29602507200.0,157629.472,5485066272.0
IT,2006,H,20-249,Totale,3389.7955,51804387600.0,275851.576,9598865976.0
IT,2006,H,250+,Totale,521.507,66605641200.0,354666.312,12341399112.0
IT,2006,H,mancante,Totale,532.15,3020664000.0,16084.64,559700640.0
IT,2006,H,1-19,TFP,13298.4285,17761504320.0,94577.6832,3291039763.2
IT,2006,H,20-249,TFP,2033.8773,31082632560.0,165510.9456,5759319585.6
IT,2006,H,250+,TFP,312.9042,39963384720.0,212799.7872,7404839467.2
IT,2006,H,mancante,TFP,319.29,1812398400.0,9650.784,335820384.0
IT,2006,I,1-19,Totale,56500.724,8873566800.0,142099.7942,1938565440.0
IT,2006,I,20-249,Totale,8641.2872,15528741900.0,248674.6399,3392489520.0
IT,2006,I,250+,Totale,1329.4288,19965525300.0,319724.537,4361772240.0
IT,2006,I,mancante,Totale,1356.56,905466000.0,14499.979,197812800.0
IT,2006,I,1-19,TFP,33900.4344,5324140080.0,85259.8765,1163139264.0
IT,2006,I,20-249,TFP,5184.7723,9317245140.0,149204.7839,2035493712.0
IT,2006,I,250+,TFP,797.6573,11979315180.0,191834.7222,2617063344.0
IT,2006,I,mancante,TFP,813.936,543279600.0,8699.9874,118687680.0
IT,2006,J,1-19,Totale,1325.7221,158053342.13,6120.0255,47247967.02
IT,2006,J,20-249,Totale,202.7575,276593348.72,10710.0446,82683942.29
IT,2006,J,250+,Totale,31.1935,355620019.79,13770.0574,106307925.8
IT,2006,J,mancante,Totale,31.8301,16127892.05,624.4924,4821221.12
IT,2006,J,1-19,TFP,795.4332,94832005.28,3672.0153,28348780.21
IT,2006,J,20-249,TFP,121.6545,165956009.23,6426.0268,49610365.37
IT,2006,J,250+,TFP,18.7161,213372011.87,8262.0344,63784755.48
IT,2006,J,mancante,TFP,19.098,9676735.23,374.6954,2892732.67
IT,2006,K,1-19,Totale,9340.429,486862167.19,1638.5433,53771245.73
IT,2006,K,20-249,Totale,1428.5362,852008792.59,2867.4507,94099680.03
IT,2006,K,250+,Totale,219.7748,1095439876.18,3686.7224,120985302.9
IT,2006,K,mancante,Totale,224.26,49679812.98,167.1983,5486861.81
IT,2006,K,1-19,TFP,5604.2574,292117300.32,983.126,32262747.44
IT,2006,K,20-249,TFP,857.1217,511205275.55,1720.4704,56459808.02
IT,2006,K,250+,TFP,131.8649,657263925.71,2212.0334,72591181.74
IT,2006,K,mancante,TFP,134.556,29807887.79,100.319,3292117.09
IT,2006,L,1-19,Totale,78223.698,34849951500.0,356954.9256,6265149408.0
IT,2006,L,20-249,Totale,11963.6244,60987415125.0,624671.1198,10964011464.0
IT,2006,L,250+,Totale,1840.5576,78412390875.0,803148.5826,14096586168.0
IT,2006,L,mancante,Totale,1878.12,3556117500.0,36423.972,639300960.0
IT,2006,L,1-19,TFP,46934.2188,20909970900.0,214172.9554,3759089644.8
IT,2006,L,20-249,TFP,7178.1746,36592449075.0,374802.6719,6578406878.4
IT,2006,L,250+,TFP,1104.3346,47047434525.0,481889.1496,8457951700.8
IT,2006,L,mancante,TFP,1126.872,2133670500.0,21854.3832,383580576.0
IT,2006,M,1-19,Totale,1297.8722,516361807.72,4771.0465,59620433.08
IT,2006,M,20-249,Totale,198.4981,903633163.52,8349.3313,104335757.89
IT,2006,M,250+,Totale,30.5382,1161814067.38,10734.8546,134145974.43
IT,2006,M,mancante,Totale,31.1614,52689980.38,486.8415,6083717.66
IT,2006,M,1-19,TFP,778.7233,309817084.63,2862.6279,35772259.85
IT,2006,M,20-249,TFP,119.0989,542179898.11,5009.5988,62601454.73
IT,2006,M,250+,TFP,18.3229,697088440.43,6440.9128,80487584.66
IT,2006,M,mancante,TFP,18.6968,31613988.23,292.1049,3650230.6
IT,2006,N,1-19,Totale,948.5348,344137199.68,2698.6028,95297017.75
IT,2006,N,20-249,Totale,145.07,602240099.43,4722.5548,166769781.06
IT,2006,N,250+,Totale,22.3185,774308699.27,6071.8562,214418289.94
IT,2006,N,mancante,Totale,22.7739,35116040.78,275.3676,9724185.48
IT,2006,N,1-19,TFP,569.1209,206482319.81,1619.1617,57178210.65
IT,2006,N,20-249,TFP,87.042,361344059.66,2833.5329,100061868.64
IT,2006,N,250+,TFP,13.3911,464585219.56,3643.1137,128650973.96
IT,2006,N,mancante,TFP,13.6644,21069624.47,165.2206,5834511.29
IT,2006,O,1-19,Totale,818.539,535146186.27,2561.0938,151074079.91
IT,2006,O,20-249,Totale,125.1883,936505825.96,4481.9141,264379639.84
IT,2006,O,250+,Totale,19.2597,1204078919.1,5762.461,339916679.79
IT,2006,O,mancante,Totale,19.6528,54606753.7,261.3361,15415722.44
IT,2006,O,1-19,TFP,491.1234,321087711.76,1536.6563,90644447.94
IT,2006,O,20-249,TFP,75.113,561903495.58,2689.1485,158627783.9
IT,2006,O,250+,TFP,11.5558,722447351.46,3457.4766,203950007.87
IT,2006,O,mancante,TFP,11.7917,32764052.22,156.8017,9249433.46
IT,2006,P,1-19,Totale,2577.7102,858421849.11,1908.3879,137283312.85
IT,2006,P,20-249,Totale,394.238,1502238235.94,3339.6788,240245797.48
IT,2006,P,250+,Totale,60.652,1931449160.5,4293.8727,308887453.91
IT,2006,P,mancante,Totale,61.8898,87594066.24,194.7335,14008501.31
IT,2006,P,1-19,TFP,1546.6261,515053109.47,1145.0327,82369987.71
IT,2006,P,20-249,TFP,236.5428,901342941.57,2003.8073,144147478.49
IT,2006,P,250+,TFP,36.3912,1158869496.3,2576.3236,185332472.34
IT,2006,P,mancante,TFP,37.1339,52556439.74,116.8401,8405100.79
IT,2006,Q,1-19,Totale,432.5781,282474740.81,7493.8147,58684057.3
IT,2006,Q,20-249,Totale,66.159,494330796.41,13114.1758,102697100.28
IT,2006,Q,250+,Totale,10.1783,635568166.82,16861.0831,132039128.93
IT,2006,Q,mancante,Totale,10.386,28823953.14,764.675,5988169.11
IT,2006,Q,1-19,TFP,259.5469,169484844.48,4496.2888,35210434.38
IT,2006,Q,20-249,TFP,39.6954,296598477.85,7868.5055,61618260.17
IT,2006,Q,250+,TFP,6.107,381340900.09,10116.6499,79223477.36
IT,2006,Q,mancante,TFP,6.2316,17294371.89,458.805,3592901.47
IT,2006,R,1-19,Totale,795.0428,643126029.08,5353.0439,119093788.32
IT,2006,R,20-249,Totale,121.5948,1125470550.9,9367.8267,208414129.56
IT,2006,R,250+,Totale,18.7069,1447033565.44,12044.3487,267961023.72
IT,2006,R,mancante,Totale,19.0887,65625105.01,546.229,12152427.38
IT,2006,R,1-19,TFP,477.0257,385875617.45,3211.8263,71456272.99
IT,2006,R,20-249,TFP,72.9569,675282330.54,5620.696,125048477.73
IT,2006,R,250+,TFP,11.2241,868220139.26,7226.6092,160776614.23
IT,2006,R,mancante,TFP,11.4532,39375063.01,327.7374,7291456.43
IT,2006,S,1-19,Totale,3655.0879,316881080.05,6773.0399,32280674.13
IT,2006,S,20-249,Totale,559.0134,554541890.09,11852.8199,56491179.73
IT,2006,S,250+,Totale,86.0021,712982430.12,15239.3399,72631516.8
IT,2006,S,mancante,Totale,87.7572,32334804.09,691.1265,3293946.34
IT,2006,S,1-19,TFP,2193.0527,190128648.03,4063.824,19368404.48
IT,2006,S,20-249,TFP,335.4081,332725134.06,7111.6919,33894707.84
IT,2006,S,250+,TFP,51.6012,427789458.07,9143.6039,43578910.08
IT,2006,S,mancante,TFP,52.6543,19400882.45,414.6759,1976367.8
IT,2007,A,1-19,Totale,813.7727,476108444.52,6135.0579,68694943.06
IT,2007,A,20-249,Totale,124.4594,833189777.91,10736.3512,120216150.35
IT,2007,A,250+,Totale,19.1476,1071244000.17,13803.8802,154563621.88
IT,2007,A,mancante,Totale,19.5384,48582494.34,626.0263,7009688.07
IT,2007,A,1-19,TFP,488.2636,285665066.71,3681.0347,41216965.83
IT,2007,A,20-249,TFP,74.6756,499913866.74,6441.8107,72129690.21
IT,2007,A,250+,TFP,11.4886,642746400.1,8282.3281,92738173.13
IT,2007,A,mancante,TFP,11.723,29149496.6,375.6158,4205812.84
IT,2007,B,1-19,Totale,1012.5115,7890195600.0,5418.1946,270019008.0
IT,2007,B,20-249,Totale,154.8547,13807842300.0,9481.8406,472533264.0
IT,2007,B,250+,Totale,23.8238,17752940100.0,12190.9379,607542768.0
IT,2007,B,mancante,Totale,24.31,805122000.0,552.877,27552960.0
IT,2007,B,1-19,TFP,607.5069,4734117360.0,3250.9168,162011404.8
IT,2007,B,20-249,TFP,92.9128,8284705380.0,5689.1043,283519958.4
IT,2007,B,250+,TFP,14.2943,10651764060.0,7314.5627,364525660.8
IT,2007,B,mancante,TFP,14.586,483073200.0,331.7262,16531776.0
IT,2007,C,1-19,Totale,129959.6858,152537122500.0,1190560.644,20137096188.46
IT,2007,C,20-249,Totale,9528.7891,301741902000.0,1093196.468,39834275126.46
IT,2007,C,250+,Totale,385.4551,281567622000.0,648767.301,37170979725.08
IT,2007,C,mancante,Totale,2854.57,15017278500.0,59847.437,1982496960.0
IT,2007,C,1-19,TFP,77975.8115,91522273500.0,714336.3864,12082257713.08
IT,2007,C,20-249,TFP,5717.2735,181045141200.0,655917.8808,23900565075.87
IT,2007,C,250+,TFP,231.2731,168940573200.0,389260.3806,22302587835.05
IT,2007,C,mancante,TFP,1712.742,9010367100.0,35908.4622,1189498176.0
IT,2007,D,1-19,Totale,571.438,18898173000.0,14600.1674,825961248.0
IT,2007,D,20-249,Totale,87.3964,33071802750.0,25550.2929,1445432184.0
IT,2007,D,250+,Totale,13.4456,42520889250.0,32850.3767,1858412808.0
IT,2007,D,mancante,Totale,13.72,1928385000.0,1489.813,84281760.0
IT,2007,D,1-19,TFP,342.8628,11338903800.0,8760.1004,495576748.8
IT,2007,D,20-249,TFP,52.4378,19843081650.0,15330.1758,867259310.4
IT,2007,D,250+,TFP,8.0674,25512533550.0,19710.226,1115047684.8
IT,2007,D,mancante,TFP,8.232,1157031000.0,893.8878,50569056.0
IT,2007,E,1-19,Totale,4054.0994,106566096.72,2213.2526,156016106.43
IT,2007,E,20-249,Totale,620.0387,186490669.25,3873.192,273028186.25
IT,2007,E,250+,Totale,95.3906,239773717.61,4979.8183,351036239.47
IT,2007,E,mancante,Totale,97.3373,10874091.5,225.8421,15920010.86
IT,2007,E,1-19,TFP,2432.4596,63939658.03,1327.9515,93609663.86
IT,2007,E,20-249,TFP,372.0232,111894401.55,2323.9152,163816911.75
IT,2007,E,250+,TFP,57.2343,143864230.57,2987.891,210621743.68
IT,2007,E,mancante,TFP,58.4024,6524454.9,135.5053,9552006.52
IT,2007,F,1-19,Totale,101870.069,33264600600.0,250238.443,4897216800.0
IT,2007,F,20-249,Totale,15580.1282,58213051050.0,437917.2752,8570129400.0
IT,2007,F,250+,Totale,2396.9428,74845351350.0,563036.4968,11018737800.0
IT,2007,F,mancante,Totale,2445.86,3394347000.0,25534.535,499716000.0
IT,2007,F,1-19,TFP,61122.0414,19958760360.0,150143.0658,2938330080.0
IT,2007,F,20-249,TFP,9348.0769,34927830630.0,262750.3651,5142077640.0
IT,2007,F,250+,TFP,1438.1657,44907210810.0,337821.898,6611242680.0
IT,2007,F,mancante,TFP,1467.516,2036608200.0,15320.721,299829600.0
IT,2007,G,1-19,Totale,138787.3795,136741781400.0,448822.0464,8057655648.0
IT,2007,G,20-249,Totale,21226.3051,239298117450.0,785438.5812,14100897384.0
IT,2007,G,250+,Totale,3265.5854,307669008150.0,1009849.6044,18129725208.0
IT,2007,G,mancante,Totale,3332.23,13953243000.0,45798.168,822209760.0
IT,2007,G,1-19,TFP,83272.4277,82045068840.0,269293.2278,4834593388.8
IT,2007,G,20-249,TFP,12735.7831,143578870470.0,471263.1487,8460538430.4
IT,2007,G,250+,TFP,1959.3512,184601404890.0,605909.7626,10877835124.8
IT,2007,G,mancante,TFP,1999.338,8371945800.0,27478.9008,493325856.0
IT,2007,H,1-19,Totale,22722.9905,30239664000.0,159708.3852,5774672736.0
IT,2007,H,20-249,Totale,3475.2809,52919412000.0,279489.6741,10105677288.0
IT,2007,H,250+,Totale,534.6586,68039244000.0,359343.8667,12993013656.0
IT,2007,H,mancante,Totale,545.57,3085680000.0,16296.774,589252320.0
IT,2007,H,1-19,TFP,13633.7943,18143798400.0,95825.0311,3464803641.6
IT,2007,H,20-249,TFP,2085.1685,31751647200.0,167693.8045,6063406372.8
IT,2007,H,250+,TFP,320.7952,40823546400.0,215606.32,7795808193.6
IT,2007,H,mancante,TFP,327.342,1851408000.0,9778.0644,353551392.0
IT,2007,I,1-19,Totale,61162.6085,9609272400.0,149627.6054,2220607872.0
IT,2007,I,20-249,Totale,9354.2813,16816226700.0,261848.3095,3886063776.0
IT,2007,I,250+,Totale,1439.1202,21620862900.0,336662.1122,4996367712.0
IT,2007,I,mancante,Totale,1468.49,980538000.0,15268.123,226592640.0
IT,2007,I,1-19,TFP,36697.5651,5765563440.0,89776.5632,1332364723.2
IT,2007,I,20-249,TFP,5612.5688,10089736020.0,157108.9857,2331638265.6
IT,2007,I,250+,TFP,863.4721,12972517740.0,201997.2673,2997820627.2
IT,2007,I,mancante,TFP,881.094,588322800.0,9160.8738,135955584.0
IT,2007,J,1-19,Totale,4026.6471,487660846.69,3833.5101,62868502.34
IT,2007,J,20-249,Totale,615.8402,853406481.72,6708.6428,110019879.1
IT,2007,J,250+,Totale,94.7446,1097236905.06,8625.3978,141454130.27
IT,2007,J,mancante,Totale,96.6782,49761310.89,391.1745,6415153.3
IT,2007,J,1-19,TFP,2415.9883,292596508.02,2300.1061,37721101.41
IT,2007,J,20-249,TFP,369.5041,512043889.03,4025.1857,66011927.46
IT,2007,J,250+,TFP,56.8468,658342143.04,5175.2387,84872478.16
IT,2007,J,mancante,TFP,58.0069,29856786.53,234.7047,3849091.98
IT,2007,K,1-19,Totale,9515.7755,149334697.84,4121.4804,46041002.82
IT,2007,K,20-249,Totale,1455.3539,261335721.23,7212.5906,80571754.94
IT,2007,K,250+,Totale,223.9006,336003070.15,9273.3308,103592256.35
IT,2007,K,mancante,Totale,228.47,15238234.47,420.5592,4698061.51
IT,2007,K,1-19,TFP,5709.4653,89600818.71,2472.8882,27624601.69
IT,2007,K,20-249,TFP,873.2123,156801432.74,4327.5544,48343052.96
IT,2007,K,250+,TFP,134.3404,201601842.09,5563.9985,62155353.81
IT,2007,K,mancante,TFP,137.082,9142940.68,252.3355,2818836.91
IT,2007,L,1-19,Totale,81499.054,37321550700.0,371144.228,6953024736.0
IT,2007,L,20-249,Totale,12464.5612,65312713725.0,649502.399,12167793288.0
IT,2007,L,250+,Totale,1917.6248,83973489075.0,835074.513,15644305656.0
IT,2007,L,mancante,Totale,1956.76,3808321500.0,37871.86,709492320.0
IT,2007,L,1-19,TFP,48899.4324,22392930420.0,222686.5368,4171814841.6
IT,2007,L,20-249,TFP,7478.7367,39187628235.0,389701.4394,7300675972.8
IT,2007,L,250+,TFP,1150.5749,50384093445.0,501044.7078,9386583393.6
IT,2007,L,mancante,TFP,1174.056,2284992900.0,22723.116,425695392.0
IT,2007,M,1-19,Totale,2336.6064,309807059.51,7687.1955,51550759.08
IT,2007,M,20-249,Totale,357.3633,542162354.14,13452.592,90213828.39
IT,2007,M,250+,Totale,54.979,697065883.9,17296.1898,115989207.92
IT,2007,M,mancante,Totale,56.101,31612965.26,784.4077,5260281.54
IT,2007,M,1-19,TFP,1401.9638,185884235.71,4612.3173,30930455.45
IT,2007,M,20-249,TFP,214.418,325297412.49,8071.5552,54128297.03
IT,2007,M,250+,TFP,32.9874,418239530.34,10377.7139,69593524.75
IT,2007,M,mancante,TFP,33.6606,18967779.15,470.6446,3156168.92
IT,2007,N,1-19,Totale,1237.2851,421688833.29,5067.9337,71883046.52
IT,2007,N,20-249,Totale,189.2318,737955458.26,8868.8839,125795331.41
IT,2007,N,250+,Totale,29.1126,948799874.9,11402.8507,161736854.67
IT,2007,N,mancante,Totale,29.7067,43029472.78,517.1361,7335004.75
IT,2007,N,1-19,TFP,742.371,253013299.97,3040.7602,43129827.91
IT,2007,N,20-249,TFP,113.5391,442773274.95,5321.3303,75477198.85
IT,2007,N,250+,TFP,17.4676,569279924.94,6841.7104,97042112.8
IT,2007,N,mancante,TFP,17.824,25817683.67,310.2817,4401002.85
IT,2007,O,1-19,Totale,3688.8407,346574325.75,1016.0019,95148381.23
IT,2007,O,20-249,Totale,564.1756,606505070.06,1778.0034,166509667.15
IT,2007,O,250+,Totale,86.7963,779792232.94,2286.0043,214083857.76
IT,2007,O,mancante,Totale,88.5676,35364727.12,103.6737,9709018.49
IT,2007,O,1-19,TFP,2213.3044,207944595.45,609.6012,57089028.74
IT,2007,O,20-249,TFP,338.5054,363903042.04,1066.802,99905800.29
IT,2007,O,250+,TFP,52.0778,467875339.76,1371.6026,128450314.66
IT,2007,O,mancante,TFP,53.1406,21218836.27,62.2042,5825411.1
IT,2007,P,1-19,Totale,579.3267,933454889.62,458.9933,163503551.94
IT,2007,P,20-249,Totale,88.6029,1633546056.84,803.2382,286131215.89
IT,2007,P,250+,Totale,13.6312,2100273501.65,1032.7348,367882991.86
IT,2007,P,mancante,Totale,13.9094,95250498.94,46.836,16684035.91
IT,2007,P,1-19,TFP,347.596,560072933.77,275.396,98102131.16
IT,2007,P,20-249,TFP,53.1617,980127634.1,481.9429,171678729.53
IT,2007,P,250+,TFP,8.1787,1260164100.99,619.6409,220729795.12
IT,2007,P,mancante,TFP,8.3456,57150299.36,28.1016,10010421.55
IT,2007,Q,1-19,Totale,1436.2334,757601724.13,8806.1852,45931392.63
IT,2007,Q,20-249,Totale,219.6592,1325803017.23,15410.8241,80379937.1
IT,2007,Q,250+,Totale,33.7937,1704603879.29,19813.9167,103345633.42
IT,2007,Q,mancante,Totale,34.4834,77306298.38,898.5903,4686876.8
IT,2007,Q,1-19,TFP,861.7401,454561034.48,5283.7111,27558835.58
IT,2007,Q,20-249,TFP,131.7955,795481810.34,9246.4945,48227962.26
IT,2007,Q,250+,TFP,20.2762,1022762327.58,11888.35,62007380.05
IT,2007,Q,mancante,TFP,20.69,46383779.03,539.1542,2812126.08
IT,2007,R,1-19,Totale,120.0109,431534143.79,3527.1374,100548893.93
IT,2007,R,20-249,Totale,18.3546,755184751.64,6172.4904,175960564.39
IT,2007,R,250+,Totale,2.8238,970951823.53,7936.0591,226235011.35
IT,2007,R,mancante,Totale,2.8814,44034096.31,359.912,10260091.22
IT,2007,R,1-19,TFP,72.0066,258920486.28,2116.2824,60329336.36
IT,2007,R,20-249,TFP,11.0128,453110850.98,3703.4943,105576338.63
IT,2007,R,250+,TFP,1.6943,582571094.12,4761.6355,135741006.81
IT,2007,R,mancante,TFP,1.7288,26420457.78,215.9472,6156054.73
IT,2007,S,1-19,Totale,2059.189,470802176.35,8625.0248,33305127.97
IT,2007,S,20-249,Totale,314.9348,823903808.62,15093.7935,58283973.94
IT,2007,S,250+,Totale,48.4515,1059304896.8,19406.3059,74936537.93
IT,2007,S,mancante,Totale,49.4403,48041038.4,880.1046,3398482.45
IT,2007,S,1-19,TFP,1235.5134,282481305.81,5175.0149,19983076.78
IT,2007,S,20-249,TFP,188.9609,494342285.17,9056.2761,34970384.37
IT,2007,S,250+,TFP,29.0709,635582938.08,11643.7835,44961922.76
IT,2007,S,mancante,TFP,29.6642,28824623.04,528.0627,2039089.47
IT,2008,A,1-19,Totale,2969.4555,522442855.51,7711.8166,170842941.38
IT,2008,A,20-249,Totale,454.152,914274997.15,13495.679,298975147.42
IT,2008,A,250+,Totale,69.8695,1175496424.91,17351.5873,384396618.11
IT,2008,A,mancante,Totale,71.2955,53310495.46,786.9201,17432953.2
IT,2008,A,1-19,TFP,1781.6733,313465713.31,4627.09,102505764.83
IT,2008,A,20-249,TFP,272.4912,548564998.29,8097.4074,179385088.45
IT,2008,A,250+,TFP,41.9217,705297854.94,10410.9524,230637970.87
IT,2008,A,mancante,TFP,42.7773,31986297.28,472.152,10459771.92
IT,2008,B,1-19,Totale,835.499,7704078900.0,4859.9278,274802976.0
IT,2008,B,20-249,Totale,127.7822,13482138075.0,8504.8736,480905208.0
IT,2008,B,250+,Totale,19.6588,17334177525.0,10934.8376,618306696.0
IT,2008,B,mancante,Totale,20.06,786130500.0,495.911,28041120.0
IT,2008,B,1-19,TFP,501.2994,4622447340.0,2915.9567,164881785.6
IT,2008,B,20-249,TFP,76.6693,8089282845.0,5102.9242,288543124.8
IT,2008,B,250+,TFP,11.7953,10400506515.0,6560.9025,370984017.6
IT,2008,B,mancante,TFP,12.036,471678300.0,297.5466,16824672.0
IT,2008,C,1-19,Totale,119701.1301,144803526000.0,1103217.752,19601963359.33
IT,2008,C,20-249,Totale,9592.3843,292904850000.0,1065101.583,39650347585.24
IT,2008,C,250+,Totale,393.8057,281217247500.0,639097.004,38068204095.43
IT,2008,C,mancante,Totale,2646.68,14671951500.0,57294.211,1986132960.0
IT,2008,C,1-19,TFP,71820.678,86882115600.0,661930.6512,11761178015.6
IT,2008,C,20-249,TFP,5755.4306,175742910000.0,639060.9498,23790208551.15
IT,2008,C,250+,TFP,236.2834,168730348500.0,383458.2024,22840922457.26
IT,2008,C,mancante,TFP,1588.008,8803170900.0,34376.5266,1191679776.0
IT,2008,D,1-19,Totale,497.5197,13984918500.0,4378.101,399156641.11
IT,2008,D,20-249,Totale,54.1965,56196924000.0,9484.293,1603968977.35
IT,2008,D,250+,Totale,8.8438,45067407000.0,39788.294,1286311021.54
IT,2008,D,mancante,Totale,11.44,2352025500.0,1094.912,67131360.0
IT,2008,D,1-19,TFP,298.5118,8390951100.0,2626.8606,239493984.67
IT,2008,D,20-249,TFP,32.5179,33718154400.0,5690.5758,962381386.41
IT,2008,D,250+,TFP,5.3063,27040444200.0,23872.9764,771786612.92
IT,2008,D,mancante,TFP,6.864,1411215300.0,656.9472,40278816.0
IT,2008,E,1-19,Totale,2323.6535,4642201200.0,21916.8768,895491072.0
IT,2008,E,20-249,Totale,355.3823,8123852100.0,38354.5344,1567109376.0
IT,2008,E,250+,Totale,54.6742,10444952700.0,49312.9728,2014854912.0
IT,2008,E,mancante,Totale,55.79,473694000.0,2236.416,91376640.0
IT,2008,E,1-19,TFP,1394.1921,2785320720.0,13150.1261,537294643.2
IT,2008,E,20-249,TFP,213.2294,4874311260.0,23012.7206,940265625.6
IT,2008,E,250+,TFP,32.8045,6266971620.0,29587.7837,1208912947.2
IT,2008,E,mancante,TFP,33.474,284216400.0,1341.8496,54825984.0
IT,2008,F,1-19,Totale,119897.5879,131314144500.0,1021525.05,17134758412.66
IT,2008,F,20-249,Totale,1714.6971,56229411000.0,223228.369,7337194152.54
IT,2008,F,250+,Totale,15.515,13563102000.0,36344.672,1769805354.79
IT,2008,F,mancante,Totale,2482.2,4104217500.0,26144.859,535546080.0
IT,2008,F,1-19,TFP,71938.5527,78788486700.0,612915.03,10280855047.6
IT,2008,F,20-249,TFP,1028.8182,33737646600.0,133937.0214,4402316491.52
IT,2008,F,250+,TFP,9.309,8137861200.0,21806.8032,1061883212.88
IT,2008,F,mancante,TFP,1489.32,2462530500.0,15686.9154,321327648.0
IT,2008,G,1-19,Totale,143840.3575,144413946600.0,453276.2052,8553113856.0
IT,2008,G,20-249,Totale,21999.1135,252724406550.0,793233.3591,14967949248.0
IT,2008,G,250+,Totale,3384.479,324931379850.0,1019871.4617,19244506176.0
IT,2008,G,mancante,Totale,3453.55,14736117000.0,46252.674,872766720.0
IT,2008,G,1-19,TFP,86304.2145,86648367960.0,271965.7231,5131868313.6
IT,2008,G,20-249,TFP,13199.4681,151634643930.0,475940.0155,8980769548.8
IT,2008,G,250+,TFP,2030.6874,194958827910.0,611922.877,11546703705.6
IT,2008,G,mancante,TFP,2072.13,8841670200.0,27751.6044,523660032.0
IT,2008,H,1-19,Totale,23881.6613,31620067500.0,230886.383,7605983896.78
IT,2008,H,20-249,Totale,974.2543,28533876000.0,189210.658,6863622329.99
IT,2008,H,250+,Totale,60.5845,46705575000.0,313458.145,11234696173.24
IT,2008,H,mancante,Totale,508.5,2180806500.0,14970.514,524577600.0
IT,2008,H,1-19,TFP,14328.9968,18972040500.0,138531.8298,4563590338.07
IT,2008,H,20-249,TFP,584.5526,17120325600.0,113526.3948,4118173397.99
IT,2008,H,250+,TFP,36.3507,28023345000.0,188074.887,6740817703.94
IT,2008,H,mancante,TFP,305.1,1308483900.0,8982.3084,314746560.0
IT,2008,I,1-19,Totale,77953.8996,34197527365.71,611130.156,7803355713.14
IT,2008,I,20-249,Totale,1161.9292,8464837833.87,110402.292,1931547271.4
IT,2008,I,250+,Totale,30.4412,6455553300.41,83700.526,1473059095.46
IT,2008,I,mancante,Totale,1615.23,1002406500.0,16433.326,228733920.0
IT,2008,I,1-19,TFP,46772.3398,20518516419.43,366678.0936,4682013427.89
IT,2008,I,20-249,TFP,697.1575,5078902700.32,66241.3752,1158928362.84
IT,2008,I,250+,TFP,18.2647,3873331980.25,50220.3156,883835457.28
IT,2008,I,mancante,TFP,969.138,601443900.0,9859.9956,137240352.0
IT,2008,J,1-19,Totale,16890.1129,14627785452.97,153078.107,2645173378.33
IT,2008,J,20-249,Totale,400.053,16070807248.98,79370.837,2906118061.41
IT,2008,J,250+,Totale,28.3941,55205046798.05,134098.055,9982845360.25
IT,2008,J,mancante,Totale,353.44,1753135500.0,7480.551,317023200.0
IT,2008,J,1-19,TFP,10134.0677,8776671271.78,91846.8642,1587104027.0
IT,2008,J,20-249,TFP,240.0318,9642484349.39,47622.5022,1743670836.85
IT,2008,J,250+,TFP,17.0365,33123028078.83,80458.833,5989707216.15
IT,2008,J,mancante,TFP,212.064,1051881300.0,4488.3306,190213920.0
IT,2008,K,1-19,Totale,9202.151,339435787.85,6631.7681,74093457.07
IT,2008,K,20-249,Totale,1407.3878,594012628.73,11605.5942,129663549.87
IT,2008,K,250+,Totale,216.5212,763730522.66,14921.4783,166710278.41
IT,2008,K,mancante,Totale,220.94,34636304.88,676.711,7560556.84
IT,2008,K,1-19,TFP,5521.2906,203661472.71,3979.0609,44456074.24
IT,2008,K,20-249,TFP,844.4327,356407577.24,6963.3565,77798129.92
IT,2008,K,250+,TFP,129.9127,458238313.59,8952.887,100026167.05
IT,2008,K,mancante,TFP,132.564,20781782.93,406.0266,4536334.11
IT,2008,L,1-19,Totale,11759.4244,31618456621.46,201009.809,1300847770.5
IT,2008,L,20-249,Totale,10.4653,2013454709.35,5124.665,82837631.86
IT,2008,L,250+,Totale,0.4003,859139669.18,1693.146,35346757.64
IT,2008,L,mancante,Totale,240.21,703899000.0,4241.38,28959840.0
IT,2008,L,1-19,TFP,7055.6546,18971073972.88,120605.8854,780508662.3
IT,2008,L,20-249,TFP,6.2792,1208072825.61,3074.799,49702579.12
IT,2008,L,250+,TFP,0.2402,515483801.51,1015.8876,21208054.59
IT,2008,L,mancante,TFP,144.126,422339400.0,2544.828,17375904.0
IT,2008,M,1-19,Totale,51626.9511,55169841790.21,658628.698,8275832401.4
IT,2008,M,20-249,Totale,192.078,20473446468.35,80532.088,3071149130.63
IT,2008,M,250+,Totale,8.2709,11119198741.44,44611.658,1667951587.97
IT,2008,M,mancante,Totale,1057.7,1770663000.0,15995.356,265610880.0
IT,2008,M,1-19,TFP,30976.1707,33101905074.13,395177.2188,4965499440.84
IT,2008,M,20-249,TFP,115.2468,12284067881.01,48319.2528,1842689478.38
IT,2008,M,250+,TFP,4.9626,6671519244.86,26766.9948,1000770952.78
IT,2008,M,mancante,TFP,634.62,1062397800.0,9597.2136,159366528.0
IT,2008,N,1-19,Totale,23893.1513,22987977408.39,219724.232,6163047385.35
IT,2008,N,20-249,Totale,821.4105,17250060294.61,176385.937,4624719135.01
IT,2008,N,250+,Totale,74.0482,16859775797.01,325313.352,4520084359.64
IT,2008,N,mancante,Totale,505.89,1165261500.0,14722.929,312405120.0
IT,2008,N,1-19,TFP,14335.8908,13792786445.03,131834.5392,3697828431.21
IT,2008,N,20-249,TFP,492.8463,10350036176.76,105831.5622,2774831481.01
IT,2008,N,250+,TFP,44.4289,10115865478.2,195188.0112,2712050615.78
IT,2008,N,mancante,TFP,303.534,699156900.0,8833.7574,187443072.0
IT,2008,O,1-19,Totale,3620.9493,775488751.4,6686.1087,172877021.99
IT,2008,O,20-249,Totale,553.7923,1357105314.95,11700.6902,302534788.49
IT,2008,O,250+,Totale,85.1988,1744849690.65,15043.7445,388973299.49
IT,2008,O,mancante,Totale,86.9376,79131505.24,682.256,17640512.45
IT,2008,O,1-19,TFP,2172.5696,465293250.84,4011.6652,103726213.2
IT,2008,O,20-249,TFP,332.2754,814263188.97,7020.4141,181520873.09
IT,2008,O,250+,TFP,51.1193,1046909814.39,9026.2467,233383979.69
IT,2008,O,mancante,TFP,52.1625,47478903.15,409.3536,10584307.47
IT,2008,P,1-19,Totale,3616.886,138667268.92,2984.2689,154822924.12
IT,2008,P,20-249,Totale,553.1708,242667720.61,5222.4706,270940117.21
IT,2008,P,250+,Totale,85.1032,312001355.06,6714.6051,348351579.26
IT,2008,P,mancante,Totale,86.84,14149721.32,304.5172,15798257.56
IT,2008,P,1-19,TFP,2170.1316,83200361.35,1790.5614,92893754.47
IT,2008,P,20-249,TFP,331.9025,145600632.36,3133.4824,162564070.32
IT,2008,P,250+,TFP,51.0619,187200813.04,4028.7631,209010947.56
IT,2008,P,mancante,TFP,52.104,8489832.79,182.7103,9478954.54
IT,2008,Q,1-19,Totale,24655.967,627947789.62,3502.2534,28318484.04
IT,2008,Q,20-249,Totale,3770.9126,1098908631.84,6128.9435,49557347.07
IT,2008,Q,250+,Totale,580.1404,1412882526.65,7880.0702,63716589.09
IT,2008,Q,mancante,Totale,591.98,64076305.06,357.3728,2889641.23
IT,2008,Q,1-19,TFP,14793.5802,376768673.77,2101.3521,16991090.42
IT,2008,Q,20-249,TFP,2262.5476,659345179.11,3677.3661,29734408.24
IT,2008,Q,250+,TFP,348.0842,847729515.99,4728.0421,38229953.45
IT,2008,Q,mancante,TFP,355.188,38445783.04,214.4237,1733784.74
IT,2008,R,1-19,Totale,5972.1935,770853694.92,210.5864,34157866.95
IT,2008,R,20-249,Totale,913.3943,1348993966.12,368.5263,59776267.17
IT,2008,R,250+,Totale,140.5222,1734420813.58,473.8195,76855200.64
IT,2008,R,mancante,Totale,143.39,78658540.3,21.4884,3485496.63
IT,2008,R,1-19,TFP,3583.3161,462512216.95,126.3519,20494720.17
IT,2008,R,20-249,TFP,548.0366,809396379.67,221.1158,35865760.3
IT,2008,R,250+,TFP,84.3133,1040652488.15,284.2917,46113120.39
IT,2008,R,mancante,TFP,86.034,47195124.18,12.893,2091297.98
IT,2008,S,1-19,Totale,26931.723,974270668.95,7648.8296,155744871.31
IT,2008,S,20-249,Totale,4118.9694,1704973670.66,13385.4518,272553524.79
IT,2008,S,250+,Totale,633.6876,2192109005.13,17209.8666,350425960.44
IT,2008,S,mancante,Totale,646.62,99415374.38,780.4928,15892333.81
IT,2008,S,1-19,TFP,16159.0338,584562401.37,4589.2978,93446922.78
IT,2008,S,20-249,TFP,2471.3816,1022984202.4,8031.2711,163532114.87
IT,2008,S,250+,TFP,380.2126,1315265403.08,10325.92,210255576.26
IT,2008,S,mancante,TFP,387.972,59649224.63,468.2957,9535400.28
IT,2009,A,1-19,Totale,1821.418,518853577.9,1817.6223,103327643.96
IT,2009,A,20-249,Totale,278.5698,907993761.32,3180.8391,180823376.92
IT,2009,A,250+,Totale,42.8569,1167420550.27,4089.6503,232487198.9
IT,2009,A,mancante,Totale,43.7315,52944242.64,185.4717,10543637.14
IT,2009,A,1-19,TFP,1092.8508,311312146.74,1090.5734,61996586.37
IT,2009,A,20-249,TFP,167.1419,544796256.79,1908.5035,108494026.15
IT,2009,A,250+,TFP,25.7141,700452330.16,2453.7902,139492319.34
IT,2009,A,mancante,TFP,26.2389,31766545.59,111.283,6326182.28
IT,2009,B,1-19,Totale,793.016,5413657200.0,4552.5116,268240896.0
IT,2009,B,20-249,Totale,121.2848,9473900100.0,7966.8953,469421568.0
IT,2009,B,250+,Totale,18.6592,12180728700.0,10243.1511,603542016.0
IT,2009,B,mancante,Totale,19.04,552414000.0,464.542,27371520.0
IT,2009,B,1-19,TFP,475.8096,3248194320.0,2731.507,160944537.6
IT,2009,B,20-249,TFP,72.7709,5684340060.0,4780.1372,281652940.8
IT,2009,B,250+,TFP,11.1955,7308437220.0,6145.8907,362125209.6
IT,2009,B,mancante,TFP,11.424,331448400.0,278.7252,16422912.0
IT,2009,C,1-19,Totale,120131.5686,120979897500.0,1042674.087,19037481088.66
IT,2009,C,20-249,Totale,9339.6493,235053294000.0,1000907.271,36988150360.71
IT,2009,C,250+,Totale,398.3821,219802191000.0,611900.926,34588226150.63
IT,2009,C,mancante,Totale,2650.4,11751742500.0,54193.516,1849262400.0
IT,2009,C,1-19,TFP,72078.9412,72587938500.0,625604.4522,11422488653.2
IT,2009,C,20-249,TFP,5603.7896,141031976400.0,600544.3626,22192890216.43
IT,2009,C,250+,TFP,239.0292,131881314600.0,367140.5556,20752935690.38
IT,2009,C,mancante,TFP,1590.24,7051045500.0,32516.1096,1109557440.0
IT,2009,D,1-19,Totale,602.7167,14827890000.0,4895.982,466267661.83
IT,2009,D,20-249,Totale,54.5857,40637488500.0,9239.048,1277858599.26
IT,2009,D,250+,Totale,9.0976,56226765000.0,40292.161,1768068298.91
IT,2009,D,mancante,Totale,13.6,2279431500.0,1110.759,71677440.0
IT,2009,D,1-19,TFP,361.63,8896734000.0,2937.5892,279760597.1
IT,2009,D,20-249,TFP,32.7514,24382493100.0,5543.4288,766715159.56
IT,2009,D,250+,TFP,5.4586,33736059000.0,24175.2966,1060840979.34
IT,2009,D,mancante,TFP,8.16,1367658900.0,666.4554,43006464.0
IT,2009,E,1-19,Totale,2522.324,3940599600.0,22705.6102,957823776.0
IT,2009,E,20-249,Totale,385.7672,6896049300.0,39734.8178,1676191608.0
IT,2009,E,250+,Totale,59.3488,8866349100.0,51087.6229,2155103496.0
IT,2009,E,mancante,Totale,60.56,402102000.0,2316.899,97737120.0
IT,2009,E,1-19,TFP,1513.3944,2364359760.0,13623.3661,574694265.6
IT,2009,E,20-249,TFP,231.4603,4137629580.0,23840.8907,1005714964.8
IT,2009,E,250+,TFP,35.6093,5319809460.0,30652.5738,1293062097.6
IT,2009,E,mancante,TFP,36.336,241261200.0,1390.1394,58642272.0
IT,2009,F,1-19,Totale,125469.3306,78608617500.0,971239.633,16119408022.31
IT,2009,F,20-249,Totale,1708.5052,40802349000.0,209903.603,8366890713.98
IT,2009,F,250+,Totale,17.3442,13734577500.0,36391.173,2816399343.71
IT,2009,F,mancante,Totale,2595.82,2717256000.0,24847.641,557197920.0
IT,2009,F,1-19,TFP,75281.5984,47165170500.0,582743.7798,9671644813.39
IT,2009,F,20-249,TFP,1025.1031,24481409400.0,125942.1618,5020134428.39
IT,2009,F,250+,TFP,10.4065,8240746500.0,21834.7038,1689839606.22
IT,2009,F,mancante,TFP,1557.492,1630353600.0,14908.5846,334318752.0
IT,2009,G,1-19,Totale,157585.6905,129258805200.0,448813.7654,8740126080.0
IT,2009,G,20-249,Totale,24101.3409,226202909100.0,785424.0894,15295220640.0
IT,2009,G,250+,Totale,3707.8986,290832311700.0,1009830.9721,19665283680.0
IT,2009,G,mancante,Totale,3783.57,13189674000.0,45797.323,891849600.0
IT,2009,G,1-19,TFP,94551.4143,77555283120.0,269288.2592,5244075648.0
IT,2009,G,20-249,TFP,14460.8045,135721745460.0,471254.4537,9177132384.0
IT,2009,G,250+,TFP,2224.7392,174499387020.0,605898.5833,11799170208.0
IT,2009,G,mancante,TFP,2270.142,7913804400.0,27478.3938,535109760.0
IT,2009,H,1-19,Totale,25180.8658,25146634840.47,223955.823,6916956919.58
IT,2009,H,20-249,Totale,1020.7477,25917211287.05,182097.916,7128915462.66
IT,2009,H,250+,Totale,63.8565,41534687872.48,310669.359,11424735297.77
IT,2009,H,mancante,Totale,536.03,1889766000.0,14627.002,519808320.0
IT,2009,H,1-19,TFP,15108.5195,15087980904.28,134373.4938,4150174151.75
IT,2009,H,20-249,TFP,612.4486,15550326772.23,109258.7496,4277349277.6
IT,2009,H,250+,TFP,38.3139,24920812723.49,186401.6154,6854841178.66
IT,2009,H,mancante,TFP,321.618,1133859600.0,8776.2012,311884992.0
IT,2009,I,1-19,Totale,91046.2207,30822124436.29,610651.769,7573026852.08
IT,2009,I,20-249,Totale,1290.5374,7714828828.74,104055.224,1895541172.06
IT,2009,I,250+,Totale,40.0019,6517591234.98,87770.956,1601378695.86
IT,2009,I,mancante,Totale,1885.24,919480500.0,16377.101,225917280.0
IT,2009,I,1-19,TFP,54627.7324,18493274661.77,366391.0614,4543816111.25
IT,2009,I,20-249,TFP,774.3224,4628897297.24,62433.1344,1137324703.23
IT,2009,I,250+,TFP,24.0011,3910554740.99,52662.5736,960827217.52
IT,2009,I,mancante,TFP,1131.144,551688300.0,9826.2606,135550368.0
IT,2009,J,1-19,Totale,17604.0809,12939725245.04,151708.557,2570350807.65
IT,2009,J,20-249,Totale,422.1348,14767740459.77,80627.638,2933468284.62
IT,2009,J,250+,Totale,31.7543,54087523795.2,139661.613,10743961547.73
IT,2009,J,mancante,Totale,368.53,1669285500.0,7591.792,331587360.0
IT,2009,J,1-19,TFP,10562.4485,7763835147.02,91025.1342,1542210484.59
IT,2009,J,20-249,TFP,253.2809,8860644275.86,48376.5828,1760080970.77
IT,2009,J,250+,TFP,19.0526,32452514277.12,83796.9678,6446376928.64
IT,2009,J,mancante,TFP,221.118,1001571300.0,4555.0752,198952416.0
IT,2009,K,1-19,Totale,10323.369,241792104.21,1789.0882,60077946.39
IT,2009,K,20-249,Totale,1578.8682,423136182.36,3130.9043,105136406.19
IT,2009,K,250+,Totale,242.9028,544032234.46,4025.4484,135175379.39
IT,2009,K,mancante,Totale,247.86,24672663.69,182.56,6130402.69
IT,2009,K,1-19,TFP,6194.0214,145075262.52,1073.4529,36046767.84
IT,2009,K,20-249,TFP,947.3209,253881709.42,1878.5426,63081843.71
IT,2009,K,250+,TFP,145.7417,326419340.68,2415.2691,81105227.63
IT,2009,K,mancante,TFP,148.716,14803598.22,109.536,3678241.62
IT,2009,L,1-19,Totale,11130.1295,5487965700.0,43165.031,254086560.0
IT,2009,L,20-249,Totale,1702.2551,9603939975.0,75538.8042,444651480.0
IT,2009,L,250+,Totale,261.8854,12347922825.0,97121.3197,571694760.0
IT,2009,L,mancante,Totale,267.23,559996500.0,4404.595,25927200.0
IT,2009,L,1-19,TFP,6678.0777,3292779420.0,25899.0186,152451936.0
IT,2009,L,20-249,TFP,1021.3531,5762363985.0,45323.2825,266790888.0
IT,2009,L,250+,TFP,157.1312,7408753695.0,58272.7919,343016856.0
IT,2009,L,mancante,TFP,160.338,335997900.0,2642.757,15556320.0
IT,2009,M,1-19,Totale,53881.4571,47517015000.0,657505.03,7971965110.84
IT,2009,M,20-249,Totale,179.8554,14369838000.0,75470.486,2410838458.27
IT,2009,M,250+,Totale,8.7175,12327199500.0,46046.182,2068143470.89
IT,2009,M,mancante,Totale,1103.47,1514572500.0,15898.402,254100960.0
IT,2009,M,1-19,TFP,32328.8743,28510209000.0,394503.018,4783179066.5
IT,2009,M,20-249,TFP,107.9133,8621902800.0,45282.2916,1446503074.96
IT,2009,M,250+,TFP,5.2305,7396319700.0,27627.7092,1240886082.53
IT,2009,M,mancante,TFP,662.082,908743500.0,9539.0412,152460576.0
IT,2009,N,1-19,Totale,25877.3576,22556856000.0,216562.164,5866235690.24
IT,2009,N,20-249,Totale,880.457,18588517500.0,176817.823,4834212036.78
IT,2009,N,250+,Totale,80.9554,14007483000.0,318328.647,3642847952.97
IT,2009,N,mancante,Totale,547.73,1125568500.0,14524.666,292720320.0
IT,2009,N,1-19,TFP,15526.4146,13534113600.0,129937.2984,3519741414.15
IT,2009,N,20-249,TFP,528.2742,11153110500.0,106090.6938,2900527222.07
IT,2009,N,250+,TFP,48.5732,8404489800.0,190997.1882,2185708771.78
IT,2009,N,mancante,TFP,328.638,675341100.0,8714.7996,175632192.0
IT,2009,O,1-19,Totale,3035.0116,929806764.62,9673.2939,129934893.85
IT,2009,O,20-249,Totale,464.1782,1627161838.09,16928.2643,227386064.24
IT,2009,O,250+,Totale,71.412,2092065220.4,21764.9112,292353511.16
IT,2009,O,mancante,Totale,72.8694,94878241.29,987.0708,13258662.64
IT,2009,O,1-19,TFP,1821.007,557884058.77,5803.9763,77960936.31
IT,2009,O,20-249,TFP,278.5069,976297102.85,10156.9586,136431638.54
IT,2009,O,250+,TFP,42.8472,1255239132.24,13058.9467,175412106.7
IT,2009,O,mancante,TFP,43.7217,56926944.77,592.2425,7955197.58
IT,2009,P,1-19,Totale,3847.2105,744063065.99,5165.0666,47420445.13
IT,2009,P,20-249,Totale,588.3969,1302110365.48,9038.8665,82985778.99
IT,2009,P,250+,Totale,90.5226,1674141898.47,11621.3998,106696001.55
IT,2009,P,mancante,Totale,92.37,75924802.65,527.0476,4838820.93
IT,2009,P,1-19,TFP,2308.3263,446437839.59,3099.0399,28452267.08
IT,2009,P,20-249,TFP,353.0381,781266219.29,5423.3199,49791467.39
IT,2009,P,250+,TFP,54.3136,1004485139.08,6972.8399,64017600.93
IT,2009,P,mancante,TFP,55.422,45554881.59,316.2286,2903292.56
IT,2009,Q,1-19,Totale,26284.0655,872083954.51,8651.269,130855017.88
IT,2009,Q,20-249,Totale,4019.9159,1526146920.39,15139.7207,228996281.29
IT,2009,Q,250+,Totale,618.4486,1962188897.65,19465.3552,294423790.22
IT,2009,Q,mancante,Totale,631.07,88988158.62,882.7825,13352552.84
IT,2009,Q,1-19,TFP,15770.4393,523250372.71,5190.7614,78513010.73
IT,2009,Q,20-249,TFP,2411.9495,915688152.24,9083.8324,137397768.77
IT,2009,Q,250+,TFP,371.0692,1177313338.59,11679.2131,176654274.13
IT,2009,Q,mancante,TFP,378.642,53392895.17,529.6695,8011531.71
IT,2009,R,1-19,Totale,6927.6445,921284207.91,9607.9023,98545002.64
IT,2009,R,20-249,Totale,1059.5221,1612247363.85,16813.8291,172453754.62
IT,2009,R,250+,Totale,163.0034,2072889467.8,21617.7802,221726255.94
IT,2009,R,mancante,Totale,166.33,94008592.64,980.3982,10055612.51
IT,2009,R,1-19,TFP,4156.5867,552770524.75,5764.7414,59127001.58
IT,2009,R,20-249,TFP,635.7133,967348418.31,10088.2974,103472252.77
IT,2009,R,250+,TFP,97.802,1243733680.68,12970.6681,133035753.56
IT,2009,R,mancante,TFP,99.798,56405155.59,588.2389,6033367.51
IT,2009,S,1-19,Totale,30992.1815,766176305.14,6118.0043,37614605.9
IT,2009,S,20-249,Totale,4739.9807,1340808533.99,10706.5075,65825560.32
IT,2009,S,250+,Totale,729.2278,1723896686.56,13765.5097,84632863.26
IT,2009,S,mancante,Totale,744.11,78181255.63,624.2862,3838225.09
IT,2009,S,1-19,TFP,18595.3089,459705783.08,3670.8026,22568763.54
IT,2009,S,20-249,TFP,2843.9884,804485120.39,6423.9045,39495336.19
IT,2009,S,250+,TFP,437.5367,1034338011.94,8259.3058,50779717.96
IT,2009,S,mancante,TFP,446.466,46908753.38,374.5717,2302935.05
IT,2010,A,1-19,Totale,173.3847,376701839.47,846.5164,158661400.73
IT,2010,A,20-249,Totale,26.5177,659228219.07,1481.4036,277657451.27
IT,2010,A,250+,Totale,4.0796,847579138.81,1904.6618,356988151.64
IT,2010,A,mancante,Totale,4.1629,38438963.21,86.3792,16189938.85
IT,2010,A,1-19,TFP,104.0308,226021103.68,507.9098,95196840.44
IT,2010,A,20-249,TFP,15.9106,395536931.44,888.8422,166594470.76
IT,2010,A,250+,TFP,2.4478,508547483.28,1142.7971,214192890.98
IT,2010,A,mancante,TFP,2.4977,23063377.93,51.8275,9713963.31
IT,2010,B,1-19,Totale,829.8506,1164899161.28,7489.846,45017892.96
IT,2010,B,20-249,Totale,74.7225,1941719101.69,6150.872,75038342.88
IT,2010,B,250+,Totale,1.437,33503217237.02,8205.834,1294742324.16
IT,2010,B,mancante,Totale,18.49,747139500.0,445.848,28873440.0
IT,2010,B,1-19,TFP,497.9103,698939496.77,4493.9076,27010735.78
IT,2010,B,20-249,TFP,44.8335,1165031461.02,3690.5232,45023005.73
IT,2010,B,250+,TFP,0.8622,20101930342.21,4923.5004,776845394.49
IT,2010,B,mancante,TFP,11.094,448283700.0,267.5088,17324064.0
IT,2010,C,1-19,Totale,116385.8538,134305652582.21,1007376.643,19263422106.57
IT,2010,C,20-249,Totale,8822.5945,256961850501.74,948713.402,36855966195.99
IT,2010,C,250+,Totale,384.9217,248997244416.05,593863.634,35713604977.44
IT,2010,C,mancante,Totale,2563.13,13066627500.0,52039.871,1874142720.0
IT,2010,C,1-19,TFP,69831.5123,80583391549.33,604425.9858,11558053263.94
IT,2010,C,20-249,TFP,5293.5567,154177110301.04,569228.0412,22113579717.59
IT,2010,C,250+,TFP,230.953,149398346649.63,356318.1804,21428162986.47
IT,2010,C,mancante,TFP,1537.878,7839976500.0,31223.9226,1124485632.0
IT,2010,D,1-19,Totale,710.7304,18472240500.0,5975.06,543501889.75
IT,2010,D,20-249,Totale,46.7736,38989324500.0,9138.402,1147168452.35
IT,2010,D,250+,Totale,8.366,60836979000.0,39932.256,1789983897.9
IT,2010,D,mancante,Totale,15.63,2414256000.0,1123.382,71033760.0
IT,2010,D,1-19,TFP,426.4382,11083344300.0,3585.036,326101133.85
IT,2010,D,20-249,TFP,28.0642,23393594700.0,5483.0412,688301071.41
IT,2010,D,250+,TFP,5.0196,36502187400.0,23959.3536,1073990338.74
IT,2010,D,mancante,TFP,9.378,1448553600.0,674.0292,42620256.0
IT,2010,E,1-19,Totale,2611.5504,5885126099.92,22942.192,1275546805.85
IT,2010,E,20-249,Totale,415.3938,9881014267.13,45651.879,2141618713.52
IT,2010,E,250+,Totale,37.0258,7120363132.96,46129.629,1543273040.63
IT,2010,E,mancante,Totale,62.53,467071500.0,2341.3,101233440.0
IT,2010,E,1-19,TFP,1566.9303,3531075659.95,13765.3152,765328083.51
IT,2010,E,20-249,TFP,249.2363,5928608560.28,27391.1274,1284971228.11
IT,2010,E,250+,TFP,22.2155,4272217879.77,27677.7774,925963824.38
IT,2010,E,mancante,TFP,37.518,280242900.0,1404.78,60740064.0
IT,2010,F,1-19,Totale,118298.4828,99925969500.0,924436.058,15950315848.89
IT,2010,F,20-249,Totale,1558.155,37693372500.0,198157.96,6016666135.87
IT,2010,F,250+,Totale,16.9622,14926821000.0,37946.09,2382638975.24
IT,2010,F,mancante,Totale,2446.4,3113187000.0,23684.492,496931040.0
IT,2010,F,1-19,TFP,70979.0897,59955581700.0,554661.6348,9570189509.33
IT,2010,F,20-249,TFP,934.893,22616023500.0,118894.776,3609999681.52
IT,2010,F,250+,TFP,10.1773,8956092600.0,22767.654,1429583385.15
IT,2010,F,mancante,TFP,1467.84,1867912200.0,14210.6952,298158624.0
IT,2010,G,1-19,Totale,184841.6228,334372713591.31,1606242.001,21465921751.83
IT,2010,G,20-249,Totale,1828.9291,222729141133.5,323611.288,14298673668.89
IT,2010,G,250+,Totale,72.8581,143802891775.19,296640.071,9231798819.28
IT,2010,G,mancante,Totale,3811.09,14304178500.0,45438.64,918293760.0
IT,2010,G,1-19,TFP,110904.9737,200623628154.79,963745.2006,12879553051.1
IT,2010,G,20-249,TFP,1097.3574,133637484680.1,194166.7728,8579204201.33
IT,2010,G,250+,TFP,43.7149,86281735065.11,177984.0426,5539079291.57
IT,2010,G,mancante,TFP,2286.654,8582507100.0,27263.184,550976256.0
IT,2010,H,1-19,Totale,25355.0421,31021863449.69,222931.527,7466648699.95
IT,2010,H,20-249,Totale,1072.8301,31850945746.76,183592.955,7666200421.45
IT,2010,H,250+,Totale,64.4678,43240757803.56,300288.807,10407612958.6
IT,2010,H,mancante,Totale,540.66,2165583000.0,14424.761,521233920.0
IT,2010,H,1-19,TFP,15213.0252,18613118069.81,133758.9162,4479989219.97
IT,2010,H,20-249,TFP,643.6981,19110567448.05,110155.773,4599720252.87
IT,2010,H,250+,TFP,38.6807,25944454682.13,180173.2842,6244567775.16
IT,2010,H,mancante,TFP,324.396,1299349800.0,8654.8566,312740352.0
IT,2010,I,1-19,Totale,94335.6506,33690419114.56,615676.425,7897504680.02
IT,2010,I,20-249,Totale,1320.6744,8541473185.05,103157.691,2002240584.3
IT,2010,I,250+,Totale,39.6951,7090944200.39,84477.666,1662216335.69
IT,2010,I,mancante,Totale,1952.98,1006588500.0,16394.118,235958400.0
IT,2010,I,1-19,TFP,56601.3903,20214251468.74,369405.855,4738502808.01
IT,2010,I,20-249,TFP,792.4046,5124883911.03,61894.6146,1201344350.58
IT,2010,I,250+,TFP,23.817,4254566520.23,50686.5996,997329801.41
IT,2010,I,mancante,TFP,1171.788,603953100.0,9836.4708,141575040.0
IT,2010,J,1-19,Totale,17065.602,14059766243.18,146760.341,2751231511.69
IT,2010,J,20-249,Totale,402.5198,15813993830.37,78081.549,3094500818.81
IT,2010,J,250+,Totale,31.2482,53655755926.46,137802.847,10499421109.5
IT,2010,J,mancante,Totale,357.13,1704684000.0,7400.913,333574560.0
IT,2010,J,1-19,TFP,10239.3612,8435859745.91,88056.2046,1650738907.01
IT,2010,J,20-249,TFP,241.5119,9488396298.22,46848.9294,1856700491.28
IT,2010,J,250+,TFP,18.7489,32193453555.87,82681.7082,6299652665.7
IT,2010,J,mancante,TFP,214.278,1022810400.0,4440.5478,200144736.0
IT,2010,K,1-19,Totale,10109.288,571886872.4,1901.7867,42648801.79
IT,2010,K,20-249,Totale,1546.1264,1000802026.7,3328.1267,74635403.13
IT,2010,K,250+,Totale,237.8656,1286745462.91,4279.02,95959804.02
IT,2010,K,mancante,Totale,242.72,58355803.31,194.0599,4351918.55
IT,2010,K,1-19,TFP,6065.5728,343132123.44,1141.072,25589281.07
IT,2010,K,20-249,TFP,927.6758,600481216.02,1996.876,44781241.88
IT,2010,K,250+,TFP,142.7194,772047277.74,2567.412,57575882.41
IT,2010,K,mancante,TFP,145.632,35013481.98,116.4359,2611151.13
IT,2010,L,1-19,Totale,13113.564,24179428004.54,212119.726,1369350939.03
IT,2010,L,20-249,Totale,13.1222,1942027682.57,6513.325,109982644.35
IT,2010,L,250+,Totale,0.4138,602262312.88,1888.705,34107856.63
IT,2010,L,mancante,Totale,267.9,545382000.0,4500.444,30886560.0
IT,2010,L,1-19,TFP,7868.1384,14507656802.73,127271.8356,821610563.42
IT,2010,L,20-249,TFP,7.8733,1165216609.54,3907.995,65989586.61
IT,2010,L,250+,TFP,0.2483,361357387.73,1133.223,20464713.98
IT,2010,L,mancante,TFP,160.74,327229200.0,2700.2664,18531936.0
IT,2010,M,1-19,Totale,54491.439,53741957804.91,663839.358,8553809659.54
IT,2010,M,20-249,Totale,180.4643,15007117490.99,75369.203,2388599742.16
IT,2010,M,250+,Totale,9.1568,16079259204.1,46694.648,2559246598.3
IT,2010,M,mancante,Totale,1115.94,1731190500.0,16038.841,275544000.0
IT,2010,M,1-19,TFP,32694.8634,32245174682.95,398303.6148,5132285795.72
IT,2010,M,20-249,TFP,108.2786,9004270494.59,45221.5218,1433159845.3
IT,2010,M,250+,TFP,5.4941,9647555522.46,28016.7888,1535547958.98
IT,2010,M,mancante,TFP,669.564,1038714300.0,9623.3046,165326400.0
IT,2010,N,1-19,Totale,26212.3597,22782456085.91,214981.767,5994945665.62
IT,2010,N,20-249,Totale,906.081,19352647782.42,176272.551,5092430399.25
IT,2010,N,250+,Totale,85.3793,16443073131.67,320519.29,4326808735.13
IT,2010,N,mancante,Totale,555.18,1195473000.0,14525.992,314575200.0
IT,2010,N,1-19,TFP,15727.4158,13669473651.55,128989.0602,3596967399.37
IT,2010,N,20-249,TFP,543.6486,11611588669.45,105763.5306,3055458239.55
IT,2010,N,250+,TFP,51.2276,9865843879.0,192311.574,2596085241.08
IT,2010,N,mancante,TFP,333.108,717283800.0,8715.5952,188745120.0
IT,2010,O,1-19,Totale,1474.7536,244274831.42,8618.266,97132915.69
IT,2010,O,20-249,Totale,225.5505,427480954.98,15081.9655,169982602.46
IT,2010,O,250+,Totale,34.7001,549618370.69,19391.0985,218549060.3
IT,2010,O,mancante,Totale,35.4082,24926003.21,879.4149,9911522.01
IT,2010,O,1-19,TFP,884.8521,146564898.85,5170.9596,58279749.41
IT,2010,O,20-249,TFP,135.3303,256488572.99,9049.1793,101989561.48
IT,2010,O,250+,TFP,20.8201,329771022.41,11634.6591,131129436.18
IT,2010,O,mancante,TFP,21.2449,14955601.92,527.6489,5946913.21
IT,2010,P,1-19,Totale,3928.8445,979303066.43,5439.5429,67162320.49
IT,2010,P,20-249,Totale,600.8821,1713780366.25,9519.2001,117534060.87
IT,2010,P,250+,Totale,92.4434,2203431899.46,12238.9715,151115221.11
IT,2010,P,mancante,Totale,94.33,99928884.33,555.0554,6853298.01
IT,2010,P,1-19,TFP,2357.3067,587581839.86,3263.7257,40297392.3
IT,2010,P,20-249,TFP,360.5293,1028268219.75,5711.52,70520436.52
IT,2010,P,250+,TFP,55.466,1322059139.68,7343.3829,90669132.67
IT,2010,P,mancante,TFP,56.598,59957330.6,333.0332,4111978.81
IT,2010,Q,1-19,Totale,26920.061,424914800.14,6879.1055,38454661.96
IT,2010,Q,20-249,Totale,4117.1858,743600900.25,12038.4346,67295658.43
IT,2010,Q,250+,Totale,633.4132,956058300.32,15477.9874,86522989.42
IT,2010,Q,mancante,Totale,646.34,43358653.08,701.9495,3923945.1
IT,2010,Q,1-19,TFP,16152.0366,254948880.08,4127.4633,23072797.18
IT,2010,Q,20-249,TFP,2470.3115,446160540.15,7223.0608,40377395.06
IT,2010,Q,250+,TFP,380.0479,573634980.19,9286.7924,51913793.65
IT,2010,Q,mancante,TFP,387.804,26015191.85,421.1697,2354367.06
IT,2010,R,1-19,Totale,7487.837,766751087.96,8683.7041,94100563.5
IT,2010,R,20-249,Totale,1145.1986,1341814403.94,15196.4822,164675986.13
IT,2010,R,250+,Totale,176.1844,1725189947.92,19538.3342,211726267.88
IT,2010,R,mancante,Totale,179.78,78239906.94,886.0923,9602098.32
IT,2010,R,1-19,TFP,4492.7022,460050652.78,5210.2225,56460338.1
IT,2010,R,20-249,TFP,687.1192,805088642.36,9117.8893,98805591.68
IT,2010,R,250+,TFP,105.7106,1035113968.75,11723.0005,127035760.73
IT,2010,R,mancante,TFP,107.868,46943944.16,531.6554,5761258.99
IT,2010,S,1-19,Totale,31386.1905,483702749.78,1570.4743,85885986.12
IT,2010,S,20-249,Totale,4800.2409,846479812.12,2748.33,150300475.71
IT,2010,S,250+,Totale,738.4986,1088331187.01,3533.5671,193243468.77
IT,2010,S,mancante,Totale,753.57,49357423.45,160.2525,8763876.13
IT,2010,S,1-19,TFP,18831.7143,290221649.87,942.2846,51531591.67
IT,2010,S,20-249,TFP,2880.1445,507887887.27,1648.998,90180285.42
IT,2010,S,250+,TFP,443.0992,652998712.2,2120.1403,115946081.26
IT,2010,S,mancante,TFP,452.142,29614454.07,96.1515,5258325.68
IT,2019,A,1-19,Totale,261.9947,772211114.44,4171.8955,116805175.88
IT,2019,A,20-249,Totale,40.0698,1351369450.27,7300.8172,204409057.79
IT,2019,A,250+,Totale,6.1646,1737475007.5,9386.7649,262811645.74
IT,2019,A,mancante,Totale,6.2904,78797052.49,425.7036,11918895.5
IT,2019,A,1-19,TFP,157.1968,463326668.67,2503.1373,70083105.53
IT,2019,A,20-249,TFP,24.0419,810821670.16,4380.4903,122645434.68
IT,2019,A,250+,TFP,3.6987,1042485004.5,5632.059,157686987.44
IT,2019,A,mancante,TFP,3.7742,47278231.5,255.4222,7151337.3
IT,2019,B,1-19,Totale,611.8382,922939500.0,4706.793,100083784.35
IT,2019,B,20-249,Totale,57.0013,1922466000.0,4795.336,208472681.64
IT,2019,B,250+,Totale,1.4806,3064729500.0,1644.734,332340014.01
IT,2019,B,mancante,Totale,13.68,120615000.0,227.487,13079520.0
IT,2019,B,1-19,TFP,367.1029,553763700.0,2824.0758,60050270.61
IT,2019,B,20-249,TFP,34.2008,1153479600.0,2877.2016,125083608.99
IT,2019,B,250+,TFP,0.8883,1838837700.0,986.8404,199404008.41
IT,2019,B,mancante,TFP,8.208,72369000.0,136.4922,7847712.0
IT,2019,C,1-19,Totale,102723.0286,114322635000.0,842085.335,16721222051.48
IT,2019,C,20-249,Totale,8578.6736,279496539000.0,911737.463,40880125718.23
IT,2019,C,250+,Totale,436.9179,338836029000.0,672222.915,49559323750.29
IT,2019,C,mancante,Totale,2280.38,14952147000.0,49511.137,2186952480.0
IT,2019,C,1-19,TFP,61633.8171,68593581000.0,505251.201,10032733230.89
IT,2019,C,20-249,TFP,5147.2041,167697923400.0,547042.4778,24528075430.94
IT,2019,C,250+,TFP,262.1507,203301617400.0,403333.749,29735594250.17
IT,2019,C,mancante,TFP,1368.228,8971288200.0,29706.6822,1312171488.0
IT,2019,D,1-19,Totale,1258.169,12169095392.81,8654.282,307455134.64
IT,2019,D,20-249,Totale,36.6966,40967117123.47,10450.622,1035044110.05
IT,2019,D,250+,Totale,5.1044,106378411983.72,38618.762,2687676275.31
IT,2019,D,mancante,Totale,26.53,3255400500.0,1178.034,82248480.0
IT,2019,D,1-19,TFP,754.9014,7301457235.69,5192.5692,184473080.78
IT,2019,D,20-249,TFP,22.018,24580270274.08,6270.3732,621026466.03
IT,2019,D,250+,TFP,3.0626,63827047190.23,23171.2572,1612605765.18
IT,2019,D,mancante,TFP,15.918,1953240300.0,706.8204,49349088.0
IT,2019,E,1-19,Totale,3050.4588,6230080500.0,22805.237,1321935151.11
IT,2019,E,20-249,Totale,444.9314,11225287500.0,45334.653,2381847574.44
IT,2019,E,250+,Totale,53.1899,11904133500.0,64933.869,2525889114.45
IT,2019,E,mancante,Totale,72.42,599173500.0,2715.791,127136160.0
IT,2019,E,1-19,TFP,1830.2753,3738048300.0,13683.1422,793161090.66
IT,2019,E,20-249,TFP,266.9588,6735172500.0,27200.7918,1429108544.67
IT,2019,E,250+,TFP,31.9139,7142480100.0,38960.3214,1515533468.67
IT,2019,E,mancante,TFP,43.452,359504100.0,1629.4746,76281696.0
IT,2019,F,1-19,Totale,89847.708,77111175167.27,643828.64,13802341327.73
IT,2019,F,20-249,Totale,1134.7259,32608074234.23,157183.572,5836608891.57
IT,2019,F,250+,Totale,18.4061,11729284098.5,39289.523,2099456820.7
IT,2019,F,mancante,Totale,1857.16,2478541500.0,17149.015,443640960.0
IT,2019,F,1-19,TFP,53908.6248,46266705100.36,386297.184,8281404796.64
IT,2019,F,20-249,TFP,680.8355,19564844540.54,94310.1432,3501965334.94
IT,2019,F,250+,TFP,11.0437,7037570459.1,23573.7138,1259674092.42
IT,2019,F,mancante,TFP,1114.296,1487124900.0,10289.409,266184576.0
IT,2019,G,1-19,Totale,186621.6433,313289266500.0,1431076.556,22687526060.15
IT,2019,G,20-249,Totale,2150.0305,223042585500.0,351522.717,16152115671.21
IT,2019,G,250+,Totale,99.8063,201530164500.0,394876.937,14594246748.64
IT,2019,G,mancante,Totale,3854.52,15058408500.0,44438.29,1090487520.0
IT,2019,G,1-19,TFP,111972.986,187973559900.0,858645.9336,13612515636.09
IT,2019,G,20-249,TFP,1290.0183,133825551300.0,210913.6302,9691269402.72
IT,2019,G,250+,TFP,59.8838,120918098700.0,236926.1622,8756548049.18
IT,2019,G,mancante,TFP,2312.712,9035045100.0,26662.974,654292512.0
IT,2019,H,1-19,Totale,26252.0815,30582265959.15,200811.065,7280317190.07
IT,2019,H,20-249,Totale,1504.1674,36510853037.58,212121.0,8691657817.27
IT,2019,H,250+,Totale,92.411,54678300003.27,315330.925,13016542592.67
IT,2019,H,mancante,Totale,568.34,2485131000.0,14862.51,591602400.0
IT,2019,H,1-19,TFP,15751.2489,18349359575.49,120486.639,4368190314.04
IT,2019,H,20-249,TFP,902.5005,21906511822.55,127272.6,5214994690.36
IT,2019,H,250+,TFP,55.4466,32806980001.96,189198.555,7809925555.6
IT,2019,H,mancante,TFP,341.004,1491078600.0,8917.506,354961440.0
IT,2019,I,1-19,Totale,115618.5956,42121426339.38,746128.292,10532813961.92
IT,2019,I,20-249,Totale,2316.6092,15289266320.3,162388.499,3823208560.61
IT,2019,I,250+,Totale,54.8352,9399116840.32,99414.679,2350327557.47
IT,2019,I,mancante,Totale,2407.96,1363465500.0,20570.03,340945920.0
IT,2019,I,1-19,TFP,69371.1574,25272855803.63,447676.9752,6319688377.15
IT,2019,I,20-249,TFP,1389.9655,9173559792.18,97433.0994,2293925136.37
IT,2019,I,250+,TFP,32.9011,5639470104.19,59648.8074,1410196534.48
IT,2019,I,mancante,TFP,1444.776,818079300.0,12342.018,204567552.0
IT,2019,J,1-19,Totale,19942.5145,15844630591.94,141313.991,3723887974.47
IT,2019,J,20-249,Totale,508.637,16879291077.44,89653.291,3967059294.71
IT,2019,J,250+,Totale,34.7686,44441817330.62,140660.429,10444948410.82
IT,2019,J,mancante,Totale,418.08,1574811000.0,7584.239,370120320.0
IT,2019,J,1-19,TFP,11965.5087,9506778355.16,84788.3946,2234332784.68
IT,2019,J,20-249,TFP,305.1822,10127574646.47,53791.9746,2380235576.82
IT,2019,J,250+,TFP,20.8611,26665090398.37,84396.2574,6266969046.49
IT,2019,J,mancante,TFP,250.848,944886600.0,4550.5434,222072192.0
IT,2019,K,1-19,Totale,9040.1325,291797779.65,2153.571,173448005.26
IT,2019,K,20-249,Totale,1382.6085,510646114.39,3768.7492,303534009.21
IT,2019,K,250+,Totale,212.709,656545004.22,4845.5347,390258011.84
IT,2019,K,mancante,Totale,217.05,29775283.64,219.7521,17698776.05
IT,2019,K,1-19,TFP,5424.0795,175078667.79,1292.1426,104068803.16
IT,2019,K,20-249,TFP,829.5651,306387668.64,2261.2495,182120405.53
IT,2019,K,250+,TFP,127.6254,393927002.53,2907.3208,234154807.1
IT,2019,K,mancante,TFP,130.23,17865170.18,131.8513,10619265.63
IT,2019,L,1-19,Totale,15015.2826,25699134874.29,185703.336,1405280108.65
IT,2019,L,20-249,Totale,13.1628,2244537180.98,5580.12,122735783.48
IT,2019,L,250+,Totale,0.3446,407041944.73,3072.251,22257867.87
IT,2019,L,mancante,Totale,306.71,578586000.0,3966.443,31638240.0
IT,2019,L,1-19,TFP,9009.1696,15419480924.57,111422.0016,843168065.19
IT,2019,L,20-249,TFP,7.8977,1346722308.59,3348.072,73641470.09
IT,2019,L,250+,TFP,0.2067,244225166.84,1843.3506,13354720.72
IT,2019,L,mancante,TFP,184.026,347151600.0,2379.8658,18982944.0
IT,2019,M,1-19,Totale,55700.4304,54878672872.07,652615.418,9936657241.29
IT,2019,M,20-249,Totale,212.1807,17571659367.63,91867.503,3181628621.08
IT,2019,M,250+,Totale,11.579,17440388260.3,78303.225,3157859897.63
IT,2019,M,mancante,Totale,1141.31,1834504500.0,16791.554,332166240.0
IT,2019,M,1-19,TFP,33420.2582,32927203723.24,391569.2508,5961994344.77
IT,2019,M,20-249,TFP,127.3084,10542995620.58,55120.5018,1908977172.65
IT,2019,M,250+,TFP,6.9474,10464232956.18,46981.935,1894715938.58
IT,2019,M,mancante,TFP,684.786,1100702700.0,10074.9324,199299744.0
IT,2019,N,1-19,Totale,30584.5549,24997864500.0,214342.219,7656518953.31
IT,2019,N,20-249,Totale,1168.0812,20787196500.0,203174.335,6366846415.56
IT,2019,N,250+,Totale,102.2639,28827435000.0,466049.584,8829466311.13
IT,2019,N,mancante,Totale,650.1,1522704000.0,18031.962,466384320.0
IT,2019,N,1-19,TFP,18350.7329,14998718700.0,128605.3314,4593911371.99
IT,2019,N,20-249,TFP,700.8487,12472317900.0,121904.601,3820107849.34
IT,2019,N,250+,TFP,61.3583,17296461000.0,279629.7504,5297679786.68
IT,2019,N,mancante,TFP,390.06,913622400.0,10819.1772,279830592.0
IT,2019,O,1-19,Totale,2693.691,137292995.84,2263.9188,24523399.88
IT,2019,O,20-249,Totale,411.9763,240262742.71,3961.858,42915949.8
IT,2019,O,250+,Totale,63.381,308909240.63,5093.8174,55177649.74
IT,2019,O,mancante,Totale,64.6745,14009489.37,231.0121,2502387.74
IT,2019,O,1-19,TFP,1616.2146,82375797.5,1358.3513,14714039.93
IT,2019,O,20-249,TFP,247.1858,144157645.63,2377.1148,25749569.88
IT,2019,O,250+,TFP,38.0286,185345544.38,3056.2904,33106589.84
IT,2019,O,mancante,TFP,38.8047,8405693.62,138.6073,1501432.65
IT,2019,P,1-19,Totale,5003.831,674096312.03,3514.3885,25300389.48
IT,2019,P,20-249,Totale,765.2918,1179668546.05,6150.1799,44275681.59
IT,2019,P,250+,Totale,117.7372,1516716702.06,7907.3741,56925876.33
IT,2019,P,mancante,Totale,120.14,68785337.96,358.6111,2581672.4
IT,2019,P,1-19,TFP,3002.2986,404457787.22,2108.6331,15180233.69
IT,2019,P,20-249,TFP,459.1751,707801127.63,3690.1079,26565408.95
IT,2019,P,250+,TFP,70.6423,910030021.24,4744.4245,34155525.8
IT,2019,P,mancante,TFP,72.084,41271202.78,215.1666,1549003.44
IT,2019,Q,1-19,Totale,31265.4055,481679211.86,1841.4402,86510360.13
IT,2019,Q,20-249,Totale,4781.7679,842938620.75,3222.5203,151393130.23
IT,2019,Q,250+,Totale,735.6566,1083778226.68,4143.2404,194648310.29
IT,2019,Q,mancante,Totale,750.67,49150939.99,187.9021,8827587.77
IT,2019,Q,1-19,TFP,18759.2433,289007527.12,1104.8641,51906216.08
IT,2019,Q,20-249,TFP,2869.0607,505763172.45,1933.5122,90835878.14
IT,2019,Q,250+,TFP,441.394,650266936.01,2485.9443,116788986.17
IT,2019,Q,mancante,TFP,450.402,29490563.99,112.7412,5296552.66
IT,2019,R,1-19,Totale,9609.9045,426818642.81,2319.3132,151569300.17
IT,2019,R,20-249,Totale,1469.7501,746932624.92,4058.7981,265246275.3
IT,2019,R,250+,Totale,226.1154,960341946.32,5218.4546,341030925.39
IT,2019,R,mancante,Totale,230.73,43552922.74,236.6646,15466255.12
IT,2019,R,1-19,TFP,5765.9427,256091185.69,1391.5879,90941580.1
IT,2019,R,20-249,TFP,881.8501,448159574.95,2435.2788,159147765.18
IT,2019,R,250+,TFP,135.6692,576205167.79,3131.0728,204618555.24
IT,2019,R,mancante,TFP,138.438,26131753.64,141.9988,9279753.07
IT,2019,S,1-19,Totale,35961.0265,708886473.71,4716.0764,82270657.09
IT,2019,S,20-249,Totale,5499.9217,1240551328.99,8253.1338,143973649.92
IT,2019,S,250+,Totale,846.1418,1594994565.84,10611.172,185108978.46
IT,2019,S,mancante,Totale,863.41,72335354.46,481.2323,8394965.01
IT,2019,S,1-19,TFP,21576.6159,425331884.22,2829.6459,49362394.26
IT,2019,S,20-249,TFP,3299.953,744330797.39,4951.8803,86384189.95
IT,2019,S,250+,TFP,507.6851,956996739.51,6366.7032,111065387.08
IT,2019,S,mancante,TFP,518.046,43401212.68,288.7394,5036979.01
IT,2020,A,1-19,Totale,3778.7939,194173179.98,5987.5823,98651025.61
IT,2020,A,20-249,Totale,577.9332,339803064.96,10478.2689,172639294.81
IT,2020,A,250+,Totale,88.9128,436889654.94,13472.0601,221964807.62
IT,2020,A,mancante,Totale,90.7273,19813589.79,610.9778,10066431.18
IT,2020,A,1-19,TFP,2267.2763,116503907.99,3592.5494,59190615.36
IT,2020,A,20-249,TFP,346.7599,203881838.97,6286.9614,103583576.89
IT,2020,A,250+,TFP,53.3477,262133792.97,8083.236,133178884.57
IT,2020,A,mancante,TFP,54.4364,11888153.88,366.5867,6039858.71
IT,2020,B,1-19,Totale,564.774,911370600.0,2140.4474,115563168.0
IT,2020,B,20-249,Totale,86.3772,1594898550.0,3745.7829,202235544.0
IT,2020,B,250+,Totale,13.2888,2050583850.0,4816.0067,260017128.0
IT,2020,B,mancante,Totale,13.56,92997000.0,218.413,11792160.0
IT,2020,B,1-19,TFP,338.8644,546822360.0,1284.2684,69337900.8
IT,2020,B,20-249,TFP,51.8263,956939130.0,2247.4698,121341326.4
IT,2020,B,250+,TFP,7.9733,1230350310.0,2889.604,156010276.8
IT,2020,B,mancante,TFP,8.136,55798200.0,131.0478,7075296.0
IT,2020,C,1-19,Totale,100245.7072,101789917839.12,816788.154,15621309980.01
IT,2020,C,20-249,Totale,8240.8945,253474643462.38,897590.967,38899785574.6
IT,2020,C,250+,Totale,433.0483,286330168698.5,671480.81,43941997565.39
IT,2020,C,mancante,Totale,2222.85,13093770000.0,48691.019,2009450880.0
IT,2020,C,1-19,TFP,60147.4243,61073950703.47,490072.8924,9372785988.01
IT,2020,C,20-249,TFP,4944.5367,152084786077.43,538554.5802,23339871344.76
IT,2020,C,250+,TFP,259.829,171798101219.1,402888.486,26365198539.23
IT,2020,C,mancante,TFP,1333.71,7856262000.0,29214.6114,1205670528.0
IT,2020,D,1-19,Totale,1245.9782,8904298853.34,8767.668,318124953.76
IT,2020,D,20-249,Totale,34.2855,30510124651.99,9309.118,1090038885.03
IT,2020,D,250+,Totale,5.9864,76488681994.67,39253.851,2732720321.21
IT,2020,D,mancante,Totale,26.25,2365369500.0,1170.013,84507840.0
IT,2020,D,1-19,TFP,747.5869,5342579312.0,5260.6008,190874972.26
IT,2020,D,20-249,TFP,20.5713,18306074791.2,5585.4708,654023331.02
IT,2020,D,250+,TFP,3.5918,45893209196.8,23552.3106,1639632192.73
IT,2020,D,mancante,TFP,15.75,1419221700.0,702.0078,50704704.0
IT,2020,E,1-19,Totale,3118.752,5877280500.0,27501.201,1250831232.0
IT,2020,E,20-249,Totale,476.9856,10285240875.0,48127.1017,2188954656.0
IT,2020,E,250+,Totale,73.3824,13223881125.0,61877.7023,2814370272.0
IT,2020,E,mancante,Totale,74.88,599722500.0,2806.245,127635840.0
IT,2020,E,1-19,TFP,1871.2512,3526368300.0,16500.7206,750498739.2
IT,2020,E,20-249,TFP,286.1914,6171144525.0,28876.261,1313372793.6
IT,2020,E,250+,TFP,44.0294,7934328675.0,37126.6213,1688622163.2
IT,2020,E,mancante,TFP,44.928,359833500.0,1683.747,76581504.0
IT,2020,F,1-19,Totale,88617.0081,72481097628.34,658219.744,12710004251.65
IT,2020,F,20-249,Totale,1130.2961,31516780271.15,162156.631,5526660389.42
IT,2020,F,250+,Totale,19.2258,13418151600.52,43030.624,2352955038.93
IT,2020,F,mancante,Totale,1831.97,2396245500.0,17620.551,420196320.0
IT,2020,F,1-19,TFP,53170.2048,43488658577.0,394931.8464,7626002550.99
IT,2020,F,20-249,TFP,678.1777,18910068162.69,97293.9786,3315996233.65
IT,2020,F,250+,TFP,11.5355,8050890960.31,25818.3744,1411773023.36
IT,2020,F,mancante,TFP,1099.182,1437747300.0,10572.3306,252117792.0
IT,2020,G,1-19,Totale,181315.9466,287687673000.0,1393220.283,20601848583.65
IT,2020,G,20-249,Totale,2079.2209,209536740000.0,348372.115,15005315122.39
IT,2020,G,250+,Totale,97.0925,197517873000.0,396824.883,14144621733.97
IT,2020,G,mancante,Totale,3744.74,14178414000.0,43641.169,1015342560.0
IT,2020,G,1-19,TFP,108789.568,172612603800.0,835932.1698,12361109150.19
IT,2020,G,20-249,TFP,1247.5326,125722044000.0,209023.269,9003189073.43
IT,2020,G,250+,TFP,58.2555,118510723800.0,238094.9298,8486773040.38
IT,2020,G,mancante,TFP,2246.844,8507048400.0,26184.7014,609205536.0
IT,2020,H,1-19,Totale,25420.956,26360775000.0,196864.85,7007217749.25
IT,2020,H,20-249,Totale,1442.8262,32569173000.0,208608.582,8657533290.43
IT,2020,H,250+,Totale,92.5878,43407850500.0,310133.642,11538669120.32
IT,2020,H,mancante,Totale,550.13,2088526500.0,14604.226,555171840.0
IT,2020,H,1-19,TFP,15252.5736,15816465000.0,118118.91,4204330649.55
IT,2020,H,20-249,TFP,865.6957,19541503800.0,125165.1492,5194519974.26
IT,2020,H,250+,TFP,55.5527,26044710300.0,186080.1852,6923201472.19
IT,2020,H,mancante,TFP,330.078,1253115900.0,8762.5356,333103104.0
IT,2020,I,1-19,Totale,111873.554,27736525837.13,690918.228,7370368698.91
IT,2020,I,20-249,Totale,1595.0756,6925697318.67,115486.189,1840350988.27
IT,2020,I,250+,Totale,43.3004,5048503844.2,87731.462,1341528312.81
IT,2020,I,mancante,Totale,2316.57,810423000.0,18247.671,215352000.0
IT,2020,I,1-19,TFP,67124.1324,16641915502.28,414550.9368,4422221219.35
IT,2020,I,20-249,TFP,957.0454,4155418391.2,69291.7134,1104210592.96
IT,2020,I,250+,TFP,25.9803,3029102306.52,52638.8772,804916987.69
IT,2020,I,mancante,TFP,1389.942,486253800.0,10948.6026,129211200.0
IT,2020,J,1-19,Totale,19713.5388,15326131662.28,141366.862,3610038273.22
IT,2020,J,20-249,Totale,482.6075,15981236528.05,90276.277,3764346854.84
IT,2020,J,250+,Totale,35.4638,44612031309.66,146773.081,10508270711.94
IT,2020,J,mancante,Totale,412.89,1549375500.0,7722.78,364952160.0
IT,2020,J,1-19,TFP,11828.1233,9195678997.37,84820.1172,2166022963.93
IT,2020,J,20-249,TFP,289.5645,9588741916.83,54165.7662,2258608112.9
IT,2020,J,250+,TFP,21.2783,26767218785.8,88063.8486,6304962427.16
IT,2020,J,mancante,TFP,247.734,929625300.0,4633.668,218971296.0
IT,2020,K,1-19,Totale,8808.5585,952578548.34,7971.3532,155497973.92
IT,2020,K,20-249,Totale,1347.1913,1667012459.6,13949.8681,272121454.37
IT,2020,K,250+,Totale,207.2602,2143301733.78,17935.5446,349870441.33
IT,2020,K,mancante,Totale,211.49,97201892.69,813.4034,15867140.2
IT,2020,K,1-19,TFP,5285.1351,571547129.01,4782.8119,93298784.35
IT,2020,K,20-249,TFP,808.3148,1000207475.76,8369.9208,163272872.62
IT,2020,K,250+,TFP,124.3561,1285981040.27,10761.3268,209922264.8
IT,2020,K,mancante,TFP,126.894,58321135.61,488.042,9520284.12
IT,2020,L,1-19,Totale,14953.0042,23165589880.72,181799.8,1277619278.94
IT,2020,L,20-249,Totale,11.2567,2002942739.96,5399.212,110465490.94
IT,2020,L,250+,Totale,0.3391,389695879.32,3163.979,21492350.12
IT,2020,L,mancante,Totale,305.4,521596500.0,3884.959,28766880.0
IT,2020,L,1-19,TFP,8971.8025,13899353928.43,109079.88,766571567.36
IT,2020,L,20-249,TFP,6.754,1201765643.98,3239.5272,66279294.57
IT,2020,L,250+,TFP,0.2034,233817527.59,1898.3874,12895410.07
IT,2020,L,mancante,TFP,183.24,312957900.0,2330.9754,17260128.0
IT,2020,M,1-19,Totale,55149.051,52633497000.0,672864.374,9760837979.32
IT,2020,M,20-249,Totale,198.6021,15875338500.0,90689.69,2944068241.66
IT,2020,M,250+,Totale,11.0768,15811981500.0,79235.793,2932318739.02
IT,2020,M,mancante,Totale,1129.77,1720833000.0,17199.793,319127040.0
IT,2020,M,1-19,TFP,33089.4306,31580098200.0,403718.6244,5856502787.59
IT,2020,M,20-249,TFP,119.1613,9525203100.0,54413.814,1766440945.0
IT,2020,M,250+,TFP,6.6461,9487188900.0,47541.4758,1759391243.41
IT,2020,M,mancante,TFP,677.862,1032499800.0,10319.8758,191476224.0
IT,2020,N,1-19,Totale,30252.4462,18886950143.16,214543.511,6424584098.44
IT,2020,N,20-249,Totale,1090.8178,16537225826.12,192675.301,5625301982.03
IT,2020,N,250+,Totale,100.526,25883129530.72,451657.206,8804404159.52
IT,2020,N,mancante,Totale,641.71,1251169500.0,17528.082,425597760.0
IT,2020,N,1-19,TFP,18151.4677,11332170085.89,128726.1066,3854750459.07
IT,2020,N,20-249,TFP,654.4907,9922335495.67,115605.1806,3375181189.22
IT,2020,N,250+,TFP,60.3156,15529877718.43,270994.3236,5282642495.71
IT,2020,N,mancante,TFP,385.026,750701700.0,10516.8492,255358656.0
IT,2020,O,1-19,Totale,2251.6728,535286538.63,3785.8043,94705662.38
IT,2020,O,20-249,Totale,344.3735,936751442.59,6625.1575,165734909.17
IT,2020,O,250+,Totale,52.9805,1204394711.91,8518.0597,213087740.36
IT,2020,O,mancante,Totale,54.0618,54621075.37,386.3066,9663843.1
IT,2020,O,1-19,TFP,1351.0037,321171923.18,2271.4826,56823397.43
IT,2020,O,20-249,TFP,206.6241,562050865.56,3975.0945,99440945.5
IT,2020,O,250+,TFP,31.7883,722636827.14,5110.8358,127852644.22
IT,2020,O,mancante,TFP,32.4371,32772645.22,231.7839,5798305.86
IT,2020,P,1-19,Totale,5005.9135,819208572.76,1646.2651,113767634.73
IT,2020,P,20-249,Totale,765.6103,1433615002.32,2880.9639,199093360.78
IT,2020,P,250+,Totale,117.7862,1843219288.7,3704.0965,255977178.15
IT,2020,P,mancante,Totale,120.19,83592711.51,167.9862,11608942.32
IT,2020,P,1-19,TFP,3003.5481,491525143.65,987.7591,68260580.84
IT,2020,P,20-249,TFP,459.3662,860169001.39,1728.5783,119456016.47
IT,2020,P,250+,TFP,70.6717,1105931573.22,2222.4579,153586306.89
IT,2020,P,mancante,TFP,72.114,50155626.9,100.7917,6965365.39
IT,2020,Q,1-19,Totale,31494.064,897082988.58,2332.5444,64736958.26
IT,2020,Q,20-249,Totale,4816.7392,1569895230.01,4081.9528,113289676.95
IT,2020,Q,250+,Totale,741.0368,2018436724.29,5248.225,145658156.08
IT,2020,Q,mancante,Totale,756.16,91539080.47,238.0147,6605812.07
IT,2020,Q,1-19,TFP,18896.4384,538249793.15,1399.5267,38842174.95
IT,2020,Q,20-249,TFP,2890.0435,941937138.0,2449.1717,67973806.17
IT,2020,Q,250+,TFP,444.6221,1211062034.58,3148.935,87394893.65
IT,2020,Q,mancante,TFP,453.696,54923448.28,142.8088,3963487.24
IT,2020,R,1-19,Totale,9130.9295,840833277.35,6456.5393,170984902.97
IT,2020,R,20-249,Totale,1396.4951,1471458235.37,11298.9437,299223580.19
IT,2020,R,250+,Totale,214.8454,1891874874.05,14527.2133,384716031.68
IT,2020,R,mancante,Totale,219.23,85799314.02,658.8305,17447439.08
IT,2020,R,1-19,TFP,5478.5577,504499966.41,3873.9236,102590941.78
IT,2020,R,20-249,TFP,837.8971,882874941.22,6779.3662,179534148.12
IT,2020,R,250+,TFP,128.9072,1135124924.43,8716.328,230829619.01
IT,2020,R,mancante,TFP,131.538,51479588.41,395.2983,10468463.45
IT,2020,S,1-19,Totale,35723.205,664317854.58,9313.3931,149249826.81
IT,2020,S,20-249,Totale,5463.549,1162556245.51,16298.4379,261187196.91
IT,2020,S,250+,Totale,840.546,1494715172.8,20955.1345,335812110.31
IT,2020,S,mancante,Totale,857.7,67787536.18,950.3462,15229574.16
IT,2020,S,1-19,TFP,21433.923,398590712.75,5588.0359,89549896.08
IT,2020,S,20-249,TFP,3278.1294,697533747.31,9779.0628,156712318.15
IT,2020,S,250+,TFP,504.3276,896829103.68,12573.0807,201487266.19
IT,2020,S,mancante,TFP,514.62,40672521.71,570.2077,9137744.5
IT,2021,A,1-19,Totale,3605.9284,693057162.71,2020.6423,53082003.66
IT,2021,A,20-249,Totale,551.4949,1212850034.75,3536.1241,92893506.41
IT,2021,A,250+,Totale,84.8454,1559378616.1,4546.4453,119434508.24
IT,2021,A,mancante,Totale,86.5769,70720118.64,206.188,5416530.99
IT,2021,A,1-19,TFP,2163.557,415834297.63,1212.3854,31849202.2
IT,2021,A,20-249,TFP,330.897,727710020.85,2121.6745,55736103.84
IT,2021,A,250+,TFP,50.9072,935627169.66,2727.8672,71660704.94
IT,2021,A,mancante,TFP,51.9461,42432071.19,123.7128,3249918.59
IT,2021,B,1-19,Totale,542.2643,1086543150.0,4602.962,104738581.34
IT,2021,B,20-249,Totale,54.7272,1585828650.0,4678.128,152867783.53
IT,2021,B,250+,Totale,1.7885,3875037600.0,1502.683,373538723.13
IT,2021,B,mancante,Totale,12.22,133620600.0,220.077,12880512.0
IT,2021,B,1-19,TFP,325.3586,651925890.0,2761.7772,62843148.81
IT,2021,B,20-249,TFP,32.8363,951497190.0,2806.8768,91720670.12
IT,2021,B,250+,TFP,1.0731,2325022560.0,901.6098,224123233.88
IT,2021,B,mancante,TFP,7.332,80172360.0,132.0462,7728307.2
IT,2021,C,1-19,Totale,97883.2343,121817202150.0,821396.212,16882451072.9
IT,2021,C,20-249,Totale,8304.5264,308580525750.0,915839.743,42765681168.81
IT,2021,C,250+,Totale,438.6894,357871455900.0,679147.105,49596832286.29
IT,2021,C,mancante,Totale,2176.05,16087126200.0,49313.94,2229489072.0
IT,2021,C,1-19,TFP,58729.9406,73090321290.0,492837.7272,10129470643.74
IT,2021,C,20-249,TFP,4982.7158,185148315450.0,549503.8458,25659408701.29
IT,2021,C,250+,TFP,263.2136,214722873540.0,407488.263,29758099371.77
IT,2021,C,mancante,TFP,1305.63,9652275720.0,29588.364,1337693443.2
IT,2021,D,1-19,Totale,1159.5012,12639324600.0,8417.955,280519268.73
IT,2021,D,20-249,Totale,32.7626,67203144750.0,9933.378,1491517752.58
IT,2021,D,250+,Totale,5.2962,120212741250.0,41524.119,2668021538.69
IT,2021,D,mancante,Totale,24.44,4082759400.0,1221.948,90613440.0
IT,2021,D,1-19,TFP,695.7007,7583594760.0,5050.773,168311561.24
IT,2021,D,20-249,TFP,19.6576,40321886850.0,5960.0268,894910651.55
IT,2021,D,250+,TFP,3.1777,72127644750.0,24914.4714,1600812923.21
IT,2021,D,mancante,TFP,14.664,2449655640.0,733.1688,54368064.0
IT,2021,E,1-19,Totale,3002.1038,8145003677.51,24229.569,1521353570.5
IT,2021,E,20-249,Totale,437.3201,13305172986.24,47145.007,2485188863.05
IT,2021,E,250+,Totale,53.2961,13305099486.26,66930.864,2485175134.45
IT,2021,E,mancante,Totale,71.28,709291350.0,2822.56,132484032.0
IT,2021,E,1-19,TFP,1801.2623,4887002206.5,14537.7414,912812142.3
IT,2021,E,20-249,TFP,262.3921,7983103791.74,28287.0042,1491113317.83
IT,2021,E,250+,TFP,31.9777,7983059691.75,40158.5184,1491105080.67
IT,2021,E,mancante,TFP,42.768,425574810.0,1693.536,79490419.2
IT,2021,F,1-19,Totale,95417.6788,101818690050.0,698934.236,16225537436.01
IT,2021,F,20-249,Totale,1331.594,40261278750.0,182592.228,6415923100.75
IT,2021,F,250+,Totale,22.2972,15174089700.0,46586.358,2418099863.24
IT,2021,F,mancante,Totale,1974.93,3209266500.0,18941.078,511419600.0
IT,2021,F,1-19,TFP,57250.6073,61091214030.0,419360.5416,9735322461.61
IT,2021,F,20-249,TFP,798.9564,24156767250.0,109555.3368,3849553860.45
IT,2021,F,250+,TFP,13.3783,9104453820.0,27951.8148,1450859917.94
IT,2021,F,mancante,TFP,1184.958,1925559900.0,11364.6468,306851760.0
IT,2021,G,1-19,Totale,179722.5119,338108107050.0,1401559.887,23157569947.77
IT,2021,G,20-249,Totale,2172.3258,234943690800.0,361198.747,16091672574.66
IT,2021,G,250+,Totale,99.9823,222509989800.0,403073.853,15240068325.57
IT,2021,G,mancante,Totale,3714.18,16235954850.0,44200.663,1112026752.0
IT,2021,G,1-19,TFP,107833.5072,202864864230.0,840935.9322,13894541968.66
IT,2021,G,20-249,TFP,1303.3955,140966214480.0,216719.2482,9655003544.8
IT,2021,G,250+,TFP,59.9894,133505993880.0,241844.3118,9144040995.34
IT,2021,G,mancante,TFP,2228.508,9741572910.0,26520.3978,667216051.2
IT,2021,H,1-19,Totale,24924.3762,30225068680.05,198504.488,7087640068.11
IT,2021,H,20-249,Totale,1472.4958,38435967313.61,215590.739,9013058162.82
IT,2021,H,250+,Totale,94.488,56141552406.34,316742.517,13164936713.07
IT,2021,H,mancante,Totale,540.64,2546991600.0,14915.056,597257856.0
IT,2021,H,1-19,TFP,14954.6257,18135041208.03,119102.6928,4252584040.87
IT,2021,H,20-249,TFP,883.4975,23061580388.17,129354.4434,5407834897.69
IT,2021,H,250+,TFP,56.6928,33684931443.81,190045.5102,7898962027.84
IT,2021,H,mancante,TFP,324.384,1528194960.0,8949.0336,358354713.6
IT,2021,I,1-19,Totale,111355.4248,34926124528.34,702140.894,8561352662.25
IT,2021,I,20-249,Totale,1717.2356,10445725938.92,125550.152,2560534407.52
IT,2021,I,250+,Totale,45.3096,6192949182.74,90576.941,1518061986.23
IT,2021,I,mancante,Totale,2308.53,1052342850.0,18740.163,257958144.0
IT,2021,I,1-19,TFP,66813.2549,20955674717.0,421284.5364,5136811597.35
IT,2021,I,20-249,TFP,1030.3413,6267435563.35,75330.0912,1536320644.51
IT,2021,I,250+,TFP,27.1858,3715769509.64,54346.1646,910837191.74
IT,2021,I,mancante,TFP,1385.118,631405710.0,11244.0978,154774886.4
IT,2021,J,1-19,Totale,19083.6212,16874703300.0,144274.13,4151890192.02
IT,2021,J,20-249,Totale,480.3033,18609090150.0,96505.5,4578622657.99
IT,2021,J,250+,Totale,34.6055,45327942450.0,152846.239,11152589549.99
IT,2021,J,mancante,Totale,399.97,1649219100.0,8033.181,405777600.0
IT,2021,J,1-19,TFP,11450.1727,10124821980.0,86564.478,2491134115.21
IT,2021,J,20-249,TFP,288.182,11165454090.0,57903.3,2747173594.79
IT,2021,J,250+,TFP,20.7633,27196765470.0,91707.7434,6691553729.99
IT,2021,J,mancante,TFP,239.982,989531460.0,4819.9086,243466560.0
IT,2021,K,1-19,Totale,10859.7528,392520908.25,101516.779,127233130.7
IT,2021,K,20-249,Totale,86.2064,686911589.43,37184.875,222657978.73
IT,2021,K,250+,Totale,16.8108,883172043.56,201439.147,286274544.08
IT,2021,K,mancante,Totale,223.73,40053153.9,6941.649,12982972.52
IT,2021,K,1-19,TFP,6515.8517,235512544.95,60910.0674,76339878.42
IT,2021,K,20-249,TFP,51.7238,412146953.66,22310.925,133594787.24
IT,2021,K,250+,TFP,10.0865,529903226.13,120863.4882,171764726.45
IT,2021,K,mancante,TFP,134.238,24031892.34,4164.9894,7789783.51
IT,2021,L,1-19,Totale,14908.4897,26717874750.0,167889.631,1429341769.07
IT,2021,L,20-249,Totale,11.0542,2246556900.0,4946.942,120185368.18
IT,2021,L,250+,Totale,0.4661,431136300.0,3756.389,23064750.75
IT,2021,L,mancante,Totale,304.49,599909550.0,3603.938,32093712.0
IT,2021,L,1-19,TFP,8945.0938,16030724850.0,100733.7786,857605061.44
IT,2021,L,20-249,TFP,6.6325,1347934140.0,2968.1652,72111220.91
IT,2021,L,250+,TFP,0.2797,258681780.0,2253.8334,13838850.45
IT,2021,L,mancante,TFP,182.694,359945730.0,2162.3628,19256227.2
IT,2021,M,1-19,Totale,55124.3599,63355260770.86,705819.569,10888961718.79
IT,2021,M,20-249,Totale,192.6078,18768208928.68,95389.476,3225719633.51
IT,2021,M,250+,Totale,10.8923,18470041500.46,80794.532,3174473159.7
IT,2021,M,mancante,Totale,1129.14,2052928800.0,18000.073,352839888.0
IT,2021,M,1-19,TFP,33074.6159,38013156462.52,423491.7414,6533377031.27
IT,2021,M,20-249,TFP,115.5647,11260925357.21,57233.6856,1935431780.1
IT,2021,M,250+,TFP,6.5354,11082024900.28,48476.7192,1904683895.82
IT,2021,M,mancante,TFP,677.484,1231757280.0,10800.0438,211703932.8
IT,2021,N,1-19,Totale,29749.8763,21907277700.0,217410.648,7497387186.28
IT,2021,N,20-249,Totale,1070.8549,19179053250.0,195223.301,6563699518.06
IT,2021,N,250+,Totale,100.2288,30359498400.0,517846.602,10390013647.66
IT,2021,N,mancante,Totale,631.04,1458078150.0,18989.399,499002048.0
IT,2021,N,1-19,TFP,17849.9258,13144366620.0,130446.3888,4498432311.77
IT,2021,N,20-249,TFP,642.513,11507431950.0,117133.9806,3938219710.84
IT,2021,N,250+,TFP,60.1373,18215699040.0,310707.9612,6234008188.6
IT,2021,N,mancante,TFP,378.624,874846890.0,11393.6394,299401228.8
IT,2021,O,1-19,Totale,3439.7735,482001384.04,4607.5855,21258166.28
IT,2021,O,20-249,Totale,526.083,843502422.07,8063.2746,37201790.98
IT,2021,O,250+,Totale,80.9358,1084503114.09,10367.0673,47830874.12
IT,2021,O,mancante,Totale,82.5876,49183814.7,470.1618,2169200.64
IT,2021,O,1-19,TFP,2063.8641,289200830.42,2764.5513,12754899.77
IT,2021,O,20-249,TFP,315.6498,506101453.24,4837.9648,22321074.59
IT,2021,O,250+,TFP,48.5615,650701868.45,6220.2404,28698524.47
IT,2021,O,mancante,TFP,49.5526,29510288.82,282.0971,1301520.38
IT,2021,P,1-19,Totale,5589.276,2915473050.0,47846.981,822426119.0
IT,2021,P,20-249,Totale,138.9781,1381689750.0,25885.132,389761016.23
IT,2021,P,250+,Totale,2.2959,359885400.0,3170.986,101520112.77
IT,2021,P,mancante,Totale,116.95,95041800.0,1569.451,26810352.0
IT,2021,P,1-19,TFP,3353.5656,1749283830.0,28708.1886,493455671.4
IT,2021,P,20-249,TFP,83.3868,829013850.0,15531.0792,233856609.74
IT,2021,P,250+,TFP,1.3775,215931240.0,1902.5916,60912067.66
IT,2021,P,mancante,TFP,70.17,57025080.0,941.6706,16086211.2
IT,2021,Q,1-19,Totale,36714.0333,24956197350.0,323002.953,6289789010.49
IT,2021,Q,20-249,Totale,410.5785,9932209350.0,148068.739,2503246001.12
IT,2021,Q,250+,Totale,37.9682,12301709700.0,166447.463,3100438636.39
IT,2021,Q,mancante,Totale,758.42,963063600.0,13010.595,242723952.0
IT,2021,Q,1-19,TFP,22028.42,14973718410.0,193801.7718,3773873406.29
IT,2021,Q,20-249,TFP,246.3471,5959325610.0,88841.2434,1501947600.67
IT,2021,Q,250+,TFP,22.7809,7381025820.0,99868.4778,1860263181.83
IT,2021,Q,mancante,TFP,455.052,577838160.0,7806.357,145634371.2
IT,2021,R,1-19,Totale,10304.6047,6463082850.0,78676.507,1229523445.26
IT,2021,R,20-249,Totale,99.7256,6995553600.0,20108.179,1330819573.78
IT,2021,R,250+,Totale,4.2497,3725678250.0,12916.449,708765284.96
IT,2021,R,mancante,Totale,212.42,350700300.0,2279.615,66716496.0
IT,2021,R,1-19,TFP,6182.7628,3877849710.0,47205.9042,737714067.16
IT,2021,R,20-249,TFP,59.8354,4197332160.0,12064.9074,798491744.27
IT,2021,R,250+,TFP,2.5498,2235406950.0,7749.8694,425259170.97
IT,2021,R,mancante,TFP,127.452,210420180.0,1367.769,40029897.6
IT,2021,S,1-19,Totale,2632.8403,372698427.44,3433.8297,30827178.12
IT,2021,S,20-249,Totale,402.6697,652222248.01,6009.2019,53947561.7
IT,2021,S,250+,Totale,61.9492,838571461.73,7726.1167,69361150.76
IT,2021,S,mancante,Totale,63.2135,38030451.78,350.3908,3145630.42
IT,2021,S,1-19,TFP,1579.7042,223619056.46,2060.2978,18496306.87
IT,2021,S,20-249,TFP,241.6018,391333348.81,3605.5211,32368537.02
IT,2021,S,250+,TFP,37.1695,503142877.04,4635.67,41616690.46
IT,2021,S,mancante,TFP,37.9281,22818271.07,210.2345,1887378.25
IT,2022,A,1-19,Totale,3234.8097,784735916.69,5104.0403,94504909.67
IT,2022,A,20-249,Totale,494.7356,1373287854.2,8932.0705,165383591.92
IT,2022,A,250+,Totale,76.1132,1765655812.55,11484.0906,212636046.75
IT,2022,A,mancante,Totale,77.6665,80075093.54,520.8204,9643358.13
IT,2022,A,1-19,TFP,1940.8858,470841550.01,3062.4242,56702945.8
IT,2022,A,20-249,TFP,296.8414,823972712.52,5359.2423,99230155.15
IT,2022,A,250+,TFP,45.6679,1059393487.53,6890.4544,127581628.05
IT,2022,A,mancante,TFP,46.5999,48045056.12,312.4923,5786014.88
IT,2022,B,1-19,Totale,534.0982,1204268100.0,4473.014,96894628.74
IT,2022,B,20-249,Totale,58.3499,2893555350.0,4826.549,232813583.09
IT,2022,B,250+,Totale,1.4319,3635074800.0,1195.012,292475756.17
IT,2022,B,mancante,Totale,12.12,157814250.0,214.175,12697632.0
IT,2022,B,1-19,TFP,320.4589,722560860.0,2683.8084,58136777.24
IT,2022,B,20-249,TFP,35.0099,1736133210.0,2895.9294,139688149.86
IT,2022,B,250+,TFP,0.8591,2181044880.0,717.0072,175485453.7
IT,2022,B,mancante,TFP,7.272,94688550.0,128.505,7618579.2
IT,2022,C,1-19,Totale,97050.1218,136522450050.0,811028.4,17038257924.65
IT,2022,C,20-249,Totale,8505.4545,359933417550.0,948832.521,44920365856.84
IT,2022,C,250+,Totale,448.5737,425072542650.0,693184.037,53049850890.5
IT,2022,C,mancante,Totale,2163.35,18806702250.0,50062.142,2347111728.0
IT,2022,C,1-19,TFP,58230.0731,81913470030.0,486617.04,10222954754.79
IT,2022,C,20-249,TFP,5103.2727,215960050530.0,569299.5126,26952219514.11
IT,2022,C,250+,TFP,269.1442,255043525590.0,415910.4222,31829910534.3
IT,2022,C,mancante,TFP,1298.01,11284021350.0,30037.2852,1408267036.8
IT,2022,D,1-19,Totale,1159.7316,18002641310.34,8653.645,212301914.81
IT,2022,D,20-249,Totale,33.1694,154709478231.03,9987.523,1824461083.3
IT,2022,D,250+,Totale,5.149,216847479558.64,43067.57,2557243369.89
IT,2022,D,mancante,Totale,24.45,7950195900.0,1259.362,93755232.0
IT,2022,D,1-19,TFP,695.8389,10801584786.2,5192.187,127381148.88
IT,2022,D,20-249,TFP,19.9016,92825686938.62,5992.5138,1094676649.98
IT,2022,D,250+,TFP,3.0894,130108487735.18,25840.542,1534346021.94
IT,2022,D,mancante,TFP,14.67,4770117540.0,755.6172,56253139.2
IT,2022,E,1-19,Totale,2985.7382,8533438200.0,24055.668,1548254165.47
IT,2022,E,20-249,Totale,445.9433,14148000300.0,48462.323,2566925532.73
IT,2022,E,250+,Totale,53.6885,14582583750.0,68695.991,2645773661.81
IT,2022,E,mancante,Totale,71.13,760490250.0,2881.918,137978640.0
IT,2022,E,1-19,TFP,1791.4429,5120062920.0,14433.4008,928952499.28
IT,2022,E,20-249,TFP,267.566,8488800180.0,29077.3938,1540155319.64
IT,2022,E,250+,TFP,32.2131,8749550250.0,41217.5946,1587464197.08
IT,2022,E,mancante,TFP,42.678,456294150.0,1729.1508,82787184.0
IT,2022,F,1-19,Totale,100476.9282,124693423527.46,746757.648,18576050793.41
IT,2022,F,20-249,Totale,1530.7708,53200999845.66,207033.918,7925554110.52
IT,2022,F,250+,Totale,22.551,18044449126.88,48212.619,2688149816.07
IT,2022,F,mancante,Totale,2082.25,3998752500.0,20449.065,595709280.0
IT,2022,F,1-19,TFP,60286.1569,74816054116.48,448054.5888,11145630476.05
IT,2022,F,20-249,TFP,918.4625,31920599907.4,124220.3508,4755332466.31
IT,2022,F,250+,TFP,13.5306,10826669476.13,28927.5714,1612889889.64
IT,2022,F,mancante,TFP,1249.35,2399251500.0,12269.439,357425568.0
IT,2022,G,1-19,Totale,179095.1415,374986746750.0,1386759.829,24518856608.2
IT,2022,G,20-249,Totale,2239.2314,271539245250.0,376032.566,17754845672.51
IT,2022,G,250+,Totale,101.8471,249210694950.0,415367.953,16294872679.28
IT,2022,G,mancante,Totale,3702.78,18280340550.0,44452.252,1195277040.0
IT,2022,G,1-19,TFP,107457.0849,224992048050.0,832055.8974,14711313964.92
IT,2022,G,20-249,TFP,1343.5389,162923547150.0,225619.5396,10652907403.51
IT,2022,G,250+,TFP,61.1083,149526416970.0,249220.7718,9776923607.57
IT,2022,G,mancante,TFP,2221.668,10968204330.0,26671.3512,717166224.0
IT,2022,H,1-19,Totale,25089.251,34088820551.6,197950.298,7210286047.03
IT,2022,H,20-249,Totale,1500.6057,47119524652.37,222742.975,9966471284.31
IT,2022,H,250+,Totale,94.0733,66314100146.04,323108.058,14026405820.66
IT,2022,H,mancante,Totale,544.57,3010662150.0,15179.619,636799248.0
IT,2022,H,1-19,TFP,15053.5506,20453292330.96,118770.1788,4326171628.22
IT,2022,H,20-249,TFP,900.3634,28271714791.42,133645.785,5979882770.59
IT,2022,H,250+,TFP,56.444,39788460087.62,193864.8348,8415843492.39
IT,2022,H,mancante,TFP,326.742,1806397290.0,9107.7714,382079548.8
IT,2022,I,1-19,Totale,112404.3403,47255083050.0,728888.524,11268926638.75
IT,2022,I,20-249,Totale,2290.3728,17769102750.0,166875.527,4237400558.88
IT,2022,I,250+,Totale,52.9969,9163215600.0,97685.224,2185153378.36
IT,2022,I,mancante,Totale,2341.79,1514028600.0,20274.475,361050624.0
IT,2022,I,1-19,TFP,67442.6042,28353049830.0,437333.1144,6761355983.25
IT,2022,I,20-249,TFP,1374.2237,10661461650.0,100125.3162,2542440335.33
IT,2022,I,250+,TFP,31.7981,5497929360.0,58611.1344,1311092027.02
IT,2022,I,mancante,TFP,1405.074,908417160.0,12164.685,216630374.4
IT,2022,J,1-19,Totale,19350.824,18157101900.0,147103.047,4631094495.62
IT,2022,J,20-249,Totale,505.7201,20754364050.0,104426.595,5293544181.3
IT,2022,J,250+,Totale,36.4759,44890984950.0,159191.396,11449756379.07
IT,2022,J,mancante,Totale,405.98,1710254100.0,8382.062,436212144.0
IT,2022,J,1-19,TFP,11610.4944,10894261140.0,88261.8282,2778656697.37
IT,2022,J,20-249,TFP,303.432,12452618430.0,62655.957,3176126508.78
IT,2022,J,250+,TFP,21.8856,26934590970.0,95514.8376,6869853827.44
IT,2022,J,mancante,TFP,243.588,1026152460.0,5029.2372,261727286.4
IT,2022,K,1-19,Totale,10980.5595,183309691.9,103234.131,104415995.38
IT,2022,K,20-249,Totale,79.5974,320791960.83,35999.418,182727991.92
IT,2022,K,250+,Totale,15.8031,412446806.78,197512.679,234935989.61
IT,2022,K,mancante,Totale,226.04,18705070.6,6872.372,10654693.41
IT,2022,K,1-19,TFP,6588.3357,109985815.14,61940.4786,62649597.23
IT,2022,K,20-249,TFP,47.7584,192475176.5,21599.6508,109636795.15
IT,2022,K,250+,TFP,9.4819,247468084.07,118507.6074,140961593.76
IT,2022,K,mancante,TFP,135.624,11223042.36,4123.4232,6392816.04
IT,2022,L,1-19,Totale,15168.0545,28394563397.31,177268.182,1541545226.75
IT,2022,L,20-249,Totale,13.146,2558587048.98,5854.667,138906085.56
IT,2022,L,250+,Totale,0.4695,443036053.72,3350.62,24052495.7
IT,2022,L,mancante,Totale,309.83,640738500.0,3805.581,34785792.0
IT,2022,L,1-19,TFP,9100.8327,17036738038.38,106360.9092,924927136.05
IT,2022,L,20-249,TFP,7.8876,1535152229.39,3512.8002,83343651.33
IT,2022,L,250+,TFP,0.2817,265821632.23,2010.372,14431497.42
IT,2022,L,mancante,TFP,185.898,384443100.0,2283.3486,20871475.2
IT,2022,M,1-19,Totale,56050.6982,71564267250.0,738643.542,11884544961.57
IT,2022,M,20-249,Totale,200.9188,21646911300.0,105551.537,3594862359.53
IT,2022,M,250+,Totale,11.653,22735659450.0,89613.16,3775668742.9
IT,2022,M,mancante,Totale,1148.23,2366262000.0,19057.311,392960736.0
IT,2022,M,1-19,TFP,33630.4189,42938560350.0,443186.1252,7130726976.94
IT,2022,M,20-249,TFP,120.5513,12988146780.0,63330.9222,2156917415.72
IT,2022,M,250+,TFP,6.9918,13641395670.0,53767.896,2265401245.74
IT,2022,M,mancante,TFP,688.938,1419757200.0,11434.3866,235776441.6
IT,2022,N,1-19,Totale,30054.7406,27571246500.0,222917.513,8640006040.41
IT,2022,N,20-249,Totale,1021.7438,23788017750.0,200977.959,7454455026.16
IT,2022,N,250+,Totale,95.8456,34014418200.0,549399.76,10659103813.43
IT,2022,N,mancante,Totale,636.17,1742320050.0,19863.168,545991120.0
IT,2022,N,1-19,TFP,18032.8444,16542747900.0,133750.5078,5184003624.25
IT,2022,N,20-249,TFP,613.0463,14272810650.0,120586.7754,4472673015.7
IT,2022,N,250+,TFP,57.5074,20408650920.0,329639.856,6395462288.06
IT,2022,N,mancante,TFP,381.702,1045392030.0,11917.9008,327594672.0
IT,2022,O,1-19,Totale,1947.8825,758515385.66,3714.0192,156977258.69
IT,2022,O,20-249,Totale,297.9114,1327401924.9,6499.5337,274710202.7
IT,2022,O,250+,Totale,45.8325,1706659617.73,8356.5433,353198832.05
IT,2022,O,mancante,Totale,46.7679,77399529.15,378.9816,16018087.62
IT,2022,O,1-19,TFP,1168.7295,455109231.4,2228.4115,94186355.21
IT,2022,O,20-249,TFP,178.7469,796441154.94,3899.7202,164826121.62
IT,2022,O,250+,TFP,27.4995,1023995770.64,5013.926,211919299.23
IT,2022,O,mancante,TFP,28.0607,46439717.49,227.3889,9610852.57
IT,2022,P,1-19,Totale,5775.6538,3358016550.0,51932.062,924886555.12
IT,2022,P,20-249,Totale,135.7408,1730778000.0,28779.023,476702028.79
IT,2022,P,250+,Totale,1.9254,413665350.0,3062.696,113934376.09
IT,2022,P,mancante,Totale,120.68,112295100.0,1709.669,30929040.0
IT,2022,P,1-19,TFP,3465.3923,2014809930.0,31159.2372,554931933.07
IT,2022,P,20-249,TFP,81.4445,1038466800.0,17267.4138,286021217.27
IT,2022,P,250+,TFP,1.1552,248199210.0,1837.6176,68360625.66
IT,2022,P,mancante,TFP,72.408,67377060.0,1025.8014,18557424.0
IT,2022,Q,1-19,Totale,37145.9771,25817841364.57,330759.065,6579572803.75
IT,2022,Q,20-249,Totale,415.0521,10285463522.02,150289.321,2621208919.36
IT,2022,Q,250+,Totale,39.6108,13372565963.41,175898.632,3407944532.88
IT,2022,Q,mancante,Totale,767.36,1009711650.0,13407.082,257320944.0
IT,2022,Q,1-19,TFP,22287.5863,15490704818.74,198455.439,3947743682.25
IT,2022,Q,20-249,TFP,249.0312,6171278113.21,90173.5926,1572725351.62
IT,2022,Q,250+,TFP,23.7665,8023539578.04,105539.1792,2044766719.73
IT,2022,Q,mancante,TFP,460.416,605826990.0,8044.2492,154392566.4
IT,2022,R,1-19,Totale,10640.9027,8418217076.53,85783.516,1296089269.58
IT,2022,R,20-249,Totale,113.297,9213979287.99,24668.462,1418606763.97
IT,2022,R,250+,Totale,4.2404,6887197835.47,14613.417,1060369806.45
IT,2022,R,mancante,Totale,219.56,500395800.0,2552.355,77042160.0
IT,2022,R,1-19,TFP,6384.5416,5050930245.92,51470.1096,777653561.75
IT,2022,R,20-249,TFP,67.9782,5528387572.8,14801.0772,851164058.38
IT,2022,R,250+,TFP,2.5442,4132318701.28,8768.0502,636221883.87
IT,2022,R,mancante,TFP,131.736,300237480.0,1531.413,46225296.0
IT,2022,S,1-19,Totale,3155.9594,200220619.83,9578.0546,91085234.92
IT,2022,S,20-249,Totale,482.6761,350386084.7,16761.5955,159399161.11
IT,2022,S,250+,Totale,74.2579,450496394.61,21550.6228,204941778.56
IT,2022,S,mancante,Totale,75.7733,20430675.49,977.3525,9294411.73
IT,2022,S,1-19,TFP,1893.5756,120132371.9,5746.8327,54651140.95
IT,2022,S,20-249,TFP,289.6057,210231650.82,10056.9573,95639496.66
IT,2022,S,250+,TFP,44.5547,270297836.77,12930.3737,122965067.14
IT,2022,S,mancante,TFP,45.464,12258405.3,586.4115,5576647.04
IT,2023,A,1-19,Totale,593.3341,167019327.52,7964.1036,43433650.78
IT,2023,A,20-249,Totale,90.7452,292283823.16,13937.1813,76008888.87
IT,2023,A,250+,Totale,13.9608,375793486.92,17919.2331,97725714.26
IT,2023,A,mancante,Totale,14.2457,17042788.52,812.6636,4432005.18
IT,2023,A,1-19,TFP,356.0004,100211596.51,4778.4622,26060190.47
IT,2023,A,20-249,TFP,54.4471,175370293.9,8362.3088,45605333.32
IT,2023,A,250+,TFP,8.3765,225476092.15,10751.5399,58635428.56
IT,2023,A,mancante,TFP,8.5474,10225673.11,487.5982,2659203.11
IT,2023,B,1-19,Totale,504.081,1247806560.0,4362.813,123012892.8
IT,2023,B,20-249,Totale,57.7219,2183661480.0,5098.548,215272562.4
IT,2023,B,250+,Totale,0.717,2807564760.0,723.632,276779008.8
IT,2023,B,mancante,Totale,11.48,127327200.0,207.857,12552336.0
IT,2023,B,1-19,TFP,302.4486,748683936.0,2617.6878,73807735.68
IT,2023,B,20-249,TFP,34.6332,1310196888.0,3059.1288,129163537.44
IT,2023,B,250+,TFP,0.4302,1684538856.0,434.1792,166067405.28
IT,2023,B,mancante,TFP,6.888,76396320.0,124.7142,7531401.6
IT,2023,C,1-19,Totale,94866.0392,133189437133.28,800321.704,17439953048.21
IT,2023,C,20-249,Totale,8643.4951,356106784197.93,971978.553,46628964955.74
IT,2023,C,250+,Totale,465.5256,428418641418.78,723188.011,56097549116.05
IT,2023,C,mancante,Totale,2121.94,18728874750.0,50928.332,2452376880.0
IT,2023,C,1-19,TFP,56919.6235,79913662279.97,480193.0224,10463971828.93
IT,2023,C,20-249,TFP,5186.0971,213664070518.76,583187.1318,27977378973.44
IT,2023,C,250+,TFP,279.3154,257051184851.27,433912.8066,33658529469.63
IT,2023,C,mancante,TFP,1273.164,11237324850.0,30556.9992,1471426128.0
IT,2023,D,1-19,Totale,1139.7052,43076172930.0,8893.157,953271244.8
IT,2023,D,20-249,Totale,32.8694,75383302627.5,10289.461,1668224678.4
IT,2023,D,250+,Totale,4.8954,96921389092.5,43154.202,2144860300.8
IT,2023,D,mancante,Totale,24.03,4395527850.0,1272.18,97272576.0
IT,2023,D,1-19,TFP,683.8231,25845703758.0,5335.8942,571962746.88
IT,2023,D,20-249,TFP,19.7216,45229981576.5,6173.6766,1000934807.04
IT,2023,D,250+,TFP,2.9373,58152833455.5,25892.5212,1286916180.48
IT,2023,D,mancante,TFP,14.418,2637316710.0,763.308,58363545.6
IT,2023,E,1-19,Totale,2988.8456,8203678837.48,24517.493,1557236345.54
IT,2023,E,20-249,Totale,456.3208,13900273167.76,49749.7,2638573622.71
IT,2023,E,250+,Totale,55.8836,15289165644.76,71828.12,2902215567.75
IT,2023,E,mancante,Totale,71.45,763124850.0,2981.537,144857664.0
IT,2023,E,1-19,TFP,1793.3074,4922207302.49,14710.4958,934341807.32
IT,2023,E,20-249,TFP,273.7925,8340163900.66,29849.82,1583144173.63
IT,2023,E,250+,TFP,33.5301,9173499386.85,43096.872,1741329340.65
IT,2023,E,mancante,TFP,42.87,457874910.0,1788.9222,86914598.4
IT,2023,F,1-19,Totale,100725.3922,134651716289.24,754852.007,18893956631.49
IT,2023,F,20-249,Totale,1662.7592,67145614100.52,227519.838,9421686969.7
IT,2023,F,250+,Totale,24.7886,22583565160.23,52892.658,3168863438.81
IT,2023,F,mancante,Totale,2090.06,4579201950.0,21127.847,642540960.0
IT,2023,F,1-19,TFP,60435.2353,80791029773.54,452911.2042,11336373978.89
IT,2023,F,20-249,TFP,997.6555,40287368460.31,136511.9028,5653012181.82
IT,2023,F,250+,TFP,14.8732,13550139096.14,31735.5948,1901318063.29
IT,2023,F,mancante,TFP,1254.036,2747521170.0,12676.7082,385524576.0
IT,2023,G,1-19,Totale,176128.249,372801360938.79,1369464.642,24816612461.2
IT,2023,G,20-249,Totale,2333.3564,282101575209.23,390616.681,18778916066.81
IT,2023,G,250+,Totale,110.5646,270425622551.98,441226.331,18001672143.99
IT,2023,G,mancante,Totale,3644.33,18884256300.0,44924.646,1257085728.0
IT,2023,G,1-19,TFP,105676.9494,223680816563.28,821678.7852,14889967476.72
IT,2023,G,20-249,TFP,1400.0138,169260945125.54,234370.0086,11267349640.09
IT,2023,G,250+,TFP,66.3388,162255373531.19,264735.7986,10801003286.39
IT,2023,G,mancante,TFP,2186.598,11330553780.0,26954.7876,754251436.8
IT,2023,H,1-19,Totale,25055.1294,33602355150.0,198110.185,7182041360.66
IT,2023,H,20-249,Totale,1532.2624,45631541550.0,227172.673,9753114545.08
IT,2023,H,250+,Totale,98.0081,74536056000.0,334929.504,15931057054.26
IT,2023,H,mancante,Totale,544.6,3138162300.0,15514.538,670739040.0
IT,2023,H,1-19,TFP,15033.0777,20161413090.0,118866.111,4309224816.39
IT,2023,H,20-249,TFP,919.3575,27378924930.0,136303.6038,5851868727.05
IT,2023,H,250+,TFP,58.8049,44721633600.0,200957.7024,9558634232.56
IT,2023,H,mancante,TFP,326.76,1882897380.0,9308.7228,402443424.0
IT,2023,I,1-19,Totale,112138.8587,51970801850.72,744703.96,12084296041.92
IT,2023,I,20-249,Totale,2700.4898,21972977468.87,196891.604,5109175829.51
IT,2023,I,250+,Totale,61.7315,11909564130.41,112958.573,2769222208.57
IT,2023,I,mancante,Totale,2344.92,1752109050.0,21521.513,407401920.0
IT,2023,I,1-19,TFP,67283.3152,31182481110.43,446822.376,7250577625.15
IT,2023,I,20-249,TFP,1620.2939,13183786481.32,118134.9624,3065505497.71
IT,2023,I,250+,TFP,37.0389,7145738478.25,67775.1438,1661533325.14
IT,2023,I,mancante,TFP,1406.952,1051265430.0,12912.9078,244441152.0
IT,2023,J,1-19,Totale,19115.512,18738018041.52,148433.74,4654461719.72
IT,2023,J,20-249,Totale,501.2235,21848611797.42,107546.621,5427122922.75
IT,2023,J,250+,Totale,37.1645,48756500961.06,167940.591,12110953613.54
IT,2023,J,mancante,Totale,401.1,1823329200.0,8651.448,452908944.0
IT,2023,J,1-19,TFP,11469.3072,11242810824.91,89060.244,2792677031.83
IT,2023,J,20-249,TFP,300.7341,13109167078.45,64527.9726,3256273753.65
IT,2023,J,250+,TFP,22.2987,29253900576.63,100764.3546,7266572168.12
IT,2023,J,mancante,TFP,240.66,1093997520.0,5190.8688,271745366.4
IT,2023,K,1-19,Totale,10937.6811,341816818.78,103076.155,86194118.99
IT,2023,K,20-249,Totale,78.2789,598179432.86,36726.872,150839708.24
IT,2023,K,250+,Totale,15.41,769087842.25,199240.86,193936767.74
IT,2023,K,mancante,Totale,225.13,34879267.22,6919.263,8795318.26
IT,2023,K,1-19,TFP,6562.6087,205090091.27,61845.693,51716471.4
IT,2023,K,20-249,TFP,46.9673,358907659.71,22036.1232,90503824.94
IT,2023,K,250+,TFP,9.246,461452705.35,119544.516,116362060.64
IT,2023,K,mancante,TFP,135.078,20927560.33,4151.5578,5277190.96
IT,2023,L,1-19,Totale,15321.3084,30090531858.4,176599.969,1599629084.5
IT,2023,L,20-249,Totale,13.8846,2516317160.99,6213.298,133768792.64
IT,2023,L,250+,Totale,0.337,361561280.61,1749.839,19220794.87
IT,2023,L,mancante,Totale,312.97,672824700.0,3766.594,35767728.0
IT,2023,L,1-19,TFP,9192.785,18054319115.04,105959.9814,959777450.7
IT,2023,L,20-249,TFP,8.3308,1509790296.59,3727.9788,80261275.58
IT,2023,L,250+,TFP,0.2022,216936768.36,1049.9034,11532476.92
IT,2023,L,mancante,TFP,187.782,403694820.0,2259.9564,21460636.8
IT,2023,M,1-19,Totale,56116.0677,77931021000.0,757030.547,12680415865.22
IT,2023,M,20-249,Totale,209.2282,24889099200.0,112116.459,4049788188.54
IT,2023,M,250+,Totale,12.4541,25128591600.0,94697.057,4088756794.23
IT,2023,M,mancante,Totale,1149.75,2611198200.0,19670.287,424876752.0
IT,2023,M,1-19,TFP,33669.6406,46758612600.0,454218.3282,7608249519.13
IT,2023,M,20-249,TFP,125.5369,14933459520.0,67269.8754,2429872913.13
IT,2023,M,250+,TFP,7.4724,15077154960.0,56818.2342,2453254076.54
IT,2023,M,mancante,TFP,689.85,1566718920.0,11802.1722,254926051.2
IT,2023,N,1-19,Totale,29981.4231,30696052452.62,226129.904,9217947735.91
IT,2023,N,20-249,Totale,1006.324,26705892120.75,203385.182,8019712573.46
IT,2023,N,250+,Totale,95.4029,34784864476.62,553612.878,10445807754.63
IT,2023,N,mancante,Totale,634.35,1881363450.0,20063.836,564968736.0
IT,2023,N,1-19,TFP,17988.8539,18417631471.57,135677.9424,5530768641.54
IT,2023,N,20-249,TFP,603.7944,16023535272.45,122031.1092,4811827544.08
IT,2023,N,250+,TFP,57.2417,20870918685.97,332167.7268,6267484652.78
IT,2023,N,mancante,TFP,380.61,1128818070.0,12038.3016,338981241.6
IT,2023,O,1-19,Totale,2520.2025,526021968.25,4309.3214,25015797.78
IT,2023,O,20-249,Totale,385.4427,920538444.44,7541.3125,43777646.12
IT,2023,O,250+,Totale,59.2989,1183549428.56,9695.9732,56285545.01
IT,2023,O,mancante,Totale,60.5091,53675711.05,439.7267,2552632.43
IT,2023,O,1-19,TFP,1512.1215,315613180.95,2585.5929,15009478.67
IT,2023,O,20-249,TFP,231.2656,552323066.66,4524.7875,26266587.67
IT,2023,O,250+,TFP,35.5793,710129657.14,5817.5839,33771327.01
IT,2023,O,mancante,TFP,36.3054,32205426.63,263.836,1531579.46
IT,2023,P,1-19,Totale,5839.9433,3780134400.0,54971.189,984618533.58
IT,2023,P,20-249,Totale,132.0135,2054486700.0,31197.712,535135915.23
IT,2023,P,250+,Totale,2.1232,566824650.0,3889.522,147641855.19
IT,2023,P,mancante,Totale,121.92,130641750.0,1837.927,34028496.0
IT,2023,P,1-19,TFP,3503.966,2268080640.0,32982.7134,590771120.15
IT,2023,P,20-249,TFP,79.2081,1232692020.0,18718.6272,321081549.14
IT,2023,P,250+,TFP,1.2739,340094790.0,2333.7132,88585113.11
IT,2023,P,mancante,TFP,73.152,78385050.0,1102.7562,20417097.6
IT,2023,Q,1-19,Totale,37360.6019,27491021250.0,342428.268,6871893713.65
IT,2023,Q,20-249,Totale,417.4386,11087893950.0,154189.035,2771625980.7
IT,2023,Q,250+,Totale,40.6495,14405360550.0,188246.24,3600888657.65
IT,2023,Q,mancante,Totale,771.81,1081311750.0,13976.807,270294048.0
IT,2023,Q,1-19,TFP,22416.3611,16494612750.0,205456.9608,4123136228.19
IT,2023,Q,20-249,TFP,250.4632,6652736370.0,92513.421,1662975588.42
IT,2023,Q,250+,TFP,24.3897,8643216330.0,112947.744,2160533194.59
IT,2023,Q,mancante,TFP,463.086,648787050.0,8386.0842,162176428.8
IT,2023,R,1-19,Totale,10762.8619,8811596598.76,89489.582,1364056018.35
IT,2023,R,20-249,Totale,116.4466,10197027129.08,26259.051,1578523944.99
IT,2023,R,250+,Totale,4.5715,8536567022.15,16398.291,1321480788.66
IT,2023,R,mancante,Totale,222.12,562146750.0,2696.876,87021648.0
IT,2023,R,1-19,TFP,6457.7172,5286957959.26,53693.7492,818433611.01
IT,2023,R,20-249,TFP,69.8679,6118216277.45,15755.4306,947114366.99
IT,2023,R,250+,TFP,2.7429,5121940213.29,9838.9746,792888473.19
IT,2023,R,mancante,TFP,133.272,337288050.0,1618.1256,52212988.8
IT,2023,S,1-19,Totale,3886.9075,752408080.13,9595.9523,106492279.87
IT,2023,S,20-249,Totale,594.4682,1316714140.23,16792.9165,186361489.77
IT,2023,S,250+,Totale,91.4566,1692918180.3,21590.8926,239607629.7
IT,2023,S,mancante,Totale,93.3231,76776334.71,979.1788,10866559.17
IT,2023,S,1-19,TFP,2332.1445,451444848.08,5757.5714,63895367.92
IT,2023,S,20-249,TFP,356.6809,790028484.14,10075.7499,111816893.86
IT,2023,S,250+,TFP,54.874,1015750908.18,12954.5356,143764577.82
IT,2023,S,mancante,TFP,55.9939,46065800.82,587.5073,6519935.5
DE,2005,A,1-19,Totale,775.809,937634107.97,2235.8449,30008371.26
DE,2005,A,20-249,Totale,118.6531,1640859688.95,3912.7286,52514649.7
DE,2005,A,250+,Totale,18.2543,2109676742.93,5030.6511,67518835.33
DE,2005,A,mancante,Totale,18.6269,95676949.79,228.1474,3062078.7
DE,2005,A,1-19,TFP,465.4854,562580464.78,1341.507,18005022.75
DE,2005,A,20-249,TFP,71.1919,984515813.37,2347.6372,31508789.82
DE,2005,A,250+,TFP,10.9526,1265806045.76,3018.3906,40511301.2
DE,2005,A,mancante,TFP,11.1761,57406169.88,136.8885,1837247.22
DE,2005,B,1-19,Totale,657.0704,1548686160.0,9744.042,494201064.0
DE,2005,B,20-249,Totale,100.4931,2710200780.0,17052.0735,864851862.0
DE,2005,B,250+,Totale,15.4605,3484543860.0,21924.0945,1111952394.0
DE,2005,B,mancante,Totale,15.776,158029200.0,994.29,50428680.0
DE,2005,B,1-19,TFP,394.2422,929211696.0,5846.4252,296520638.4
DE,2005,B,20-249,TFP,60.2959,1626120468.0,10231.2441,518911117.2
DE,2005,B,250+,TFP,9.2763,2090726316.0,13154.4567,667171436.4
DE,2005,B,mancante,TFP,9.4656,94817520.0,596.574,30257208.0
DE,2005,C,1-19,Totale,62938.5619,52828562771.47,614584.0557,10012070010.49
DE,2005,C,20-249,Totale,12312.4049,213304160564.29,1212294.175,40425407716.23
DE,2005,C,250+,Totale,1522.6252,696015263464.24,2038543.0213,131908823193.27
DE,2005,C,mancante,Totale,1566.808,19635673200.0,78886.148,3721353080.0
DE,2005,C,1-19,TFP,37763.1372,31697137662.88,368750.4334,6007242006.3
DE,2005,C,20-249,TFP,7387.4429,127982496338.57,727376.505,24255244629.74
DE,2005,C,250+,TFP,913.5751,417609158078.54,1223125.8128,79145293915.96
DE,2005,C,mancante,TFP,940.0848,11781403920.0,47331.6888,2232811848.0
DE,2005,D,1-19,Totale,1092.896,26506404960.0,29937.138,1983727368.0
DE,2005,D,20-249,Totale,167.1488,46386208680.0,52389.9915,3471522894.0
DE,2005,D,250+,Totale,25.7152,59639411160.0,67358.5605,4463386578.0
DE,2005,D,mancante,Totale,26.24,2704735200.0,3054.81,202421160.0
DE,2005,D,1-19,TFP,655.7376,15903842976.0,17962.2828,1190236420.8
DE,2005,D,20-249,TFP,100.2893,27831725208.0,31433.9949,2082913736.4
DE,2005,D,250+,TFP,15.4291,35783646696.0,40415.1363,2678031946.8
DE,2005,D,mancante,TFP,15.744,1622841120.0,1832.886,121452696.0
DE,2005,E,1-19,Totale,3933.925,754590278.1,2702.3473,37198965.57
DE,2005,E,20-249,Totale,601.6591,1320532986.67,4729.1077,65098189.74
DE,2005,E,250+,Totale,92.5629,1697828125.72,6080.2813,83697672.53
DE,2005,E,mancante,Totale,94.452,76999007.97,275.7497,3795812.81
DE,2005,E,1-19,TFP,2360.355,452754166.86,1621.4084,22319379.34
DE,2005,E,20-249,TFP,360.9955,792319792.0,2837.4646,39058913.85
DE,2005,E,250+,TFP,55.5378,1018696875.43,3648.1688,50218603.52
DE,2005,E,mancante,TFP,56.6712,46199404.78,165.4498,2277487.69
DE,2005,F,1-19,Totale,66863.9104,16152018960.0,163367.127,4901972544.0
DE,2005,F,20-249,Totale,10226.2451,28266033180.0,285892.4722,8578451952.0
DE,2005,F,250+,Totale,1573.2685,36342042660.0,367576.0358,11029438224.0
DE,2005,F,mancante,Totale,1605.376,1648165200.0,16670.115,500201280.0
DE,2005,F,1-19,TFP,40118.3462,9691211376.0,98020.2762,2941183526.4
DE,2005,F,20-249,TFP,6135.7471,16959619908.0,171535.4834,5147071171.2
DE,2005,F,250+,TFP,943.9611,21805225596.0,220545.6215,6617662934.4
DE,2005,F,mancante,TFP,963.2256,988899120.0,10002.069,300120768.0
DE,2005,G,1-19,Totale,121354.772,142433262720.0,475476.3706,12163248440.0
DE,2005,G,20-249,Totale,18560.1416,249258209760.0,832083.6485,21285684770.0
DE,2005,G,250+,Totale,2855.4064,320474841120.0,1069821.8339,27367308990.0
DE,2005,G,mancante,Totale,2913.68,14534006400.0,48517.997,1241147800.0
DE,2005,G,1-19,TFP,72812.8632,85459957632.0,285285.8224,7297949064.0
DE,2005,G,20-249,TFP,11136.085,149554925856.0,499250.1891,12771410862.0
DE,2005,G,250+,TFP,1713.2438,192284904672.0,641893.1003,16420385394.0
DE,2005,G,mancante,TFP,1748.208,8720403840.0,29110.7982,744688680.0
DE,2005,H,1-19,Totale,26942.8852,32630072160.0,204819.7844,6915938792.0
DE,2005,H,20-249,Totale,4120.6766,57102626280.0,358434.6227,12102892886.0
DE,2005,H,250+,Totale,633.9502,73417662360.0,460844.5149,15560862282.0
DE,2005,H,mancante,Totale,646.888,3329599200.0,20899.978,705708040.0
DE,2005,H,1-19,TFP,16165.7311,19578043296.0,122891.8706,4149563275.2
DE,2005,H,20-249,TFP,2472.4059,34261575768.0,215060.7736,7261735731.6
DE,2005,H,250+,TFP,380.3701,44050597416.0,276506.7089,9336517369.2
DE,2005,H,mancante,TFP,388.1328,1997759520.0,12539.9868,423424824.0
DE,2005,I,1-19,Totale,42793.5424,5075380800.0,126764.2838,1416566480.0
DE,2005,I,20-249,Totale,6544.8947,8881916400.0,221837.4966,2478991340.0
DE,2005,I,250+,Totale,1006.9069,11419606800.0,285219.6386,3187274580.0
DE,2005,I,mancante,Totale,1027.456,517896000.0,12935.131,144547600.0
DE,2005,I,1-19,TFP,25676.1254,3045228480.0,76058.5703,849939888.0
DE,2005,I,20-249,TFP,3926.9368,5329149840.0,133102.498,1487394804.0
DE,2005,I,250+,TFP,604.1441,6851764080.0,171131.7831,1912364748.0
DE,2005,I,mancante,TFP,616.4736,310737600.0,7761.0786,86728560.0
DE,2005,J,1-19,Totale,868.0406,700925843.94,9398.3581,71267132.68
DE,2005,J,20-249,Totale,132.7592,1226620226.89,16447.1267,124717482.19
DE,2005,J,250+,Totale,20.4245,1577083148.86,21146.3058,160351048.53
DE,2005,J,mancante,Totale,20.8413,71523045.3,959.0161,7272156.4
DE,2005,J,1-19,TFP,520.8244,420555506.36,5639.0149,42760279.61
DE,2005,J,20-249,TFP,79.6555,735972136.13,9868.276,74830489.32
DE,2005,J,250+,TFP,12.2547,946249889.32,12687.7835,96210629.12
DE,2005,J,mancante,TFP,12.5048,42913827.18,575.4097,4363293.84
DE,2005,K,1-19,Totale,12443.0208,218647693.79,9256.1994,45341102.02
DE,2005,K,20-249,Totale,1903.0502,382633464.12,16198.3489,79346928.54
DE,2005,K,250+,Totale,292.777,491957311.02,20826.4486,102017479.55
DE,2005,K,mancante,Totale,298.752,22310989.16,944.5101,4626643.06
DE,2005,K,1-19,TFP,7465.8125,131188616.27,5553.7196,27204661.21
DE,2005,K,20-249,TFP,1141.8301,229580078.47,9719.0094,47608157.12
DE,2005,K,250+,TFP,175.6662,295174386.61,12495.8692,61210487.73
DE,2005,K,mancante,TFP,179.2512,13386593.5,566.7061,2775985.84
DE,2005,L,1-19,Totale,101830.5848,45828402480.0,445271.4574,12257739256.0
DE,2005,L,20-249,Totale,15574.0894,80199704340.0,779225.0505,21451043698.0
DE,2005,L,250+,Totale,2396.0138,103113905580.0,1001860.7792,27579913326.0
DE,2005,L,mancante,Totale,2444.912,4676367600.0,45435.863,1250789720.0
DE,2005,L,1-19,TFP,61098.3509,27497041488.0,267162.8744,7354643553.6
DE,2005,L,20-249,TFP,9344.4537,48119822604.0,467535.0303,12870626218.8
DE,2005,L,250+,TFP,1437.6083,61868343348.0,601116.4675,16547947995.6
DE,2005,L,mancante,TFP,1466.9472,2805820560.0,27261.5178,750473832.0
DE,2005,M,1-19,Totale,314.6286,805674596.67,2229.0044,154905752.39
DE,2005,M,20-249,Totale,48.1197,1409930544.17,3900.7577,271085066.69
DE,2005,M,250+,Totale,7.403,1812767842.5,5015.2599,348537942.89
DE,2005,M,mancante,Totale,7.5541,82211693.54,227.4494,15806709.43
DE,2005,M,1-19,TFP,188.7772,483404758.0,1337.4026,92943451.44
DE,2005,M,20-249,TFP,28.8718,845958326.5,2340.4546,162651040.01
DE,2005,M,250+,TFP,4.4418,1087660705.5,3009.1559,209122765.73
DE,2005,M,mancante,TFP,4.5325,49327016.12,136.4697,9484025.66
DE,2005,N,1-19,Totale,3747.5536,434410155.63,4056.1453,172674763.86
DE,2005,N,20-249,Totale,573.1553,760217772.36,7098.2542,302180836.76
DE,2005,N,250+,Totale,88.1777,977422850.17,9126.3269,388518218.69
DE,2005,N,mancante,Totale,89.9773,44327566.9,413.8924,17619873.86
DE,2005,N,1-19,TFP,2248.5322,260646093.38,2433.6872,103604858.32
DE,2005,N,20-249,TFP,343.8932,456130663.41,4258.9525,181308502.06
DE,2005,N,250+,TFP,52.9066,586453710.1,5475.7961,233110931.21
DE,2005,N,mancante,TFP,53.9864,26596540.14,248.3354,10571924.32
DE,2005,O,1-19,Totale,2696.0549,437086516.47,4274.6539,131734800.87
DE,2005,O,20-249,Totale,412.3378,764901403.82,7480.6444,230535901.51
DE,2005,O,250+,Totale,63.4366,983444662.05,9617.9713,296403301.95
DE,2005,O,mancante,Totale,64.7312,44600664.95,436.1892,13442326.62
DE,2005,O,1-19,TFP,1617.6329,262251909.88,2564.7924,79040880.52
DE,2005,O,20-249,TFP,247.4027,458940842.29,4488.3866,138321540.91
DE,2005,O,250+,TFP,38.062,590066797.23,5770.7828,177841981.17
DE,2005,O,mancante,TFP,38.8387,26760398.97,261.7135,8065395.97
DE,2005,P,1-19,Totale,3759.6229,886642512.07,6795.809,100400901.42
DE,2005,P,20-249,Totale,575.0011,1551624396.13,11892.6657,175701577.49
DE,2005,P,250+,Totale,88.4617,1994945652.16,15290.5702,225902028.2
DE,2005,P,mancante,Totale,90.2671,90473725.72,693.4499,10244989.94
DE,2005,P,1-19,TFP,2255.7737,531985507.24,4077.4854,60240540.85
DE,2005,P,20-249,TFP,345.0007,930974637.68,7135.5994,105420946.5
DE,2005,P,250+,TFP,53.077,1196967391.3,9174.3421,135541216.92
DE,2005,P,mancante,TFP,54.1602,54284235.43,416.0699,6146993.96
DE,2005,Q,1-19,Totale,2081.3407,389935206.65,3724.9561,74704613.19
DE,2005,Q,20-249,Totale,318.3227,682386611.63,6518.6731,130733073.08
DE,2005,Q,250+,Totale,48.9727,877354214.95,8381.1511,168085379.67
DE,2005,Q,mancante,Totale,49.9722,39789306.8,380.0976,7622919.71
DE,2005,Q,1-19,TFP,1248.8044,233961123.99,2234.9736,44822767.91
DE,2005,Q,20-249,TFP,190.9936,409431966.98,3911.2039,78439843.85
DE,2005,Q,250+,TFP,29.3836,526412528.97,5028.6907,100851227.8
DE,2005,Q,mancante,TFP,29.9833,23873584.08,228.0585,4573751.83
DE,2005,R,1-19,Totale,1075.9084,128631354.28,4545.7165,69245634.81
DE,2005,R,20-249,Totale,164.5507,225104869.99,7955.0038,121179860.92
DE,2005,R,250+,Totale,25.3155,289420547.13,10227.8621,155802678.32
DE,2005,R,mancante,Totale,25.8321,13125648.4,463.8486,7065881.1
DE,2005,R,1-19,TFP,645.545,77178812.57,2727.4299,41547380.89
DE,2005,R,20-249,TFP,98.7304,135062921.99,4773.0023,72707916.55
DE,2005,R,250+,TFP,15.1893,173652328.28,6136.7172,93481606.99
DE,2005,R,mancante,TFP,15.4993,7875389.04,278.3092,4239528.66
DE,2005,S,1-19,Totale,4086.4022,316230562.12,7855.6139,80060679.02
DE,2005,S,20-249,Totale,624.9792,553403483.71,13747.3244,140106188.28
DE,2005,S,250+,Totale,96.1506,711518764.77,17675.1313,180136527.79
DE,2005,S,mancante,Totale,98.1129,32268424.71,801.5933,8169457.04
DE,2005,S,1-19,TFP,2451.8413,189738337.27,4713.3684,48036407.41
DE,2005,S,20-249,TFP,374.9875,332042090.22,8248.3946,84063712.97
DE,2005,S,250+,TFP,57.6904,426911258.86,10605.0788,108081916.67
DE,2005,S,mancante,TFP,58.8677,19361054.82,480.956,4901674.23
DE,2006,A,1-19,Totale,3456.8083,462047133.02,6896.7815,67482436.17
DE,2006,A,20-249,Totale,528.6883,808582482.79,12069.3677,118094263.3
DE,2006,A,250+,Totale,81.3367,1039606049.3,15517.7584,151835481.39
DE,2006,A,mancante,Totale,82.9966,47147666.63,703.7532,6885962.87
DE,2006,A,1-19,TFP,2074.085,277228279.81,4138.0689,40489461.7
DE,2006,A,20-249,TFP,317.213,485149489.67,7241.6206,70856557.98
DE,2006,A,250+,TFP,48.802,623763629.58,9310.6551,91101288.83
DE,2006,A,mancante,TFP,49.798,28288599.98,422.2519,4131577.72
DE,2006,B,1-19,Totale,644.4088,1689535680.0,9442.6332,483787976.0
DE,2006,B,20-249,Totale,98.5566,2956687440.0,16524.6081,846628958.0
DE,2006,B,250+,Totale,15.1626,3801455280.0,21245.9247,1088522946.0
DE,2006,B,mancante,Totale,15.472,172401600.0,963.534,49366120.0
DE,2006,B,1-19,TFP,386.6453,1013721408.0,5665.5799,290272785.6
DE,2006,B,20-249,TFP,59.134,1774012464.0,9914.7649,507977374.8
DE,2006,B,250+,TFP,9.0975,2280873168.0,12747.5548,653113767.6
DE,2006,B,mancante,TFP,9.2832,103440960.0,578.1204,29619672.0
DE,2006,C,1-19,Totale,62284.3242,59963005200.0,571579.855,10742847438.99
DE,2006,C,20-249,Totale,12673.4119,232874460000.0,1223544.014,41721304458.84
DE,2006,C,250+,Totale,1589.6719,746488402800.0,2036550.593,133739311422.18
DE,2006,C,mancante,Totale,1562.192,21210732000.0,78197.438,3800070680.0
DE,2006,C,1-19,TFP,37370.5945,35977803120.0,342947.913,6445708463.39
DE,2006,C,20-249,TFP,7604.0472,139724676000.0,734126.4084,25032782675.3
DE,2006,C,250+,TFP,953.8031,447893041680.0,1221930.3558,80243586853.31
DE,2006,C,mancante,TFP,937.3152,12726439200.0,46918.4628,2280042408.0
DE,2006,D,1-19,Totale,1266.16,31471723920.0,29777.1628,2182042128.0
DE,2006,D,20-249,Totale,193.648,55075516860.0,52110.0349,3818573724.0
DE,2006,D,250+,Totale,29.792,70811378820.0,66998.6163,4909594788.0
DE,2006,D,mancante,Totale,30.4,3211400400.0,3038.486,222657360.0
DE,2006,D,1-19,TFP,759.696,18883034352.0,17866.2977,1309225276.8
DE,2006,D,20-249,TFP,116.1888,33045310116.0,31266.0209,2291144234.4
DE,2006,D,250+,TFP,17.8752,42486827292.0,40199.1698,2945756872.8
DE,2006,D,mancante,TFP,18.24,1926840240.0,1823.0916,133594416.0
DE,2006,E,1-19,Totale,611.2929,285927678.72,2838.8966,65466877.2
DE,2006,E,20-249,Totale,93.4919,500373437.76,4968.069,114567035.1
DE,2006,E,250+,Totale,14.3834,643337277.12,6387.5173,147300473.7
DE,2006,E,mancante,Totale,14.6769,29176293.75,289.6833,6680293.59
DE,2006,E,1-19,TFP,366.7757,171556607.23,1703.3379,39280126.32
DE,2006,E,20-249,TFP,56.0951,300224062.66,2980.8414,68740221.06
DE,2006,E,250+,TFP,8.63,386002366.27,3832.5104,88380284.22
DE,2006,E,mancante,TFP,8.8061,17505776.25,173.81,4008176.16
DE,2006,F,1-19,Totale,68440.2796,18021129840.0,161566.328,4888933448.0
DE,2006,F,20-249,Totale,10467.3369,31536977220.0,282741.074,8555633534.0
DE,2006,F,250+,Totale,1610.3595,40547542140.0,363524.238,11000100258.0
DE,2006,F,mancante,Totale,1643.224,1838890800.0,16486.36,498870760.0
DE,2006,F,1-19,TFP,41064.1678,10812677904.0,96939.7968,2933360068.8
DE,2006,F,20-249,TFP,6280.4021,18922186332.0,169644.6444,5133380120.4
DE,2006,F,250+,TFP,966.2157,24328525284.0,218114.5428,6600060154.8
DE,2006,F,mancante,TFP,985.9344,1103334480.0,9891.816,299322456.0
DE,2006,G,1-19,Totale,122322.0516,159092196480.0,515714.7688,13258259672.0
DE,2006,G,20-249,Totale,18708.0785,278411343840.0,902500.8454,23201954426.0
DE,2006,G,250+,Totale,2878.1659,357957442080.0,1160358.2298,29831084262.0
DE,2006,G,mancante,Totale,2936.904,16233897600.0,52623.956,1352883640.0
DE,2006,G,1-19,TFP,73393.231,95455317888.0,309428.8613,7954955803.2
DE,2006,G,20-249,TFP,11224.8471,167046806304.0,541500.5072,13921172655.6
DE,2006,G,250+,TFP,1726.8996,214774465248.0,696214.9379,17898650557.2
DE,2006,G,mancante,TFP,1762.1424,9740338560.0,31574.3736,811730184.0
DE,2006,H,1-19,Totale,27352.388,34565615280.0,211964.3372,6906548824.0
DE,2006,H,20-249,Totale,4183.3064,60489826740.0,370937.5901,12086460442.0
DE,2006,H,250+,Totale,643.5856,77772634380.0,476919.7587,15539734854.0
DE,2006,H,mancante,Totale,656.72,3527103600.0,21629.014,704749880.0
DE,2006,H,1-19,TFP,16411.4328,20739369168.0,127178.6023,4143929294.4
DE,2006,H,20-249,TFP,2509.9838,36293896044.0,222562.5541,7251876265.2
DE,2006,H,250+,TFP,386.1514,46663580628.0,286151.8552,9323840912.4
DE,2006,H,mancante,TFP,394.032,2116262160.0,12977.4084,422849928.0
DE,2006,I,1-19,Totale,42934.8192,5761059360.0,141825.0218,1582618856.0
DE,2006,I,20-249,Totale,6566.5018,10081853880.0,248193.7882,2769582998.0
DE,2006,I,250+,Totale,1010.231,12962383560.0,319106.2991,3560892426.0
DE,2006,I,mancante,Totale,1030.848,587863200.0,14471.941,161491720.0
DE,2006,I,1-19,TFP,25760.8915,3456635616.0,85095.0131,949571313.6
DE,2006,I,20-249,TFP,3939.9011,6049112328.0,148916.2729,1661749798.8
DE,2006,I,250+,TFP,606.1386,7777430136.0,191463.7794,2136535455.6
DE,2006,I,mancante,TFP,618.5088,352717920.0,8683.1646,96895032.0
DE,2006,J,1-19,Totale,2271.9633,760025250.17,4340.2773,39348208.69
DE,2006,J,20-249,Totale,347.4767,1330044187.79,7595.4852,68859365.21
DE,2006,J,250+,Totale,53.458,1710056812.88,9765.6238,88533469.56
DE,2006,J,mancante,Totale,54.5489,77553596.96,442.8854,4015123.34
DE,2006,J,1-19,TFP,1363.178,456015150.1,2604.1664,23608925.22
DE,2006,J,20-249,TFP,208.486,798026512.68,4557.2911,41315619.13
DE,2006,J,250+,TFP,32.0748,1026034087.73,5859.3743,53120081.73
DE,2006,J,mancante,TFP,32.7294,46532158.17,265.7313,2409074.0
DE,2006,K,1-19,Totale,12990.4684,528700199.46,5048.427,131319939.11
DE,2006,K,20-249,Totale,1986.7775,925225349.05,8834.7473,229809893.45
DE,2006,K,250+,Totale,305.6581,1189575448.78,11358.9608,295469863.0
DE,2006,K,mancante,Totale,311.896,53948999.94,515.1456,13399993.79
DE,2006,K,1-19,TFP,7794.281,317220119.67,3029.0562,78791963.47
DE,2006,K,20-249,TFP,1192.0665,555135209.43,5300.8484,137885936.07
DE,2006,K,250+,TFP,183.3948,713745269.27,6815.3765,177281917.8
DE,2006,K,mancante,TFP,187.1376,32369399.97,309.0874,8039996.27
DE,2006,L,1-19,Totale,106093.2124,49907276160.0,481129.2948,13195485576.0
DE,2006,L,20-249,Totale,16226.0207,87337733280.0,841976.2659,23092099758.0
DE,2006,L,250+,Totale,2496.3109,112291371360.0,1082540.9133,29689842546.0
DE,2006,L,mancante,Totale,2547.256,5092579200.0,49094.826,1346478120.0
DE,2006,L,1-19,TFP,63655.9274,29944365696.0,288677.5769,7917291345.6
DE,2006,L,20-249,TFP,9735.6124,52402639968.0,505185.7595,13855259854.8
DE,2006,L,250+,TFP,1497.7865,67374822816.0,649524.548,17813905527.6
DE,2006,L,mancante,TFP,1528.3536,3055547520.0,29456.8956,807886872.0
DE,2006,M,1-19,Totale,4067.4144,156680906.02,4920.6112,27691580.66
DE,2006,M,20-249,Totale,622.0751,274191585.54,8611.0696,48460266.16
DE,2006,M,250+,Totale,95.7039,352532038.55,11071.3752,62306056.49
DE,2006,M,mancante,Totale,97.657,15987847.55,502.1032,2825671.5
DE,2006,M,1-19,TFP,2440.4487,94008543.61,2952.3667,16614948.4
DE,2006,M,20-249,TFP,373.2451,164514951.32,5166.6418,29076159.7
DE,2006,M,250+,TFP,57.4223,211519223.13,6642.8251,37383633.9
DE,2006,M,mancante,TFP,58.5942,9592708.53,301.2619,1695402.9
DE,2006,N,1-19,Totale,797.5525,680031131.25,1820.8554,163787545.74
DE,2006,N,20-249,Totale,121.9786,1190054479.68,3186.4969,286628205.05
DE,2006,N,250+,Totale,18.7659,1530070045.31,4096.9245,368521977.93
DE,2006,N,mancante,Totale,19.1489,69390931.76,185.8016,16713014.87
DE,2006,N,1-19,TFP,478.5315,408018678.75,1092.5132,98272527.45
DE,2006,N,20-249,TFP,73.1872,714032687.81,1911.8981,171976923.03
DE,2006,N,250+,TFP,11.2596,918042027.18,2458.1547,221113186.76
DE,2006,N,mancante,TFP,11.4894,41634559.06,111.4809,10027808.92
DE,2006,O,1-19,Totale,3068.692,410747362.57,652.0746,77814267.24
DE,2006,O,20-249,Totale,469.3294,718807884.49,1141.1306,136174967.67
DE,2006,O,250+,Totale,72.2045,924181565.77,1467.1679,175082101.29
DE,2006,O,mancante,Totale,73.6781,41912996.18,66.5382,7940231.35
DE,2006,O,1-19,TFP,1841.2152,246448417.54,391.2448,46688560.34
DE,2006,O,20-249,TFP,281.5976,431284730.69,684.6784,81704980.6
DE,2006,O,250+,TFP,43.3227,554508939.46,880.3008,105049260.78
DE,2006,O,mancante,TFP,44.2068,25147797.71,39.9229,4764138.81
DE,2006,P,1-19,Totale,3358.1618,205489491.99,7658.1598,86566488.04
DE,2006,P,20-249,Totale,513.6012,359606610.98,13401.7797,151491354.07
DE,2006,P,250+,Totale,79.0156,462351356.98,17230.8596,194774598.09
DE,2006,P,mancante,Totale,80.6281,20968315.51,781.4449,8833315.11
DE,2006,P,1-19,TFP,2014.8971,123293695.19,4594.8959,51939892.82
DE,2006,P,20-249,TFP,308.1607,215763966.59,8041.0678,90894812.44
DE,2006,P,250+,TFP,47.4093,277410814.19,10338.5157,116864758.85
DE,2006,P,mancante,TFP,48.3769,12580989.31,468.8669,5299989.06
DE,2006,Q,1-19,Totale,280.1245,251403960.27,8862.1381,133634729.97
DE,2006,Q,20-249,Totale,42.8426,439956930.48,15508.7417,233860777.44
DE,2006,Q,250+,Totale,6.5912,565658910.62,19939.8107,300678142.43
DE,2006,Q,mancante,Totale,6.7257,25653465.33,904.2998,13636196.94
DE,2006,Q,1-19,TFP,168.0747,150842376.16,5317.2829,80180837.98
DE,2006,Q,20-249,TFP,25.7055,263974158.29,9305.245,140316466.47
DE,2006,Q,250+,TFP,3.9547,339395346.37,11963.8864,180406885.46
DE,2006,Q,mancante,TFP,4.0354,15392079.2,542.5799,8181718.16
DE,2006,R,1-19,Totale,1566.025,520697129.19,825.3604,132881689.66
DE,2006,R,20-249,Totale,239.5097,911219976.08,1444.3806,232542956.9
DE,2006,R,250+,Totale,36.8476,1171568540.68,1857.0608,298983801.73
DE,2006,R,mancante,Totale,37.5996,53132360.12,84.2204,13559356.09
DE,2006,R,1-19,TFP,939.615,312418277.51,495.2162,79729013.8
DE,2006,R,20-249,TFP,143.7058,546731985.65,866.6284,139525774.14
DE,2006,R,250+,TFP,22.1086,702941124.41,1114.2365,179390281.04
DE,2006,R,mancante,TFP,22.5598,31879416.07,50.5323,8135613.65
DE,2006,S,1-19,Totale,3391.0094,780803655.42,8671.8594,47254015.92
DE,2006,S,20-249,Totale,518.625,1366406396.99,15175.754,82694527.86
DE,2006,S,250+,Totale,79.7885,1756808224.7,19511.6837,106321535.82
DE,2006,S,mancante,Totale,81.4168,79673842.39,884.8836,4821838.36
DE,2006,S,1-19,TFP,2034.6056,468482193.25,5203.1156,28352409.55
DE,2006,S,20-249,TFP,311.175,819843838.2,9105.4524,49616716.72
DE,2006,S,250+,TFP,47.8731,1054084934.82,11707.0102,63792921.49
DE,2006,S,mancante,TFP,48.8501,47804305.43,530.9302,2893103.02
DE,2007,A,1-19,Totale,4059.3934,438242643.5,3867.4169,122198001.29
DE,2007,A,20-249,Totale,620.8484,766924626.12,6767.9795,213846502.25
DE,2007,A,250+,Totale,95.5151,986045947.87,8701.688,274945502.9
DE,2007,A,mancante,Totale,97.4644,44718637.09,394.6344,12469183.8
DE,2007,A,1-19,TFP,2435.6361,262945586.1,2320.4501,73318800.77
DE,2007,A,20-249,TFP,372.509,460154775.67,4060.7877,128307901.35
DE,2007,A,250+,TFP,57.3091,591627568.72,5221.0128,164967301.74
DE,2007,A,mancante,TFP,58.4787,26831182.25,236.7806,7481510.28
DE,2007,B,1-19,Totale,626.7492,1715031360.0,9038.9222,480889136.0
DE,2007,B,20-249,Totale,95.8558,3001304880.0,15818.1138,841555988.0
DE,2007,B,250+,Totale,14.747,3858820560.0,20337.575,1082000556.0
DE,2007,B,mancante,Totale,15.048,175003200.0,922.339,49070320.0
DE,2007,B,1-19,TFP,376.0495,1029018816.0,5423.3533,288533481.6
DE,2007,B,20-249,TFP,57.5135,1800782928.0,9490.8683,504933592.8
DE,2007,B,250+,TFP,8.8482,2315292336.0,12202.545,649200333.6
DE,2007,B,mancante,TFP,9.0288,105001920.0,553.4034,29442192.0
DE,2007,C,1-19,Totale,62231.2515,62630937600.0,582117.844,10800914399.81
DE,2007,C,20-249,Totale,12305.1833,248883289200.0,1255203.796,42920754585.54
DE,2007,C,250+,Totale,1593.4932,793053945600.0,2066936.718,136764802014.65
DE,2007,C,mancante,Totale,1553.672,22542207600.0,79678.742,3887479000.0
DE,2007,C,1-19,TFP,37338.7509,37578562560.0,349270.7064,6480548639.89
DE,2007,C,20-249,TFP,7383.11,149329973520.0,753122.2776,25752452751.32
DE,2007,C,250+,TFP,956.0959,475832367360.0,1240162.0308,82058881208.79
DE,2007,C,mancante,TFP,932.2032,13525324560.0,47807.2452,2332487400.0
DE,2007,D,1-19,Totale,1425.0964,35151286800.0,29371.6192,1966220648.0
DE,2007,D,20-249,Totale,217.9559,61514751900.0,51400.3336,3440886134.0
DE,2007,D,250+,Totale,33.5317,79090395300.0,66086.1432,4423996458.0
DE,2007,D,mancante,Totale,34.216,3586866000.0,2997.104,200634760.0
DE,2007,D,1-19,TFP,855.0578,21090772080.0,17622.9715,1179732388.8
DE,2007,D,20-249,TFP,130.7736,36908851140.0,30840.2002,2064531680.4
DE,2007,D,250+,TFP,20.119,47454237180.0,39651.6859,2654397874.8
DE,2007,D,mancante,TFP,20.5296,2152119600.0,1798.2624,120380856.0
DE,2007,E,1-19,Totale,537.976,699954300.73,2319.106,19668535.21
DE,2007,E,20-249,Totale,82.2787,1224920026.28,4058.4355,34419936.62
DE,2007,E,250+,Totale,12.6583,1574897176.64,5217.9885,44254204.23
DE,2007,E,mancante,Totale,12.9166,71423908.24,236.6435,2006993.39
DE,2007,E,1-19,TFP,322.7856,419972580.44,1391.4636,11801121.13
DE,2007,E,20-249,TFP,49.3672,734952015.77,2435.0613,20651961.97
DE,2007,E,250+,TFP,7.595,944938305.99,3130.7931,26552522.54
DE,2007,E,mancante,TFP,7.75,42854344.94,141.9861,1204196.03
DE,2007,F,1-19,Totale,67775.8788,16916536560.0,164044.7578,5161901864.0
DE,2007,F,20-249,Totale,10365.7226,29603938980.0,287078.3261,9033328262.0
DE,2007,F,250+,Totale,1594.7266,38062207260.0,369100.7051,11614279194.0
DE,2007,F,mancante,Totale,1627.272,1726177200.0,16739.261,526724680.0
DE,2007,F,1-19,TFP,40665.5273,10149921936.0,98426.8547,3097141118.4
DE,2007,F,20-249,TFP,6219.4336,17762363388.0,172246.9957,5419996957.2
DE,2007,F,250+,TFP,956.8359,22837324356.0,221460.423,6968567516.4
DE,2007,F,mancante,TFP,976.3632,1035706320.0,10043.5566,316034808.0
DE,2007,G,1-19,Totale,109660.1184,163680395760.0,530197.2676,13619818912.0
DE,2007,G,20-249,Totale,16771.5475,286440692580.0,927845.2183,23834683096.0
DE,2007,G,250+,Totale,2580.2381,368280890460.0,1192943.8521,30644592552.0
DE,2007,G,mancante,Totale,2632.896,16702081200.0,54101.762,1389777440.0
DE,2007,G,1-19,TFP,65796.071,98208237456.0,318118.3606,8171891347.2
DE,2007,G,20-249,TFP,10062.9285,171864415548.0,556707.131,14300809857.6
DE,2007,G,250+,TFP,1548.1428,220968534276.0,715766.3113,18386755531.2
DE,2007,G,mancante,TFP,1579.7376,10021248720.0,32461.0572,833866464.0
DE,2007,H,1-19,Totale,27741.2324,36764723520.0,217356.601,7185417232.0
DE,2007,H,20-249,Totale,4242.7767,64338266160.0,380374.0517,12574480156.0
DE,2007,H,250+,Totale,652.7349,82720627920.0,489052.3522,16167188772.0
DE,2007,H,mancante,Totale,666.056,3751502400.0,22179.245,733205840.0
DE,2007,H,1-19,TFP,16644.7394,22058834112.0,130413.9606,4311250339.2
DE,2007,H,20-249,TFP,2545.666,38602959696.0,228224.431,7544688093.6
DE,2007,H,250+,TFP,391.6409,49632376752.0,293431.4114,9700313263.2
DE,2007,H,mancante,TFP,399.6336,2250901440.0,13307.547,439923504.0
DE,2007,I,1-19,Totale,43009.7892,6037631040.0,149468.473,1665161904.0
DE,2007,I,20-249,Totale,6577.9678,10565854320.0,261569.8278,2914033332.0
DE,2007,I,250+,Totale,1011.995,13584669840.0,336304.0643,3746614284.0
DE,2007,I,mancante,Totale,1032.648,616084800.0,15251.885,169914480.0
DE,2007,I,1-19,TFP,25805.8735,3622578624.0,89681.0838,999097142.4
DE,2007,I,20-249,TFP,3946.7807,6339512592.0,156941.8967,1748419999.2
DE,2007,I,250+,TFP,607.197,8150801904.0,201782.4386,2247968570.4
DE,2007,I,mancante,TFP,619.5888,369650880.0,9151.131,101948688.0
DE,2007,J,1-19,Totale,3945.9851,357915552.96,858.0077,29997001.15
DE,2007,J,20-249,Totale,603.5036,626352217.67,1501.5135,52494752.02
DE,2007,J,250+,Totale,92.8467,805309994.15,1930.5173,67493252.6
DE,2007,J,mancante,Totale,94.7415,36521995.2,87.5518,3060918.49
DE,2007,J,1-19,TFP,2367.5911,214749331.77,514.8046,17998200.69
DE,2007,J,20-249,TFP,362.1022,375811330.6,900.9081,31496851.21
DE,2007,J,250+,TFP,55.708,483185996.49,1158.3104,40495951.56
DE,2007,J,mancante,TFP,56.8449,21913197.12,52.5311,1836551.09
DE,2007,K,1-19,Totale,13328.3332,231773709.15,3403.0057,171041692.14
DE,2007,K,20-249,Totale,2038.451,405603991.01,5955.26,299322961.25
DE,2007,K,250+,Totale,313.6078,521490845.58,7656.7629,384843807.32
DE,2007,K,mancante,Totale,320.008,23650378.48,347.2455,17453233.89
DE,2007,K,1-19,TFP,7996.9999,139064225.49,2041.8034,102625015.29
DE,2007,K,20-249,TFP,1223.0706,243362394.6,3573.156,179593776.75
DE,2007,K,250+,TFP,188.1647,312894507.35,4594.0577,230906284.39
DE,2007,K,mancante,TFP,192.0048,14190227.09,208.3473,10471940.34
DE,2007,L,1-19,Totale,108695.8376,53088485520.0,512740.1356,14356363000.0
DE,2007,L,20-249,Totale,16624.0693,92904849660.0,897295.2373,25123635250.0
DE,2007,L,250+,Totale,2557.5491,119449092420.0,1153665.3051,32301816750.0
DE,2007,L,mancante,Totale,2609.744,5417192400.0,52320.422,1464935000.0
DE,2007,L,1-19,TFP,65217.5026,31853091312.0,307644.0814,8613817800.0
DE,2007,L,20-249,TFP,9974.4416,55742909796.0,538377.1424,15074181150.0
DE,2007,L,250+,TFP,1534.5295,71669455452.0,692199.1831,19381090050.0
DE,2007,L,mancante,TFP,1565.8464,3250315440.0,31392.2532,878961000.0
DE,2007,M,1-19,Totale,2801.9576,568721034.13,6848.5355,64695160.3
DE,2007,M,20-249,Totale,428.5347,995261809.73,11984.9371,113216530.52
DE,2007,M,250+,Totale,65.9284,1279622326.8,15409.2049,145564110.67
DE,2007,M,mancante,Totale,67.2739,58032758.58,698.8302,6601546.97
DE,2007,M,1-19,TFP,1681.1746,341232620.48,4109.1213,38817096.18
DE,2007,M,20-249,TFP,257.1208,597157085.84,7190.9623,67929918.31
DE,2007,M,250+,TFP,39.557,767773396.08,9245.5229,87338466.4
DE,2007,M,mancante,TFP,40.3643,34819655.15,419.2981,3960928.18
DE,2007,N,1-19,Totale,3061.1129,241815572.15,3519.8415,161756703.95
DE,2007,N,20-249,Totale,468.1702,423177251.26,6159.7227,283074231.92
DE,2007,N,250+,Totale,72.0262,544085037.34,7919.6435,363952583.9
DE,2007,N,mancante,Totale,73.4961,24675058.38,359.1675,16505786.12
DE,2007,N,1-19,TFP,1836.6677,145089343.29,2111.9049,97054022.37
DE,2007,N,20-249,TFP,280.9021,253906350.76,3695.8336,169844539.15
DE,2007,N,250+,TFP,43.2157,326451022.4,4751.7861,218371550.34
DE,2007,N,mancante,TFP,44.0977,14805035.03,215.5005,9903471.67
DE,2007,O,1-19,Totale,1707.2128,505680912.28,4593.5724,135991005.46
DE,2007,O,20-249,Totale,261.1031,884941596.5,8038.7517,237984259.56
DE,2007,O,250+,Totale,40.1697,1137782052.64,10335.5379,305979762.29
DE,2007,O,mancante,Totale,40.9895,51600093.09,468.7319,13876633.21
DE,2007,O,1-19,TFP,1024.3277,303408547.37,2756.1434,81594603.28
DE,2007,O,20-249,TFP,156.6619,530964957.9,4823.251,142790555.73
DE,2007,O,250+,TFP,24.1018,682669231.58,6201.3227,183587857.37
DE,2007,O,mancante,TFP,24.5937,30960055.85,281.2391,8325979.93
DE,2007,P,1-19,Totale,1962.6692,479465605.71,5648.2912,107368642.7
DE,2007,P,20-249,Totale,300.1729,839064810.0,9884.5097,187895124.72
DE,2007,P,250+,Totale,46.1805,1078797612.86,12708.6553,241579446.07
DE,2007,P,mancante,Totale,47.1229,48925061.81,576.3562,10955983.95
DE,2007,P,1-19,TFP,1177.6015,287679363.43,3388.9747,64421185.62
DE,2007,P,20-249,TFP,180.1038,503438886.0,5930.7058,112737074.83
DE,2007,P,250+,TFP,27.7083,647278567.71,7625.1932,144947667.64
DE,2007,P,mancante,TFP,28.2737,29355037.08,345.8137,6573590.37
DE,2007,Q,1-19,Totale,746.7979,631165293.97,1635.3087,135460560.57
DE,2007,Q,20-249,Totale,114.2161,1104539264.45,2861.7902,237055980.99
DE,2007,Q,250+,Totale,17.5717,1420121911.43,3679.4445,304786261.27
DE,2007,Q,mancante,Totale,17.9303,64404621.83,166.8682,13822506.18
DE,2007,Q,1-19,TFP,448.0787,378699176.38,981.1852,81276336.34
DE,2007,Q,20-249,TFP,68.5297,662723558.67,1717.0741,142233588.59
DE,2007,Q,250+,TFP,10.543,852073146.86,2207.6667,182871756.76
DE,2007,Q,mancante,TFP,10.7582,38642773.1,100.1209,8293503.71
DE,2007,R,1-19,Totale,1786.8226,811179948.61,5696.2572,166336570.16
DE,2007,R,20-249,Totale,273.2788,1419564910.07,9968.4501,291088997.79
DE,2007,R,250+,Totale,42.0429,1825154884.38,12816.5786,374257282.87
DE,2007,R,mancante,Totale,42.9009,82773464.14,581.2507,16973119.4
DE,2007,R,1-19,TFP,1072.0936,486707969.17,3417.7543,99801942.1
DE,2007,R,20-249,TFP,163.9673,851738946.04,5981.07,174653398.67
DE,2007,R,250+,TFP,25.2257,1095092930.63,7689.9472,224554369.72
DE,2007,R,mancante,TFP,25.7405,49664078.49,348.7504,10183871.64
DE,2007,S,1-19,Totale,745.3982,678682550.1,901.5104,67177869.19
DE,2007,S,20-249,Totale,114.0021,1187694462.67,1577.6431,117561271.09
DE,2007,S,250+,Totale,17.5388,1527035737.72,2028.3983,151150205.69
DE,2007,S,mancante,Totale,17.8967,69253321.44,91.9909,6854884.61
DE,2007,S,1-19,TFP,447.2389,407209530.06,540.9062,40306721.52
DE,2007,S,20-249,TFP,68.4012,712616677.6,946.5859,70536762.65
DE,2007,S,250+,TFP,10.5233,916221442.63,1217.039,90690123.41
DE,2007,S,mancante,TFP,10.738,41551992.86,55.1945,4112930.77
DE,2008,A,1-19,Totale,1114.632,687606526.42,1358.9939,97763070.12
DE,2008,A,20-249,Totale,170.4731,1203311421.23,2378.2394,171085372.71
DE,2008,A,250+,Totale,26.2266,1547114684.44,3057.7363,219966907.77
DE,2008,A,mancante,Totale,26.7619,70163931.27,138.6728,9975823.48
DE,2008,A,1-19,TFP,668.7792,412563915.85,815.3964,58657842.07
DE,2008,A,20-249,TFP,102.2839,721986852.74,1426.9436,102651223.63
DE,2008,A,250+,TFP,15.736,928268810.66,1834.6418,131980144.66
DE,2008,A,mancante,TFP,16.0571,42098358.76,83.2037,5985494.09
DE,2008,B,1-19,Totale,514.5957,887650883.34,4596.053,233881798.09
DE,2008,B,20-249,Totale,134.7751,2178437329.5,9893.345,573983363.51
DE,2008,B,250+,Totale,9.1892,5513713787.16,26882.086,1452775318.4
DE,2008,B,mancante,Totale,13.44,175098000.0,844.316,46135520.0
DE,2008,B,1-19,TFP,308.7574,532590530.01,2757.6318,140329078.85
DE,2008,B,20-249,TFP,80.865,1307062397.7,5936.007,344390018.11
DE,2008,B,250+,TFP,5.5135,3308228272.3,16129.2516,871665191.04
DE,2008,B,mancante,TFP,8.064,105058800.0,506.5896,27681312.0
DE,2008,C,1-19,Totale,57788.9341,54737390400.0,558935.993,9319613551.0
DE,2008,C,20-249,Totale,11661.8528,248188332000.0,1238243.083,42256660852.95
DE,2008,C,250+,Totale,1514.1491,797764884000.0,2031171.373,135827820236.05
DE,2008,C,mancante,Totale,1448.264,22463073600.0,78129.601,3824573360.0
DE,2008,C,1-19,TFP,34673.3605,32842434240.0,335361.5958,5591768130.6
DE,2008,C,20-249,TFP,6997.1117,148912999200.0,742945.8498,25353996511.77
DE,2008,C,250+,TFP,908.4895,478658930400.0,1218702.8238,81496692141.63
DE,2008,C,mancante,TFP,868.9584,13477844160.0,46877.7606,2294744016.0
DE,2008,D,1-19,Totale,612.2142,11634285600.0,1961.421,494080455.34
DE,2008,D,20-249,Totale,578.017,59273751600.0,27943.916,2517215339.84
DE,2008,D,250+,Totale,135.1208,139534869600.0,89456.213,5925714244.82
DE,2008,D,mancante,Totale,27.048,4294753200.0,2435.95,182387960.0
DE,2008,D,1-19,TFP,367.3285,6980571360.0,1176.8526,296448273.21
DE,2008,D,20-249,TFP,346.8102,35564250960.0,16766.3496,1510329203.9
DE,2008,D,250+,TFP,81.0725,83720921760.0,53673.7278,3555428546.89
DE,2008,D,mancante,TFP,16.2288,2576851920.0,1461.57,109432776.0
DE,2008,E,1-19,Totale,2293.1064,4888502886.83,10957.87,815606677.11
DE,2008,E,20-249,Totale,1045.913,11226775159.24,44863.665,1873095504.75
DE,2008,E,250+,Totale,82.7486,8851260753.93,38342.304,1476760378.15
DE,2008,E,mancante,Totale,69.832,509521200.0,1921.711,85009440.0
DE,2008,E,1-19,TFP,1375.8638,2933101732.1,6574.722,489364006.26
DE,2008,E,20-249,TFP,627.5478,6736065095.54,26918.199,1123857302.85
DE,2008,E,250+,TFP,49.6492,5310756452.36,23005.3824,886056226.89
DE,2008,E,mancante,TFP,41.8992,305712720.0,1153.0266,51005664.0
DE,2008,F,1-19,Totale,70390.8324,246031205.23,8007.3854,57831359.02
DE,2008,F,20-249,Totale,10765.6567,430554609.15,14012.9244,101204878.29
DE,2008,F,250+,Totale,1656.2549,553570211.76,18016.6171,130120557.8
DE,2008,F,mancante,Totale,1690.056,25105225.02,817.0801,5901159.08
DE,2008,F,1-19,TFP,42234.4994,147618723.14,4804.4312,34698815.41
DE,2008,F,20-249,TFP,6459.394,258332765.49,8407.7547,60722926.97
DE,2008,F,250+,TFP,993.7529,332142127.06,10809.9703,78072334.68
DE,2008,F,mancante,TFP,1014.0336,15063135.01,490.2481,3540695.45
DE,2008,G,1-19,Totale,118441.9376,175352830800.0,534010.8004,14160731088.0
DE,2008,G,20-249,Totale,18114.6493,306867453900.0,934518.9007,24781279404.0
DE,2008,G,250+,Totale,2786.8691,394543869300.0,1201524.3009,31861644948.0
DE,2008,G,mancante,Totale,2843.744,17893146000.0,54490.898,1444972560.0
DE,2008,G,1-19,TFP,71065.1626,105211698480.0,320406.4802,8496438652.8
DE,2008,G,20-249,TFP,10868.7896,184120472340.0,560711.3404,14868767642.4
DE,2008,G,250+,TFP,1672.1215,236726321580.0,720914.5805,19116986968.8
DE,2008,G,mancante,TFP,1706.2464,10735887600.0,32694.5388,866983536.0
DE,2008,H,1-19,Totale,24061.7385,27620137117.64,189186.305,5798389204.15
DE,2008,H,20-249,Totale,3693.0042,46123172914.52,329648.088,9682794359.4
DE,2008,H,250+,Totale,222.2973,68461608767.84,478456.286,14372378076.45
DE,2008,H,mancante,Totale,570.96,2902141200.0,20352.871,609256360.0
DE,2008,H,1-19,TFP,14437.0431,16572082270.58,113511.783,3479033522.49
DE,2008,H,20-249,TFP,2215.8025,27673903748.71,197788.8528,5809676615.64
DE,2008,H,250+,TFP,133.3784,41076965260.7,287073.7716,8623426845.87
DE,2008,H,mancante,TFP,342.576,1741284720.0,12211.7226,365553816.0
DE,2008,I,1-19,Totale,47081.1746,14527689812.1,407011.836,3987035418.14
DE,2008,I,20-249,Totale,3402.1001,10415653467.77,248122.182,2858512249.1
DE,2008,I,250+,Totale,51.4054,5210178720.13,82776.386,1429901612.76
DE,2008,I,mancante,Totale,1031.32,615378000.0,15059.396,168886720.0
DE,2008,I,1-19,TFP,28248.7047,8716613887.26,244207.1016,2392221250.88
DE,2008,I,20-249,TFP,2041.26,6249392080.66,148873.3092,1715107349.46
DE,2008,I,250+,TFP,30.8432,3126107232.08,49665.8316,857940967.66
DE,2008,I,mancante,TFP,618.792,369226800.0,9035.6376,101332032.0
DE,2008,J,1-19,Totale,17358.5462,15334981200.0,120875.062,3451215335.06
DE,2008,J,20-249,Totale,1266.3839,30122828400.0,173509.49,6779295387.04
DE,2008,J,250+,Totale,97.7739,78122268000.0,258696.284,17581812837.91
DE,2008,J,mancante,Totale,382.096,2522042400.0,11287.364,567598440.0
DE,2008,J,1-19,TFP,10415.1277,9200988720.0,72525.0372,2070729201.04
DE,2008,J,20-249,TFP,759.8303,18073697040.0,104105.694,4067577232.22
DE,2008,J,250+,TFP,58.6644,46873360800.0,155217.7704,10549087702.74
DE,2008,J,mancante,TFP,229.2576,1513225440.0,6772.4184,340559064.0
DE,2008,K,1-19,Totale,14852.0568,168447381.77,3964.819,52640516.53
DE,2008,K,20-249,Totale,2271.491,294782918.1,6938.4332,92120903.93
DE,2008,K,250+,Totale,349.4602,379006608.98,8920.8427,118441162.19
DE,2008,K,mancante,Totale,356.592,17188508.34,404.5734,5371481.28
DE,2008,K,1-19,TFP,8911.2341,101068429.06,2378.8914,31584309.92
DE,2008,K,20-249,TFP,1362.8946,176869750.86,4163.0599,55272542.36
DE,2008,K,250+,TFP,209.6761,227403965.39,5352.5056,71064697.32
DE,2008,K,mancante,TFP,213.9552,10313105.01,242.744,3222888.77
DE,2008,L,1-19,Totale,19310.9823,40881698698.2,181124.482,3245403507.61
DE,2008,L,20-249,Totale,219.7125,13978307081.76,51482.585,1109671277.81
DE,2008,L,250+,Totale,8.1532,5995877420.04,32235.973,475984174.58
DE,2008,L,mancante,Totale,398.752,1241956800.0,5404.96,98593040.0
DE,2008,L,1-19,TFP,11586.5894,24529019218.92,108674.6892,1947242104.57
DE,2008,L,20-249,TFP,131.8275,8386984249.06,30889.551,665802766.69
DE,2008,L,250+,TFP,4.8919,3597526452.02,19341.5838,285590504.75
DE,2008,L,mancante,TFP,239.2512,745174080.0,3242.976,59155824.0
DE,2008,M,1-19,Totale,69828.0763,50163965761.75,536675.293,15396515393.93
DE,2008,M,20-249,Totale,2426.5647,36114021674.75,271742.779,11084253053.14
DE,2008,M,250+,Totale,105.0311,26824282963.5,218937.488,8233011072.93
DE,2008,M,mancante,Totale,1476.728,2308209600.0,20966.44,708444480.0
DE,2008,M,1-19,TFP,41896.8458,30098379457.05,322005.1758,9237909236.36
DE,2008,M,20-249,TFP,1455.9388,21668413004.85,163045.6674,6650551831.88
DE,2008,M,250+,TFP,63.0186,16094569778.1,131362.4928,4939806643.76
DE,2008,M,mancante,TFP,886.0368,1384925760.0,12579.864,425066688.0
DE,2008,N,1-19,Totale,29105.7934,20040847655.71,198661.386,6284231102.96
DE,2008,N,20-249,Totale,3619.3398,25430863182.63,446580.365,7974384324.1
DE,2008,N,250+,Totale,440.0268,32339916761.66,676288.69,10140864012.94
DE,2008,N,mancante,Totale,676.84,1587992400.0,26970.009,497948560.0
DE,2008,N,1-19,TFP,17463.476,12024508593.43,119196.8316,3770538661.77
DE,2008,N,20-249,TFP,2171.6039,15258517909.58,267948.219,4784630594.46
DE,2008,N,250+,TFP,264.0161,19403950057.0,405773.214,6084518407.77
DE,2008,N,mancante,TFP,406.104,952795440.0,16182.0054,298769136.0
DE,2008,O,1-19,Totale,3558.2238,727764567.62,6137.9806,168393914.96
DE,2008,O,20-249,Totale,544.1989,1273587993.34,10741.466,294689351.17
DE,2008,O,250+,Totale,83.7229,1637470277.15,13810.4563,378886308.65
DE,2008,O,mancante,Totale,85.4315,74261690.57,626.3245,17183052.55
DE,2008,O,1-19,TFP,2134.9343,436658740.57,3682.7883,101036348.97
DE,2008,O,20-249,TFP,326.5194,764152796.0,6444.8796,176813610.7
DE,2008,O,250+,TFP,50.2337,982482166.29,8286.2738,227331785.19
DE,2008,O,mancante,TFP,51.2589,44557014.34,375.7947,10309831.53
DE,2008,P,1-19,Totale,13505.2624,367983821.63,8464.8682,59268734.65
DE,2008,P,20-249,Totale,2065.5107,643971687.86,14813.5193,103720285.64
DE,2008,P,250+,Totale,317.7709,827963598.67,19045.9534,133354652.96
DE,2008,P,mancante,Totale,324.256,37549369.55,863.7621,6047830.07
DE,2008,P,1-19,TFP,8103.1574,220790292.98,5078.9209,35561240.79
DE,2008,P,20-249,TFP,1239.3064,386383012.71,8888.1116,62232171.38
DE,2008,P,250+,TFP,190.6625,496778159.2,11427.5721,80012791.78
DE,2008,P,mancante,TFP,194.5536,22529621.73,518.2572,3628698.04
DE,2008,Q,1-19,Totale,67341.386,850743714.78,1588.5929,165208577.15
DE,2008,Q,20-249,Totale,10299.2708,1488801500.87,2780.0375,289115010.02
DE,2008,Q,250+,Totale,1584.5032,1914173358.27,3574.334,371719298.59
DE,2008,Q,mancante,Totale,1616.84,86810583.14,162.1013,16858018.08
DE,2008,Q,1-19,TFP,40404.8316,510446228.87,953.1557,99125146.29
DE,2008,Q,20-249,TFP,6179.5625,893280900.52,1668.0225,173469006.01
DE,2008,Q,250+,TFP,950.7019,1148504014.96,2144.6004,223031579.16
DE,2008,Q,mancante,TFP,970.104,52086349.88,97.2608,10114810.85
DE,2008,R,1-19,Totale,8745.8336,595842315.53,4589.4488,82781960.04
DE,2008,R,20-249,Totale,1337.5981,1042724052.18,8031.5355,144868430.06
DE,2008,R,250+,Totale,205.7843,1340645209.94,10326.2599,186259410.08
DE,2008,R,mancante,Totale,209.984,60800236.28,468.3111,8447138.78
DE,2008,R,1-19,TFP,5247.5002,357505389.32,2753.6693,49669176.02
DE,2008,R,20-249,TFP,802.5588,625634431.31,4818.9213,86921058.04
DE,2008,R,250+,TFP,123.4706,804387125.96,6195.7559,111755646.05
DE,2008,R,mancante,TFP,125.9904,36480141.77,280.9867,5068283.27
DE,2008,S,1-19,Totale,36635.0068,430930465.03,1706.0527,118572942.13
DE,2008,S,20-249,Totale,5603.001,754128313.81,2985.5922,207502648.72
DE,2008,S,250+,Totale,862.0002,969593546.32,3838.6186,266789119.79
DE,2008,S,mancante,Totale,879.592,43972496.43,174.087,12099279.81
DE,2008,S,1-19,TFP,21981.0041,258558279.02,1023.6316,71143765.28
DE,2008,S,20-249,TFP,3361.8006,452476988.28,1791.3553,124501589.23
DE,2008,S,250+,TFP,517.2001,581756127.79,2303.1712,160073471.87
DE,2008,S,mancante,TFP,527.7552,26383497.86,104.4522,7259567.89
DE,2009,A,1-19,Totale,1993.4595,411864388.01,8651.6996,38990943.67
DE,2009,A,20-249,Totale,304.882,720762679.02,15140.4743,68234151.43
DE,2009,A,250+,Totale,46.9049,926694873.02,19466.324,87729623.26
DE,2009,A,mancante,Totale,47.8622,42026978.37,882.8265,3978667.72
DE,2009,A,1-19,TFP,1196.0757,247118632.81,5191.0197,23394566.2
DE,2009,A,20-249,TFP,182.9292,432457607.41,9084.2846,40940490.86
DE,2009,A,250+,TFP,28.143,556016923.81,11679.7944,52637773.96
DE,2009,A,mancante,TFP,28.7173,25216187.02,529.6959,2387200.63
DE,2009,B,1-19,Totale,514.5142,708193004.91,4111.492,215702651.7
DE,2009,B,20-249,Totale,138.7992,2031439051.28,9788.779,618739223.76
DE,2009,B,250+,Totale,8.7747,4433909143.82,25263.469,1350487724.53
DE,2009,B,mancante,Totale,13.512,146398800.0,799.26,44590400.0
DE,2009,B,1-19,TFP,308.7085,424915802.94,2466.8952,129421591.02
DE,2009,B,20-249,TFP,83.2795,1218863430.77,5873.2674,371243534.26
DE,2009,B,250+,TFP,5.2648,2660345486.29,15158.0814,810292634.72
DE,2009,B,mancante,TFP,8.1072,87839280.0,479.556,26754240.0
DE,2009,C,1-19,Totale,55753.7287,50197089600.0,474959.793,9701342207.94
DE,2009,C,20-249,Totale,12444.7795,212072548800.0,1202621.112,40986208268.52
DE,2009,C,250+,Totale,1533.9798,648172509600.0,1933445.283,125269081843.54
DE,2009,C,mancante,Totale,1423.112,18580452000.0,73694.412,3590951680.0
DE,2009,C,1-19,TFP,33452.2372,30118253760.0,284975.8758,5820805324.76
DE,2009,C,20-249,TFP,7466.8677,127243529280.0,721572.6672,24591724961.11
DE,2009,C,250+,TFP,920.3879,388903505760.0,1160067.1698,75161449106.12
DE,2009,C,mancante,TFP,853.8672,11148271200.0,44216.6472,2154571008.0
DE,2009,D,1-19,Totale,676.9104,13238349600.0,2077.306,532850097.85
DE,2009,D,20-249,Totale,619.9982,55515726000.0,28894.173,2234535340.54
DE,2009,D,250+,Totale,144.8674,155017674000.0,89828.662,6239537801.61
DE,2009,D,mancante,Totale,29.424,4566770400.0,2465.309,183814760.0
DE,2009,D,1-19,TFP,406.1462,7943009760.0,1246.3836,319710058.71
DE,2009,D,20-249,TFP,371.9989,33309435600.0,17336.5038,1340721204.32
DE,2009,D,250+,TFP,86.9205,93010604400.0,53897.1972,3743722680.97
DE,2009,D,mancante,TFP,17.6544,2740062240.0,1479.1854,110288856.0
DE,2009,E,1-19,Totale,2202.9582,4638626139.97,10960.565,856890167.94
DE,2009,E,20-249,Totale,1040.0449,10526402641.43,46178.825,1944535009.94
DE,2009,E,250+,Totale,83.1169,8067674418.6,38219.951,1490335862.13
DE,2009,E,mancante,Totale,67.88,474136800.0,1946.109,87586960.0
DE,2009,E,1-19,TFP,1321.7749,2783175683.98,6576.339,514134100.76
DE,2009,E,20-249,TFP,624.0269,6315841584.86,27707.295,1166721005.96
DE,2009,E,250+,TFP,49.8701,4840604651.16,22931.9706,894201517.28
DE,2009,E,mancante,TFP,40.728,284482080.0,1167.6654,52552176.0
DE,2009,F,1-19,Totale,70882.3024,614283052.07,7197.0551,122338398.88
DE,2009,F,20-249,Totale,10840.8227,1074995341.12,12594.8464,214092198.03
DE,2009,F,250+,Totale,1667.8189,1382136867.15,16193.374,275261397.47
DE,2009,F,mancante,Totale,1701.856,62681944.09,734.3934,12483510.09
DE,2009,F,1-19,TFP,42529.3814,368569831.24,4318.2331,73403039.33
DE,2009,F,20-249,TFP,6504.4936,644997204.67,7556.9079,128455318.82
DE,2009,F,250+,TFP,1000.6913,829282120.29,9716.0244,165156838.48
DE,2009,F,mancante,TFP,1021.1136,37609166.45,440.636,7490106.05
DE,2009,G,1-19,Totale,116808.9244,187123144320.0,644050.6688,16794878576.0
DE,2009,G,20-249,Totale,17864.8943,327465502560.0,1127088.6704,29391037508.0
DE,2009,G,250+,Totale,2748.4453,421027074720.0,1449114.0048,37788476796.0
DE,2009,G,mancante,Totale,2804.536,19094198400.0,65719.456,1713763120.0
DE,2009,G,1-19,TFP,70085.3546,112273886592.0,386430.4013,10076927145.6
DE,2009,G,20-249,TFP,10718.9366,196479301536.0,676253.2022,17634622504.8
DE,2009,G,250+,TFP,1649.0672,252616244832.0,869468.4029,22673086077.6
DE,2009,G,mancante,TFP,1682.7216,11456519040.0,39431.6736,1028257872.0
DE,2009,H,1-19,Totale,23794.8524,23887334606.49,189267.694,5663780425.97
DE,2009,H,20-249,Totale,3808.525,41572501155.22,330295.966,9857002557.24
DE,2009,H,250+,Totale,223.9186,62153569038.29,475602.281,14736854216.79
DE,2009,H,mancante,Totale,567.904,2604355200.0,20309.509,617502800.0
DE,2009,H,1-19,TFP,14276.9114,14332400763.89,113560.6164,3398268255.58
DE,2009,H,20-249,TFP,2285.115,24943500693.13,198177.5796,5914201534.34
DE,2009,H,250+,TFP,134.3512,37292141422.97,285361.3686,8842112530.07
DE,2009,H,mancante,TFP,340.7424,1562613120.0,12185.7054,370501680.0
DE,2009,I,1-19,Totale,46870.9455,16873483200.0,509838.483,5136287083.84
DE,2009,I,20-249,Totale,4367.867,15185982000.0,413882.469,4622611838.79
DE,2009,I,250+,Totale,58.3075,5022108000.0,94390.219,1528729317.37
DE,2009,I,mancante,Totale,1046.88,756766800.0,20777.779,230359760.0
DE,2009,I,1-19,TFP,28122.5673,10124089920.0,305903.0898,3081772250.3
DE,2009,I,20-249,TFP,2620.7202,9111589200.0,248329.4814,2773567103.27
DE,2009,I,250+,TFP,34.9845,3013264800.0,56634.1314,917237590.42
DE,2009,I,mancante,TFP,628.128,454060080.0,12466.6674,138215856.0
DE,2009,J,1-19,Totale,17151.0083,14760652582.27,121291.709,3431302250.45
DE,2009,J,20-249,Totale,1286.9463,30947084761.62,175744.184,7194045181.65
DE,2009,J,250+,Totale,91.1014,73933093056.11,239543.997,17186691927.9
DE,2009,J,mancante,Totale,378.144,2441649600.0,10950.61,567592640.0
DE,2009,J,1-19,TFP,10290.605,8856391549.36,72775.0254,2058781350.27
DE,2009,J,20-249,TFP,772.1678,18568250856.97,105446.5104,4316427108.99
DE,2009,J,250+,TFP,54.6609,44359855833.67,143726.3982,10312015156.74
DE,2009,J,mancante,TFP,226.8864,1464989760.0,6570.366,340555584.0
DE,2009,K,1-19,Totale,14965.0116,474201404.41,7221.7022,130927155.5
DE,2009,K,20-249,Totale,2288.7665,829852457.72,12637.9788,229122522.12
DE,2009,K,250+,Totale,352.1179,1066953159.93,16248.8299,294586099.86
DE,2009,K,mancante,Totale,359.304,48387898.41,736.9084,13359913.83
DE,2009,K,1-19,TFP,8979.007,284520842.65,4333.0213,78556293.3
DE,2009,K,20-249,TFP,1373.2599,497911474.63,7582.7873,137473513.27
DE,2009,K,250+,TFP,211.2708,640171895.96,9749.2979,176751659.92
DE,2009,K,mancante,TFP,215.5824,29032739.05,442.145,8015948.3
DE,2009,L,1-19,Totale,19256.2124,40232485533.94,170553.075,3130574773.66
DE,2009,L,20-249,Totale,205.9162,12754504883.03,46467.729,992454995.2
DE,2009,L,250+,Totale,8.1194,5730983583.03,30430.862,445939951.14
DE,2009,L,mancante,Totale,397.352,1198326000.0,5050.034,93244280.0
DE,2009,L,1-19,TFP,11553.7274,24139491320.36,102331.845,1878344864.2
DE,2009,L,20-249,TFP,123.5497,7652702929.82,27880.6374,595472997.12
DE,2009,L,250+,TFP,4.8716,3438590149.82,18258.5172,267563970.68
DE,2009,L,mancante,TFP,238.4112,718995600.0,3030.0204,55946568.0
DE,2009,M,1-19,Totale,69775.6084,45680132400.0,546182.714,13632557092.79
DE,2009,M,20-249,Totale,2461.5373,35625979200.0,282465.106,10632044390.28
DE,2009,M,250+,Totale,95.0864,38077351200.0,210433.146,11363619956.94
DE,2009,M,mancante,Totale,1476.168,2436397200.0,21205.734,727106560.0
DE,2009,M,1-19,TFP,41865.365,27408079440.0,327709.6284,8179534255.67
DE,2009,M,20-249,TFP,1476.9224,21375587520.0,169479.0636,6379226634.17
DE,2009,M,250+,TFP,57.0518,22846410720.0,126259.8876,6818171974.16
DE,2009,M,mancante,TFP,885.7008,1461838320.0,12723.4404,436263936.0
DE,2009,N,1-19,Totale,30112.9651,19702568000.78,209076.483,6248755777.45
DE,2009,N,20-249,Totale,3671.1019,24247378593.16,444915.933,7690162372.03
DE,2009,N,250+,Totale,416.757,31083910206.05,657500.228,9858398330.52
DE,2009,N,mancante,Totale,697.976,1531303200.0,26765.156,485659520.0
DE,2009,N,1-19,TFP,18067.7791,11821540800.47,125445.8898,3749253466.47
DE,2009,N,20-249,TFP,2202.6612,14548427155.9,266949.5598,4614097423.22
DE,2009,N,250+,TFP,250.0542,18650346123.63,394500.1368,5915038998.31
DE,2009,N,mancante,TFP,418.7856,918781920.0,16059.0936,291395712.0
DE,2009,O,1-19,Totale,3256.9542,434551144.59,4306.6522,75186421.37
DE,2009,O,20-249,Totale,498.1224,760464503.03,7536.6413,131576237.39
DE,2009,O,250+,Totale,76.6342,977740075.32,9689.9674,169169448.08
DE,2009,O,mancante,Totale,78.1982,44341953.53,439.4543,7672083.81
DE,2009,O,1-19,TFP,1954.1725,260730686.75,2583.9913,45111852.82
DE,2009,O,20-249,TFP,298.8734,456278701.82,4521.9848,78945742.44
DE,2009,O,250+,TFP,45.9805,586644045.19,5813.9804,101501668.85
DE,2009,O,mancante,TFP,46.9189,26605172.12,263.6726,4603250.29
DE,2009,P,1-19,Totale,13606.5552,224108518.94,8028.2393,111817995.36
DE,2009,P,20-249,Totale,2081.0026,392189908.15,14049.4188,195681491.88
DE,2009,P,250+,Totale,320.1542,504244167.63,18063.5385,251590489.56
DE,2009,P,mancante,Totale,326.688,22868216.22,819.2081,11409999.53
DE,2009,P,1-19,TFP,8163.9331,134465111.37,4816.9436,67090797.22
DE,2009,P,20-249,TFP,1248.6015,235313944.89,8429.6513,117408895.13
DE,2009,P,250+,TFP,192.0925,302546500.58,10838.1231,150954293.73
DE,2009,P,mancante,TFP,196.0128,13720929.73,491.5249,6845999.72
DE,2009,Q,1-19,Totale,67769.2148,425351085.82,9246.9224,169784879.04
DE,2009,Q,20-249,Totale,10364.7034,744364400.19,16182.1141,297123538.33
DE,2009,Q,250+,Totale,1594.5698,957039943.1,20805.5753,382015977.85
DE,2009,Q,mancante,Totale,1627.112,43403172.02,943.5635,17324987.66
DE,2009,Q,1-19,TFP,40661.5289,255210651.49,5548.1534,101870927.43
DE,2009,Q,20-249,TFP,6218.8221,446618640.11,9709.2685,178274123.0
DE,2009,Q,250+,TFP,956.7419,574223965.86,12483.3452,229209586.71
DE,2009,Q,mancante,TFP,976.2672,26041903.21,566.1381,10394992.59
DE,2009,R,1-19,Totale,9011.0608,952309755.4,1165.0605,96520041.87
DE,2009,R,20-249,Totale,1378.1622,1666542071.95,2038.8559,168910073.28
DE,2009,R,250+,Totale,212.025,2142696949.66,2621.3862,217170094.21
DE,2009,R,mancante,Totale,216.352,97174464.84,118.8837,9848983.86
DE,2009,R,1-19,TFP,5406.6365,571385853.24,699.0363,57912025.12
DE,2009,R,20-249,TFP,826.8973,999925243.17,1223.3135,101346043.97
DE,2009,R,250+,TFP,127.215,1285618169.79,1572.8317,130302056.53
DE,2009,R,mancante,TFP,129.8112,58304678.9,71.3302,5909390.32
DE,2009,S,1-19,Totale,36851.92,910182686.03,281.153,66633978.32
DE,2009,S,20-249,Totale,5636.176,1592819700.55,492.0178,116609462.06
DE,2009,S,250+,Totale,867.104,2047911043.56,632.5943,149926451.23
DE,2009,S,mancante,Totale,884.8,92875784.29,28.6891,6799385.54
DE,2009,S,1-19,TFP,22111.152,546109611.62,168.6918,39980386.99
DE,2009,S,20-249,TFP,3381.7056,955691820.33,295.2107,69965677.24
DE,2009,S,250+,TFP,520.2624,1228746626.14,379.5566,89955870.74
DE,2009,S,mancante,TFP,530.88,55725470.57,17.2135,4079631.33
DE,2010,A,1-19,Totale,2271.9431,503284159.17,2866.3413,109213965.79
DE,2010,A,20-249,Totale,347.4736,880747278.55,5016.0973,191124440.13
DE,2010,A,250+,Totale,53.4575,1132389358.14,6449.268,245731423.03
DE,2010,A,mancante,Totale,54.5485,51355526.45,292.4838,11144282.22
DE,2010,A,1-19,TFP,1363.1658,301970495.5,1719.8048,65528379.47
DE,2010,A,20-249,TFP,208.4842,528448367.13,3009.6584,114674664.08
DE,2010,A,250+,TFP,32.0745,679433614.88,3869.5608,147438853.82
DE,2010,A,mancante,TFP,32.7291,30813315.87,175.4903,6686569.33
DE,2010,B,1-19,Totale,506.4375,900044812.54,5405.0171,253315378.51
DE,2010,B,20-249,Totale,119.1821,1974900706.78,9444.7661,555830902.07
DE,2010,B,250+,Totale,8.6364,4922169680.68,24034.7548,1385332439.42
DE,2010,B,mancante,Totale,12.944,159124800.0,793.562,44785280.0
DE,2010,B,1-19,TFP,303.8625,540026887.52,3243.0102,151989227.1
DE,2010,B,20-249,TFP,71.5093,1184940424.07,5666.8596,333498541.24
DE,2010,B,250+,TFP,5.1818,2953301808.41,14420.8529,831199463.65
DE,2010,B,mancante,TFP,7.7664,95474880.0,476.1372,26871168.0
DE,2010,C,1-19,Totale,56984.9275,59919673023.73,603034.278,10665752437.45
DE,2010,C,20-249,Totale,10406.4083,229723087126.06,1201056.934,40890903651.68
DE,2010,C,250+,Totale,1296.8642,739433209450.21,1927686.607,131619736190.86
DE,2010,C,mancante,Totale,1401.8,21001550400.0,76158.731,3738293720.0
DE,2010,C,1-19,TFP,34190.9565,35951803814.24,361820.5668,6399451462.47
DE,2010,C,20-249,TFP,6243.845,137833852275.64,720634.1604,24534542191.01
DE,2010,C,250+,TFP,778.1185,443659925670.12,1156611.9642,78971841714.52
DE,2010,C,mancante,TFP,841.08,12600930240.0,45695.2386,2242976232.0
DE,2010,D,1-19,Totale,771.0886,11142364800.0,2096.71,385858354.53
DE,2010,D,20-249,Totale,699.3594,66636511200.0,30469.67,2307611985.88
DE,2010,D,250+,Totale,154.784,173227563600.0,86694.916,5998843499.59
DE,2010,D,mancante,Totale,33.168,5122580400.0,2433.904,177394160.0
DE,2010,D,1-19,TFP,462.6532,6685418880.0,1258.026,231515012.72
DE,2010,D,20-249,TFP,419.6156,39981906720.0,18281.802,1384567191.53
DE,2010,D,250+,TFP,92.8704,103936538160.0,52016.9496,3599306099.75
DE,2010,D,mancante,TFP,19.9008,3073548240.0,1460.3424,106436496.0
DE,2010,E,1-19,Totale,2146.9199,4758860400.0,10817.191,810043252.91
DE,2010,E,20-249,Totale,1060.9737,12003138000.0,48026.517,2043149017.48
DE,2010,E,250+,Totale,84.9064,9158923200.0,40122.621,1559012729.61
DE,2010,E,mancante,Totale,67.2,528998400.0,2019.721,90045000.0
DE,2010,E,1-19,TFP,1288.1519,2855316240.0,6490.3146,486025951.74
DE,2010,E,20-249,TFP,636.5842,7201882800.0,28815.9102,1225889410.49
DE,2010,E,250+,TFP,50.9439,5495353920.0,24073.5726,935407637.77
DE,2010,E,mancante,TFP,40.32,317399040.0,1211.8326,54027000.0
DE,2010,F,1-19,Totale,79366.4274,45494238967.51,505190.147,12955656395.71
DE,2010,F,20-249,Totale,4620.9916,40772072531.88,308175.406,11610897868.66
DE,2010,F,250+,Totale,74.237,14177200900.61,70002.086,4037323135.63
DE,2010,F,mancante,Totale,1715.544,2049867600.0,18027.911,583752600.0
DE,2010,F,1-19,TFP,47619.8564,27296543380.5,303114.0882,7773393837.43
DE,2010,F,20-249,TFP,2772.5949,24463243519.13,184905.2436,6966538721.2
DE,2010,F,250+,TFP,44.5422,8506320540.37,42001.2516,2422393881.38
DE,2010,F,mancante,TFP,1029.3264,1229920560.0,10816.7466,350251560.0
DE,2010,G,1-19,Totale,126982.3727,243890169600.0,1131221.938,21542211989.45
DE,2010,G,20-249,Totale,10115.3693,394210899600.0,1073583.434,34819668138.58
DE,2010,G,250+,Totale,388.81,327286562400.0,972128.003,28908407911.98
DE,2010,G,mancante,Totale,2805.848,19701788400.0,64835.375,1740209960.0
DE,2010,G,1-19,TFP,76189.4236,146334101760.0,678733.1628,12925327193.67
DE,2010,G,20-249,TFP,6069.2216,236526539760.0,644150.0604,20891800883.15
DE,2010,G,250+,TFP,233.286,196371937440.0,583276.8018,17345044747.19
DE,2010,G,mancante,TFP,1683.5088,11821073040.0,38901.225,1044125976.0
DE,2010,H,1-19,Totale,23955.531,25267519931.37,191567.068,5607383051.51
DE,2010,H,20-249,Totale,3917.2001,46125738005.92,341291.027,10236251212.43
DE,2010,H,250+,Totale,228.5729,67683030462.71,480767.518,15020258376.06
DE,2010,H,mancante,Totale,573.496,2838291600.0,20686.237,629875360.0
DE,2010,H,1-19,TFP,14373.3186,15160511958.82,114940.2408,3364429830.91
DE,2010,H,20-249,TFP,2350.3201,27675442803.55,204774.6162,6141750727.46
DE,2010,H,250+,TFP,137.1437,40609818277.63,288460.5108,9012155025.63
DE,2010,H,mancante,TFP,344.0976,1702974960.0,12411.7422,377925216.0
DE,2010,I,1-19,Totale,46979.8528,16709175996.76,521761.163,4844823097.96
DE,2010,I,20-249,Totale,4450.0105,14821175700.88,401594.886,4297397692.65
DE,2010,I,250+,Totale,59.3367,5872916302.36,98183.162,1702851209.39
DE,2010,I,mancante,Totale,1050.8,763332000.0,20847.739,221328000.0
DE,2010,I,1-19,TFP,28187.9117,10025505598.06,313056.6978,2906893858.78
DE,2010,I,20-249,TFP,2670.0063,8892705420.53,240956.9316,2578438615.59
DE,2010,I,250+,TFP,35.602,3523749781.41,58909.8972,1021710725.64
DE,2010,I,mancante,TFP,630.48,457999200.0,12508.6434,132796800.0
DE,2010,J,1-19,Totale,17449.4026,16905194998.52,128611.3424,3714874176.04
DE,2010,J,20-249,Totale,1307.0007,32210451366.73,179510.5214,7078165853.24
DE,2010,J,250+,Totale,94.4846,71370492834.75,219422.2303,15683486690.71
DE,2010,J,mancante,Totale,384.712,2458900800.0,10766.206,540337280.0
DE,2010,J,1-19,TFP,10469.6416,10143116999.11,77166.8054,2228924505.63
DE,2010,J,20-249,TFP,784.2004,19326270820.04,107706.3128,4246899511.95
DE,2010,J,250+,TFP,56.6908,42822295700.85,131653.3382,9410092014.43
DE,2010,J,mancante,TFP,230.8272,1475340480.0,6459.7236,324202368.0
DE,2010,K,1-19,Totale,15220.2428,842501631.52,2496.4191,138153133.97
DE,2010,K,20-249,Totale,2327.8018,1474377855.16,4368.7335,241767984.44
DE,2010,K,250+,Totale,358.1234,1895628670.91,5616.943,310844551.43
DE,2010,K,mancante,Totale,365.432,85969554.24,254.7366,14097258.57
DE,2010,K,1-19,TFP,9132.1457,505500978.91,1497.8515,82891880.38
DE,2010,K,20-249,TFP,1396.6811,884626713.09,2621.2401,145060790.67
DE,2010,K,250+,TFP,214.874,1137377202.55,3370.1658,186506730.86
DE,2010,K,mancante,TFP,219.2592,51581732.54,152.842,8458355.14
DE,2010,L,1-19,Totale,19761.6341,40783720361.98,168590.576,3138805730.08
DE,2010,L,20-249,Totale,211.2301,12670942139.91,45957.835,975183858.69
DE,2010,L,250+,Totale,6.9838,5959738698.11,23014.222,458674731.23
DE,2010,L,mancante,Totale,407.752,1212538800.0,4848.217,93319680.0
DE,2010,L,1-19,TFP,11856.9805,24470232217.19,101154.3456,1883283438.05
DE,2010,L,20-249,TFP,126.7381,7602565283.95,27574.701,585110315.21
DE,2010,L,250+,TFP,4.1903,3575843218.87,13808.5332,275204838.74
DE,2010,L,mancante,TFP,244.6512,727523280.0,2908.9302,55991808.0
DE,2010,M,1-19,Totale,70947.8411,47917225214.85,554272.026,14916379249.23
DE,2010,M,20-249,Totale,2509.0578,37184333128.88,283811.528,11575286602.95
DE,2010,M,250+,Totale,107.3891,35267627656.27,243049.114,10978626307.82
DE,2010,M,mancante,Totale,1501.312,2456514000.0,22063.932,764699840.0
DE,2010,M,1-19,TFP,42568.7047,28750335128.91,332563.2156,8949827549.54
DE,2010,M,20-249,TFP,1505.4347,22310599877.33,170286.9168,6945171961.77
DE,2010,M,250+,TFP,64.4335,21160576593.76,145829.4684,6587175784.69
DE,2010,M,mancante,TFP,900.7872,1473908400.0,13238.3592,458819904.0
DE,2010,N,1-19,Totale,31196.5053,20981237034.5,218365.07,7126581432.93
DE,2010,N,20-249,Totale,3827.5239,27920298596.34,487692.59,9483534324.08
DE,2010,N,250+,Totale,461.7708,34018400769.16,748837.012,11554843162.99
DE,2010,N,mancante,Totale,724.2,1692243600.0,29691.728,574795080.0
DE,2010,N,1-19,TFP,18717.9032,12588742220.7,131019.042,4275948859.76
DE,2010,N,20-249,TFP,2296.5143,16752179157.8,292615.554,5690120594.45
DE,2010,N,250+,TFP,277.0625,20411040461.49,449302.2072,6932905897.8
DE,2010,N,mancante,TFP,434.52,1015346160.0,17815.0368,344877048.0
DE,2010,O,1-19,Totale,167.2277,533275769.45,9466.4659,154179738.32
DE,2010,O,20-249,Totale,25.576,933232596.54,16566.3154,269814542.06
DE,2010,O,250+,Totale,3.9348,1199870481.26,21299.5483,346904411.21
DE,2010,O,mancante,Totale,4.0151,54415894.84,965.9659,15732626.36
DE,2010,O,1-19,TFP,100.3366,319965461.67,5679.8795,92507842.99
DE,2010,O,20-249,TFP,15.3456,559939557.92,9939.7892,161888725.23
DE,2010,O,250+,TFP,2.3609,719922288.76,12779.729,208142646.73
DE,2010,O,mancante,TFP,2.409,32649536.91,579.5795,9439575.82
DE,2010,P,1-19,Totale,13728.1732,450412864.1,2645.4974,96125573.58
DE,2010,P,20-249,Totale,2099.603,788222512.18,4629.6204,168219753.77
DE,2010,P,250+,Totale,323.0158,1013428944.23,5952.3691,216282540.56
DE,2010,P,mancante,Totale,329.608,45960496.34,269.9487,9808732.0
DE,2010,P,1-19,TFP,8236.9039,270247718.46,1587.2984,57675344.15
DE,2010,P,20-249,TFP,1259.7618,472933507.31,2777.7723,100931852.26
DE,2010,P,250+,TFP,193.8095,608057366.54,3571.4215,129769524.34
DE,2010,P,mancante,TFP,197.7648,27576297.8,161.9692,5885239.2
DE,2010,Q,1-19,Totale,68016.116,976658000.91,5759.0061,30422538.17
DE,2010,Q,20-249,Totale,10402.4648,1709151501.6,10078.2607,53239441.8
DE,2010,Q,250+,Totale,1600.3792,2197480502.05,12957.7638,68450710.88
DE,2010,Q,mancante,Totale,1633.04,99658979.69,587.6537,3104340.63
DE,2010,Q,1-19,TFP,40809.6696,585994800.55,3455.4037,18253522.9
DE,2010,Q,20-249,TFP,6241.4789,1025490900.96,6046.9564,31943665.08
DE,2010,Q,250+,TFP,960.2275,1318488301.23,7774.6583,41070426.53
DE,2010,Q,mancante,TFP,979.824,59795387.81,352.5922,1862604.38
DE,2010,R,1-19,Totale,9231.9724,757184257.39,2124.8882,92159861.6
DE,2010,R,20-249,Totale,1411.9487,1325072450.43,3718.5543,161279757.8
DE,2010,R,250+,Totale,217.2229,1703664579.12,4780.9984,207359688.6
DE,2010,R,mancante,Totale,221.656,77263699.73,216.8253,9404067.51
DE,2010,R,1-19,TFP,5539.1834,454310554.43,1274.9329,55295916.96
DE,2010,R,20-249,TFP,847.1692,795043470.26,2231.1326,96767854.68
DE,2010,R,250+,TFP,130.3337,1022198747.47,2868.5991,124415813.16
DE,2010,R,mancante,TFP,132.9936,46358219.84,130.0952,5642440.51
DE,2010,S,1-19,Totale,37016.854,658900362.26,8962.4874,73112947.42
DE,2010,S,20-249,Totale,5661.4012,1153075633.95,15684.3529,127947657.98
DE,2010,S,250+,Totale,870.9848,1482525815.08,20165.5966,164504131.69
DE,2010,S,mancante,Totale,888.76,67234730.84,914.5395,7460504.84
DE,2010,S,1-19,TFP,22210.1124,395340217.36,5377.4924,43867768.45
DE,2010,S,20-249,TFP,3396.8407,691845380.37,9410.6117,76768594.79
DE,2010,S,250+,TFP,522.5909,889515489.05,12099.358,98702479.01
DE,2010,S,mancante,TFP,533.256,40340838.51,548.7237,4476302.9
DE,2019,A,1-19,Totale,1819.7163,684568107.03,535.2341,29388344.82
DE,2019,A,20-249,Totale,278.3096,1197994187.31,936.6597,51429603.43
DE,2019,A,250+,Totale,42.8169,1540278240.83,1204.2767,66123775.83
DE,2019,A,mancante,Totale,43.6907,69853888.47,54.6157,2998810.7
DE,2019,A,1-19,TFP,1091.8298,410740864.22,321.1405,17633006.89
DE,2019,A,20-249,TFP,166.9857,718796512.39,561.9958,30857762.06
DE,2019,A,250+,TFP,25.6901,924166944.5,722.566,39674265.5
DE,2019,A,mancante,TFP,26.2144,41912333.08,32.7694,1799286.42
DE,2019,B,1-19,Totale,396.7474,736234800.0,3994.967,141330562.66
DE,2019,B,20-249,Totale,94.6458,2199649200.0,9041.4965,422253415.75
DE,2019,B,250+,Totale,6.0548,3539466000.0,8292.3054,679449981.59
DE,2019,B,mancante,Totale,10.152,132150000.0,435.281,25368040.0
DE,2019,B,1-19,TFP,238.0485,441740880.0,2396.9802,84798337.6
DE,2019,B,20-249,TFP,56.7875,1319789520.0,5424.8979,253352049.45
DE,2019,B,250+,TFP,3.6329,2123679600.0,4975.3833,407669988.95
DE,2019,B,mancante,TFP,6.0912,79290000.0,261.1686,15220824.0
DE,2019,C,1-19,Totale,52839.9009,57410438400.0,527245.488,11238603161.35
DE,2019,C,20-249,Totale,10491.6309,223366735200.0,1199736.923,43726022067.07
DE,2019,C,250+,Totale,1373.5561,1126558902000.0,2712329.928,220533909691.59
DE,2019,C,mancante,Totale,1320.512,28721144400.0,90598.211,5622419080.0
DE,2019,C,1-19,TFP,31703.9406,34446263040.0,316347.2928,6743161896.81
DE,2019,C,20-249,TFP,6294.9786,134020041120.0,719842.1538,26235613240.24
DE,2019,C,250+,TFP,824.1337,675935341200.0,1627397.9568,132320345814.95
DE,2019,C,mancante,TFP,792.3072,17232686640.0,54358.9266,3373451448.0
DE,2019,D,1-19,Totale,2993.5334,12852972343.92,61450.851,439200116.99
DE,2019,D,20-249,Totale,35.4635,41025811837.12,33306.966,1401896843.49
DE,2019,D,250+,Totale,8.2192,313691423018.96,114026.528,10719178879.52
DE,2019,D,mancante,Totale,61.984,7501432800.0,4260.905,256332160.0
DE,2019,D,1-19,TFP,1796.12,7711783406.35,36870.5106,263520070.19
DE,2019,D,20-249,TFP,21.2781,24615487102.27,19984.1796,841138106.09
DE,2019,D,250+,TFP,4.9315,188214853811.38,68415.9168,6431507327.71
DE,2019,D,mancante,TFP,37.1904,4500859680.0,2556.543,153799296.0
DE,2019,E,1-19,Totale,2468.0906,6535099785.18,20351.023,1316513396.78
DE,2019,E,20-249,Totale,554.2021,15221459328.15,58210.383,3066403847.35
DE,2019,E,250+,Totale,48.6353,21009856886.68,86156.455,4232492075.87
DE,2019,E,mancante,Totale,62.672,872784000.0,3361.589,175824680.0
DE,2019,E,1-19,TFP,1480.8544,3921059871.11,12210.6138,789908038.07
DE,2019,E,20-249,TFP,332.5212,9132875596.89,34926.2298,1839842308.41
DE,2019,E,250+,TFP,29.1812,12605914132.01,51693.873,2539495245.52
DE,2019,E,mancante,TFP,37.6032,523670400.0,2016.9534,105494808.0
DE,2019,F,1-19,Totale,95921.0357,90013952974.42,860361.8275,23863322880.4
DE,2019,F,20-249,Totale,4683.0572,67585875708.17,415037.703,17917484133.12
DE,2019,F,250+,Totale,99.1392,38244978517.41,149193.1004,10139008906.48
DE,2019,F,mancante,Totale,2055.168,3996832800.0,29073.319,1059588080.0
DE,2019,F,1-19,TFP,57552.6214,54008371784.65,516217.0965,14317993728.24
DE,2019,F,20-249,TFP,2809.8343,40551525424.9,249022.6218,10750490479.87
DE,2019,F,250+,TFP,59.4835,22946987110.45,89515.8603,6083405343.89
DE,2019,F,mancante,TFP,1233.1008,2398099680.0,17443.9914,635752848.0
DE,2019,G,1-19,Totale,137706.3171,258234900000.0,1175465.214,24168119436.34
DE,2019,G,20-249,Totale,10336.9201,377143200000.0,1009532.447,35296708160.69
DE,2019,G,250+,Totale,479.2908,611553398400.0,1366260.973,57235081602.97
DE,2019,G,mancante,Totale,3031.072,25447581600.0,72474.666,2381630800.0
DE,2019,G,1-19,TFP,82623.7903,154940940000.0,705279.1284,14500871661.81
DE,2019,G,20-249,TFP,6202.1521,226285920000.0,605719.4682,21178024896.41
DE,2019,G,250+,TFP,287.5745,366932039040.0,819756.5838,34341048961.78
DE,2019,G,mancante,TFP,1818.6432,15268548960.0,43484.7996,1428978480.0
DE,2019,H,1-19,Totale,27294.3512,26248680545.05,214914.392,6075215454.49
DE,2019,H,20-249,Totale,4126.2136,50239910824.01,379392.937,11627947627.56
DE,2019,H,250+,Totale,237.3552,122789959430.94,681982.686,28419541237.94
DE,2019,H,mancante,Totale,646.08,4066909200.0,26046.735,941279680.0
DE,2019,H,1-19,TFP,16376.6107,15749208327.03,128948.6352,3645129272.7
DE,2019,H,20-249,TFP,2475.7281,30143946494.4,227635.7622,6976768576.54
DE,2019,H,250+,TFP,142.4131,73673975658.57,409189.6116,17051724742.77
DE,2019,H,mancante,TFP,387.648,2440145520.0,15628.041,564767808.0
DE,2019,I,1-19,Totale,68135.4905,25218755416.35,636984.271,7742147672.07
DE,2019,I,20-249,Totale,8066.7032,25266383460.58,557695.754,7756769462.3
DE,2019,I,250+,Totale,135.1022,12840814723.07,167743.807,3942124905.63
DE,2019,I,mancante,Totale,1557.904,1292366400.0,27804.568,396755960.0
DE,2019,I,1-19,TFP,40881.2943,15131253249.81,382190.5626,4645288603.24
DE,2019,I,20-249,TFP,4840.0219,15159830076.35,334617.4524,4654061677.38
DE,2019,I,250+,TFP,81.0613,7704488833.84,100646.2842,2365274943.38
DE,2019,I,mancante,TFP,934.7424,775419840.0,16682.7408,238053576.0
DE,2019,J,1-19,Totale,22477.7325,18824872628.29,177631.6452,5109353363.85
DE,2019,J,20-249,Totale,1457.6889,37526618096.95,225689.3926,10185288166.01
DE,2019,J,250+,Totale,127.8907,122999563674.76,416436.5162,33383930230.13
DE,2019,J,mancante,Totale,491.088,3660225600.0,16729.746,993440240.0
DE,2019,J,1-19,TFP,13486.6395,11294923576.97,106578.9871,3065612018.31
DE,2019,J,20-249,TFP,874.6133,22515970858.17,135413.6356,6111172899.61
DE,2019,J,250+,TFP,76.7344,73799738204.86,249861.9097,20030358138.08
DE,2019,J,mancante,TFP,294.6528,2196135360.0,10037.8476,596064144.0
DE,2019,K,1-19,Totale,18201.7164,618218615.65,2917.5282,136049247.53
DE,2019,K,20-249,Totale,2783.7919,1081882577.39,5105.6743,238086183.18
DE,2019,K,250+,Totale,428.2757,1390991885.22,6564.4384,306110806.94
DE,2019,K,mancante,Totale,437.016,63083532.21,297.707,13882576.28
DE,2019,K,1-19,TFP,10921.0298,370931169.39,1750.5169,81629548.52
DE,2019,K,20-249,TFP,1670.2752,649129546.44,3063.4046,142851709.91
DE,2019,K,250+,TFP,256.9654,834595131.13,3938.6631,183666484.17
DE,2019,K,mancante,TFP,262.2096,37850119.33,178.6242,8329545.77
DE,2019,L,1-19,Totale,32815.4033,35626567200.0,200558.666,4310950037.23
DE,2019,L,20-249,Totale,564.1653,22619830800.0,66550.33,2737085498.08
DE,2019,L,250+,Totale,19.2234,16776757200.0,41818.854,2030051384.69
DE,2019,L,mancante,Totale,681.608,1531084800.0,6304.65,185267080.0
DE,2019,L,1-19,TFP,19689.242,21375940320.0,120335.1996,2586570022.34
DE,2019,L,20-249,TFP,338.4992,13571898480.0,39930.198,1642251298.85
DE,2019,L,250+,TFP,11.534,10066054320.0,25091.3124,1218030830.81
DE,2019,L,mancante,TFP,408.9648,918650880.0,3782.79,111160248.0
DE,2019,M,1-19,Totale,84749.7804,63189655200.0,689883.0989,21324396853.63
DE,2019,M,20-249,Totale,2894.7249,59460206400.0,400827.2053,20065832520.52
DE,2019,M,250+,Totale,133.7026,69444740400.0,402170.9318,23435279065.85
DE,2019,M,mancante,Totale,1791.392,3920298000.0,30466.964,1322969560.0
DE,2019,M,1-19,TFP,50849.8683,37913793120.0,413929.8594,12794638112.18
DE,2019,M,20-249,TFP,1736.835,35676123840.0,240496.3232,12039499512.31
DE,2019,M,250+,TFP,80.2216,41666844240.0,241302.5591,14061167439.51
DE,2019,M,mancante,TFP,1074.8352,2352178800.0,18280.1784,793781736.0
DE,2019,N,1-19,Totale,48826.9866,27960998309.77,359819.5899,8856005954.99
DE,2019,N,20-249,Totale,4578.8563,41184594174.75,566454.8838,13044277147.21
DE,2019,N,250+,Totale,492.5891,84369035915.48,991948.3713,26721960217.81
DE,2019,N,mancante,Totale,1099.968,3132951600.0,39147.405,992290680.0
DE,2019,N,1-19,TFP,29296.192,16776598985.86,215891.7539,5313603572.99
DE,2019,N,20-249,TFP,2747.3138,24710756504.85,339872.9303,7826566288.32
DE,2019,N,250+,TFP,295.5534,50621421549.29,595169.0228,16033176130.68
DE,2019,N,mancante,TFP,659.9808,1879770960.0,23488.443,595374408.0
DE,2019,O,1-19,Totale,2975.6431,381019680.75,2791.0952,128719810.18
DE,2019,O,20-249,Totale,455.0984,666784441.32,4884.4167,225259667.81
DE,2019,O,250+,Totale,70.0151,857294281.7,6279.9643,289619572.89
DE,2019,O,mancante,Totale,71.444,38879559.26,284.8056,13134674.51
DE,2019,O,1-19,TFP,1785.3858,228611808.45,1674.6571,77231886.11
DE,2019,O,20-249,TFP,273.059,400070664.79,2930.65,135155800.68
DE,2019,O,250+,TFP,42.0091,514376569.02,3767.9786,173771743.74
DE,2019,O,mancante,TFP,42.8664,23327735.56,170.8834,7880804.7
DE,2019,P,1-19,Totale,9714.7792,958996027.58,1470.881,34708870.22
DE,2019,P,20-249,Totale,1485.7898,1678243048.27,2574.0417,60740522.88
DE,2019,P,250+,Totale,228.583,2157741062.06,3309.4822,78094957.99
DE,2019,P,mancante,Totale,233.248,97856737.51,150.0899,3541721.45
DE,2019,P,1-19,TFP,5828.8675,575397616.55,882.5286,20825322.13
DE,2019,P,20-249,TFP,891.4739,1006945828.96,1544.425,36444313.73
DE,2019,P,250+,TFP,137.1498,1294644637.24,1985.6893,46856974.8
DE,2019,P,mancante,TFP,139.9488,58714042.51,90.0539,2125032.87
DE,2019,Q,1-19,Totale,69729.7636,831590325.78,2849.147,161693573.55
DE,2019,Q,20-249,Totale,10664.5521,1455283070.12,4986.0073,282963753.71
DE,2019,Q,250+,Totale,1640.7003,1871078233.01,6410.5808,363810540.49
DE,2019,Q,mancante,Totale,1674.184,84856155.69,290.7293,16499344.24
DE,2019,Q,1-19,TFP,41837.8582,498954195.47,1709.4882,97016144.13
DE,2019,Q,20-249,TFP,6398.7312,873169842.07,2991.6044,169778252.23
DE,2019,Q,250+,TFP,984.4202,1122646939.8,3846.3485,218286324.29
DE,2019,Q,mancante,TFP,1004.5104,50913693.42,174.4376,9899606.54
DE,2019,R,1-19,Totale,11381.7788,602153090.72,5974.9152,20337871.53
DE,2019,R,20-249,Totale,1740.7426,1053767908.76,10456.1015,35591275.18
DE,2019,R,250+,Totale,267.8066,1354844454.11,13443.5591,45760210.94
DE,2019,R,mancante,Totale,273.272,61444192.93,609.6852,2075293.01
DE,2019,R,1-19,TFP,6829.0673,361291854.43,3584.9491,12202722.92
DE,2019,R,20-249,TFP,1044.4456,632260745.25,6273.6609,21354765.11
DE,2019,R,250+,TFP,160.6839,812906672.47,8066.1355,27456126.56
DE,2019,R,mancante,TFP,163.9632,36866515.76,365.8111,1245175.81
DE,2019,S,1-19,Totale,36320.7992,597548483.71,8556.2724,175430644.66
DE,2019,S,20-249,Totale,5554.9458,1045709846.5,14973.4767,307003628.15
DE,2019,S,250+,Totale,854.607,1344484088.35,19251.6129,394718950.47
DE,2019,S,mancante,Totale,872.048,60974335.07,873.089,17901086.19
DE,2019,S,1-19,TFP,21792.4795,358529090.23,5133.7634,105258386.79
DE,2019,S,20-249,TFP,3332.9675,627425907.9,8984.086,184202176.89
DE,2019,S,250+,TFP,512.7642,806690453.01,11550.9678,236831370.28
DE,2019,S,mancante,TFP,523.2288,36584601.04,523.8534,10740651.71
DE,2020,A,1-19,Totale,1774.6697,433689381.1,1809.1675,161317593.76
DE,2020,A,20-249,Totale,271.4201,758956416.92,3166.0432,282305789.09
DE,2020,A,250+,Totale,41.7569,975801107.46,4070.627,362964585.97
DE,2020,A,mancante,Totale,42.6091,44254018.48,184.6089,16460978.96
DE,2020,A,1-19,TFP,1064.8018,260213628.66,1085.5005,96790556.26
DE,2020,A,20-249,TFP,162.852,455373850.15,1899.6259,169383473.45
DE,2020,A,250+,TFP,25.0542,585480664.48,2442.3762,217778751.58
DE,2020,A,mancante,TFP,25.5655,26552411.09,110.7654,9876587.37
DE,2020,B,1-19,Totale,395.8545,990594434.62,3695.923,193871649.13
DE,2020,B,20-249,Totale,91.2599,2453113302.8,9527.364,480104778.39
DE,2020,B,250+,Totale,5.6297,2911396262.58,7232.841,569796452.48
DE,2020,B,mancante,Totale,10.056,129696000.0,417.472,25383120.0
DE,2020,B,1-19,TFP,237.5127,594356660.77,2217.5538,116322989.48
DE,2020,B,20-249,TFP,54.7559,1471867981.68,5716.4184,288062867.04
DE,2020,B,250+,TFP,3.3778,1746837757.55,4339.7046,341877871.49
DE,2020,B,mancante,TFP,6.0336,77817600.0,250.4832,15229872.0
DE,2020,C,1-19,Totale,52578.6354,55427702400.0,511973.9361,11164383996.33
DE,2020,C,20-249,Totale,9638.381,203899936800.0,1138939.7345,41070026226.85
DE,2020,C,250+,Totale,1237.9836,1038359842800.0,2598845.8434,209148990656.82
DE,2020,C,mancante,Totale,1295.0,26483418000.0,86729.786,5334355120.0
DE,2020,C,1-19,TFP,31547.1812,33256621440.0,307184.3616,6698630397.8
DE,2020,C,20-249,TFP,5783.0286,122339962080.0,683363.8407,24642015736.11
DE,2020,C,250+,TFP,742.7901,623015905680.0,1559307.506,125489394394.09
DE,2020,C,mancante,TFP,777.0,15890050800.0,52037.8716,3200613072.0
DE,2020,D,1-19,Totale,3063.512,12414265467.79,54465.411,479403469.46
DE,2020,D,20-249,Totale,41.4991,34153268534.02,32744.789,1318901667.69
DE,2020,D,250+,Totale,10.2129,295781177598.19,118398.357,11422224142.85
DE,2020,D,mancante,Totale,63.576,6986708400.0,4196.093,269806720.0
DE,2020,D,1-19,TFP,1838.1072,7448559280.67,32679.2466,287642081.68
DE,2020,D,20-249,TFP,24.8995,20491961120.41,19646.8734,791341000.62
DE,2020,D,250+,TFP,6.1277,177468706558.92,71039.0142,6853334485.71
DE,2020,D,mancante,TFP,38.1456,4192025040.0,2517.6558,161884032.0
DE,2020,E,1-19,Totale,2422.2825,6458415600.0,20115.48,1342897327.52
DE,2020,E,20-249,Totale,558.4757,15069969600.0,58583.91,3133496379.77
DE,2020,E,250+,Totale,50.5778,21672562800.0,88653.642,4506372532.71
DE,2020,E,mancante,Totale,61.864,881652000.0,3415.368,183321760.0
DE,2020,E,1-19,TFP,1453.3695,3875049360.0,12069.288,805738396.51
DE,2020,E,20-249,TFP,335.0854,9041981760.0,35150.346,1880097827.86
DE,2020,E,250+,TFP,30.3467,13003537680.0,53192.1852,2703823519.62
DE,2020,E,mancante,TFP,37.1184,528991200.0,2049.2208,109993056.0
DE,2020,F,1-19,Totale,95958.2338,100237273988.85,847192.115,24300535623.49
DE,2020,F,20-249,Totale,4676.0176,76963064214.16,420961.695,18658165861.91
DE,2020,F,250+,Totale,96.4206,42631752596.99,151565.722,10335221434.6
DE,2020,F,mancante,Totale,2055.728,4486369200.0,28973.868,1087631080.0
DE,2020,F,1-19,TFP,57574.9403,60142364393.31,508315.269,14580321374.1
DE,2020,F,20-249,TFP,2805.6105,46177838528.5,252577.017,11194899517.14
DE,2020,F,250+,TFP,57.8524,25579051558.2,90939.4332,6201132860.76
DE,2020,F,mancante,TFP,1233.4368,2691821520.0,17384.3208,652578648.0
DE,2020,G,1-19,Totale,134077.1338,258255962586.58,1117474.743,24222360191.56
DE,2020,G,20-249,Totale,10769.4189,380470239553.62,1019556.769,35685089677.44
DE,2020,G,250+,Totale,489.7993,607353813459.8,1373697.017,56964968731.0
DE,2020,G,mancante,Totale,2966.048,25430204400.0,71647.521,2385151400.0
DE,2020,G,1-19,TFP,80446.2803,154953577551.95,670484.8458,14533416114.93
DE,2020,G,20-249,TFP,6461.6513,228282143732.17,611734.0614,21411053806.46
DE,2020,G,250+,TFP,293.8796,364412288075.88,824218.2102,34178981238.6
DE,2020,G,mancante,TFP,1779.6288,15258122640.0,42988.5126,1431090840.0
DE,2020,H,1-19,Totale,26919.2099,24302745600.0,202595.0994,5852793804.43
DE,2020,H,20-249,Totale,3685.7016,46502097600.0,323704.681,11199030480.17
DE,2020,H,250+,Totale,229.8084,112108609200.0,668807.6716,26998948355.4
DE,2020,H,mancante,Totale,629.28,3732927600.0,24389.948,898995360.0
DE,2020,H,1-19,TFP,16151.526,14581647360.0,121557.0596,3511676282.66
DE,2020,H,20-249,TFP,2211.421,27901258560.0,194222.8086,6719418288.1
DE,2020,H,250+,TFP,137.8851,67265165520.0,401284.603,16199369013.24
DE,2020,H,mancante,TFP,377.568,2239756560.0,14633.9688,539397216.0
DE,2020,I,1-19,Totale,68710.4076,16596118298.07,531148.4197,5652557213.66
DE,2020,I,20-249,Totale,5421.9469,12352685019.24,342174.8163,4207264467.48
DE,2020,I,250+,Totale,115.5815,7532951082.69,128270.8191,2565686518.85
DE,2020,I,mancante,Totale,1515.264,744525600.0,20440.695,253581800.0
DE,2020,I,1-19,TFP,41226.2446,9957670978.84,318689.0518,3391534328.2
DE,2020,I,20-249,TFP,3253.1681,7411611011.54,205304.8898,2524358680.49
DE,2020,I,250+,TFP,69.3489,4519770649.61,76962.4914,1539411911.31
DE,2020,I,mancante,TFP,909.1584,446715360.0,12264.417,152149080.0
DE,2020,J,1-19,Totale,22704.0555,18349422000.0,159895.428,5131196277.26
DE,2020,J,20-249,Totale,1564.6653,39481024800.0,230958.805,11040396121.26
DE,2020,J,250+,Totale,132.8872,118910593200.0,406169.918,33251924401.48
DE,2020,J,mancante,Totale,497.992,3606960000.0,16265.799,1008643200.0
DE,2020,J,1-19,TFP,13622.4333,11009653200.0,95937.2568,3078717766.36
DE,2020,J,20-249,TFP,938.7992,23688614880.0,138575.283,6624237672.76
DE,2020,J,250+,TFP,79.7323,71346355920.0,243701.9508,19951154640.89
DE,2020,J,mancante,TFP,298.7952,2164176000.0,9759.4794,605185920.0
DE,2020,K,1-19,Totale,18418.9628,496910525.05,4701.8719,105437879.99
DE,2020,K,20-249,Totale,2817.0178,869593418.83,8228.2758,184516289.99
DE,2020,K,250+,Totale,433.3874,1118048681.36,10579.2118,237235229.99
DE,2020,K,mancante,Totale,442.232,50705155.62,479.7828,10758967.35
DE,2020,K,1-19,TFP,11051.3777,298146315.03,2821.1231,63262728.0
DE,2020,K,20-249,TFP,1690.2107,521756051.3,4936.9655,110709773.99
DE,2020,K,250+,TFP,260.0324,670829208.81,6347.5271,142341137.99
DE,2020,K,mancante,TFP,265.3392,30423093.37,287.8697,6455380.41
DE,2020,L,1-19,Totale,38012.3444,36505479492.74,178185.4979,3994190257.1
DE,2020,L,20-249,Totale,542.6873,18749834536.4,51877.5683,2051483981.81
DE,2020,L,250+,Totale,21.2963,16040509170.87,39634.7468,1755047361.09
DE,2020,L,mancante,Totale,787.272,1455016800.0,5504.037,159198400.0
DE,2020,L,1-19,TFP,22807.4067,21903287695.64,106911.2987,2396514154.26
DE,2020,L,20-249,TFP,325.6124,11249900721.84,31126.541,1230890389.08
DE,2020,L,250+,TFP,12.7778,9624305502.52,23780.8481,1053028416.66
DE,2020,L,mancante,TFP,472.3632,873010080.0,3302.4222,95519040.0
DE,2020,M,1-19,Totale,84443.1534,59238589200.0,594830.9323,20096679231.37
DE,2020,M,20-249,Totale,2822.7629,53909486400.0,362390.8638,18288782199.91
DE,2020,M,250+,Totale,133.2277,75728049600.0,411000.5979,25690725288.72
DE,2020,M,mancante,Totale,1783.656,3854614800.0,27922.906,1307677280.0
DE,2020,M,1-19,TFP,50665.892,35543153520.0,356898.5594,12058007538.82
DE,2020,M,20-249,TFP,1693.6577,32345691840.0,217434.5183,10973269319.95
DE,2020,M,250+,TFP,79.9366,45436829760.0,246600.3587,15414435173.23
DE,2020,M,mancante,TFP,1070.1936,2312768880.0,16753.7436,784606368.0
DE,2020,N,1-19,Totale,49865.8292,24692670878.46,325386.215,8206427355.59
DE,2020,N,20-249,Totale,4043.5756,34328059249.84,476915.285,11408677735.94
DE,2020,N,250+,Totale,393.9632,70163281471.7,834918.546,23318249988.47
DE,2020,N,mancante,Totale,1108.232,2636408400.0,33412.654,876190920.0
DE,2020,N,1-19,TFP,29919.4975,14815602527.08,195231.729,4923856413.35
DE,2020,N,20-249,TFP,2426.1454,20596835549.9,286149.171,6845206641.57
DE,2020,N,250+,TFP,236.3779,42097968883.02,500951.1276,13990949993.08
DE,2020,N,mancante,TFP,664.9392,1581845040.0,20047.5924,525714552.0
DE,2020,O,1-19,Totale,2665.515,151483243.33,342.1993,139879554.95
DE,2020,O,20-249,Totale,407.667,265095675.82,598.8487,244789221.16
DE,2020,O,250+,Totale,62.718,340837297.48,769.9484,314728998.64
DE,2020,O,mancante,Totale,63.998,15457473.81,34.9183,14273423.97
DE,2020,O,1-19,TFP,1599.309,90889946.0,205.3196,83927732.97
DE,2020,O,20-249,TFP,244.6002,159057405.49,359.3092,146873532.7
DE,2020,O,250+,TFP,37.6308,204502378.49,461.969,188837399.18
DE,2020,O,mancante,TFP,38.3988,9274484.29,20.951,8564054.38
DE,2020,P,1-19,Totale,9498.5324,445646663.35,6482.138,131366188.62
DE,2020,P,20-249,Totale,1452.7167,779881660.87,11343.7415,229890830.08
DE,2020,P,250+,Totale,223.4949,1002704992.55,14584.8105,295573924.39
DE,2020,P,mancante,Totale,228.056,45474149.32,661.4427,13404713.12
DE,2020,P,1-19,TFP,5699.1194,267387998.01,3889.2828,78819713.17
DE,2020,P,20-249,TFP,871.63,467928996.52,6806.2449,137934498.05
DE,2020,P,250+,TFP,134.0969,601622995.53,8750.8863,177344354.64
DE,2020,P,mancante,TFP,136.8336,27284489.59,396.8656,8042827.87
DE,2020,Q,1-19,Totale,69416.5556,354775611.72,3960.5317,58393545.4
DE,2020,Q,20-249,Totale,10616.6497,620857320.51,6930.9305,102188704.46
DE,2020,Q,250+,Totale,1633.3307,798245126.37,8911.1964,131385477.16
DE,2020,Q,mancante,Totale,1666.664,36201593.03,404.1359,5958525.04
DE,2020,Q,1-19,TFP,41649.9334,212865367.03,2376.319,35036127.24
DE,2020,Q,20-249,TFP,6369.9898,372514392.3,4158.5583,61313222.67
DE,2020,Q,250+,TFP,979.9984,478947075.82,5346.7178,78831286.29
DE,2020,Q,mancante,TFP,999.9984,21720955.82,242.4815,3575115.02
DE,2020,R,1-19,Totale,10406.8356,219821799.88,5879.6771,135264045.95
DE,2020,R,20-249,Totale,1591.6337,384688149.79,10289.435,236712080.42
DE,2020,R,250+,Totale,244.8667,494599049.73,13229.2736,304344103.39
DE,2020,R,mancante,Totale,249.864,22430795.91,599.9671,13802453.67
DE,2020,R,1-19,TFP,6244.1014,131893079.93,3527.8063,81158427.57
DE,2020,R,20-249,TFP,954.9802,230812889.88,6173.661,142027248.25
DE,2020,R,250+,TFP,146.92,296759429.84,7937.5641,182606462.04
DE,2020,R,mancante,TFP,149.9184,13458477.54,359.9802,8281472.2
DE,2020,S,1-19,Totale,35743.0304,634126217.52,2648.9057,120173721.41
DE,2020,S,20-249,Totale,5466.5811,1109720880.66,4635.5849,210304012.46
DE,2020,S,250+,Totale,841.0125,1426783989.42,5960.0377,270390873.16
DE,2020,S,mancante,Totale,858.176,64706756.89,270.2965,12262624.63
DE,2020,S,1-19,TFP,21445.8182,380475730.51,1589.3434,72104232.84
DE,2020,S,20-249,TFP,3279.9487,665832528.4,2781.3509,126182407.48
DE,2020,S,250+,TFP,504.6075,856070393.65,3576.0226,162234523.9
DE,2020,S,mancante,TFP,514.9056,38824054.13,162.1779,7357574.78
DE,2021,A,1-19,Totale,3263.0912,460553027.54,4484.5917,21645026.18
DE,2021,A,20-249,Totale,499.061,805967798.2,7848.0355,37878795.81
DE,2021,A,250+,Totale,76.7786,1036244311.97,10090.3313,48701308.9
DE,2021,A,mancante,Totale,78.3455,46995206.89,457.6114,2208676.14
DE,2021,A,1-19,TFP,1957.8547,276331816.53,2690.755,12987015.71
DE,2021,A,20-249,TFP,299.4366,483580678.92,4708.8213,22727277.49
DE,2021,A,250+,TFP,46.0672,621746587.18,6054.1988,29220785.34
DE,2021,A,mancante,TFP,47.0073,28197124.14,274.5668,1325205.68
DE,2021,B,1-19,Totale,384.9849,1208017411.27,3949.8955,171356216.39
DE,2021,B,20-249,Totale,93.6614,2684451122.81,9828.9226,380787050.91
DE,2021,B,250+,Totale,5.4737,4863069025.92,6783.4928,689822100.7
DE,2021,B,mancante,Totale,9.88,178684440.0,419.639,25346232.0
DE,2021,B,1-19,TFP,230.9909,724810446.76,2369.9373,102813729.83
DE,2021,B,20-249,TFP,56.1968,1610670673.69,5897.3536,228472230.55
DE,2021,B,250+,TFP,3.2842,2917841415.55,4070.0957,413893260.42
DE,2021,B,mancante,TFP,5.928,107210664.0,251.7834,15207739.2
DE,2021,C,1-19,Totale,51053.9669,59940508564.84,528981.1343,11535713760.51
DE,2021,C,20-249,Totale,10128.1738,224279506156.12,1144887.8874,43163200435.09
DE,2021,C,250+,Totale,1325.0033,1155290650599.04,2627981.6083,222338825188.41
DE,2021,C,mancante,Totale,1275.656,29377768680.0,87792.87,5653831416.0
DE,2021,C,1-19,TFP,30632.3802,35964305138.9,317388.6806,6921428256.31
DE,2021,C,20-249,TFP,6076.9043,134567703693.67,686932.7325,25897920261.05
DE,2021,C,250+,TFP,795.002,693174390359.42,1576788.965,133403295113.04
DE,2021,C,mancante,TFP,765.3936,17626661208.0,52675.722,3392298849.6
DE,2021,D,1-19,Totale,3157.8415,14918389080.0,55161.799,426056315.54
DE,2021,D,20-249,Totale,41.2925,42412551720.0,32730.775,1211265869.37
DE,2021,D,250+,Totale,10.562,427612304280.0,120389.423,12212238323.09
DE,2021,D,mancante,Totale,65.504,9896800920.0,4250.653,282644092.0
DE,2021,D,1-19,TFP,1894.7049,8951033448.0,33097.0794,255633789.32
DE,2021,D,20-249,TFP,24.7755,25447531032.0,19638.465,726759521.62
DE,2021,D,250+,TFP,6.3372,256567382568.0,72233.6538,7327342993.86
DE,2021,D,mancante,TFP,39.3024,5938080552.0,2550.3918,169586455.2
DE,2021,E,1-19,Totale,2414.6405,5692899135.73,18140.584,1069409679.7
DE,2021,E,20-249,Totale,572.5539,16588375903.82,56045.22,3116122267.24
DE,2021,E,250+,Totale,49.2376,23216777280.45,82388.845,4361265809.06
DE,2021,E,mancante,Totale,61.968,928531680.0,3195.401,174424444.0
DE,2021,E,1-19,TFP,1448.7843,3415739481.44,10884.3504,641645807.82
DE,2021,E,20-249,TFP,343.5323,9953025542.29,33627.132,1869673360.34
DE,2021,E,250+,TFP,29.5426,13930066368.27,49433.307,2616759485.44
DE,2021,E,mancante,TFP,37.1808,557119008.0,1917.2406,104654666.4
DE,2021,F,1-19,Totale,97032.7452,102337298857.8,805161.6655,26788225206.02
DE,2021,F,20-249,Totale,4951.7294,72313843274.03,444125.5894,18929164056.1
DE,2021,F,250+,Totale,106.8294,41631857108.17,161900.9852,10897723277.88
DE,2021,F,mancante,Totale,2083.496,4413938760.0,28799.76,1155410460.0
DE,2021,F,1-19,TFP,58219.6471,61402379314.68,483096.9993,16072935123.61
DE,2021,F,20-249,TFP,2971.0376,43388305964.42,266475.3536,11357498433.66
DE,2021,F,250+,TFP,64.0976,24979114264.9,97140.5911,6538633966.73
DE,2021,F,mancante,TFP,1250.0976,2648363256.0,17279.856,693246276.0
DE,2021,G,1-19,Totale,133144.7451,270018602280.0,1041729.073,24451707122.95
DE,2021,G,20-249,Totale,10032.0224,410154266760.0,997437.287,37141781793.4
DE,2021,G,250+,Totale,490.4485,652654680720.0,1397763.906,59101561783.65
DE,2021,G,mancante,Totale,2931.984,27200562240.0,70141.434,2463164300.0
DE,2021,G,1-19,TFP,79886.8471,162011161368.0,625037.4438,14671024273.77
DE,2021,G,20-249,TFP,6019.2135,246092560056.0,598462.3722,22285069076.04
DE,2021,G,250+,TFP,294.2691,391592808432.0,838658.3436,35460937070.19
DE,2021,G,mancante,TFP,1759.1904,16320337344.0,42084.8604,1477898580.0
DE,2021,H,1-19,Totale,26038.3236,32345344920.0,212580.6147,7209721091.23
DE,2021,H,20-249,Totale,4158.9893,54826219560.0,371281.6878,12220668924.44
DE,2021,H,250+,Totale,209.7351,127328307120.0,652631.7255,28381258064.32
DE,2021,H,mancante,Totale,620.552,4377548400.0,25234.572,975747920.0
DE,2021,H,1-19,TFP,15622.9942,19407206952.0,127548.3688,4325832654.74
DE,2021,H,20-249,TFP,2495.3936,32895731736.0,222769.0127,7332401354.67
DE,2021,H,250+,TFP,125.8411,76396984272.0,391579.0353,17028754838.59
DE,2021,H,mancante,TFP,372.3312,2626529040.0,15140.7432,585448752.0
DE,2021,I,1-19,Totale,66841.9958,20134301880.0,578990.566,6952416406.02
DE,2021,I,20-249,Totale,5782.793,14829071880.0,381476.172,5120509429.08
DE,2021,I,250+,Totale,110.0272,7185330600.0,121365.552,2481109632.9
DE,2021,I,mancante,Totale,1484.384,860177640.0,22078.21,297021132.0
DE,2021,I,1-19,TFP,40105.1975,12080581128.0,347394.3396,4171449843.61
DE,2021,I,20-249,TFP,3469.6758,8897443128.0,228885.7032,3072305657.45
DE,2021,I,250+,TFP,66.0163,4311198360.0,72819.3312,1488665779.74
DE,2021,I,mancante,TFP,890.6304,516106584.0,13246.926,178212679.2
DE,2021,J,1-19,Totale,23464.813,29843027693.63,191636.599,8262801981.09
DE,2021,J,20-249,Totale,1610.7419,43133097370.0,241527.517,11942496118.63
DE,2021,J,250+,Totale,130.4371,120628590296.37,399794.087,33399096268.28
DE,2021,J,mancante,Totale,514.408,3951116640.0,16999.147,1093967232.0
DE,2021,J,1-19,TFP,14078.8878,17905816616.18,114981.9594,4957681188.65
DE,2021,J,20-249,TFP,966.4451,25879858422.0,144916.5102,7165497671.18
DE,2021,J,250+,TFP,78.2623,72377154177.82,239876.4522,20039457760.97
DE,2021,J,mancante,TFP,308.6448,2370669984.0,10199.4882,656380339.2
DE,2021,K,1-19,Totale,21941.1973,37236822840.0,121748.3513,5685478581.92
DE,2021,K,20-249,Totale,561.3114,37119416880.0,71092.5468,5667552533.99
DE,2021,K,250+,Totale,221.3393,277396220640.0,407803.993,42354050396.08
DE,2021,K,mancante,Totale,463.752,7178621640.0,12258.059,1096062888.0
DE,2021,K,1-19,TFP,13164.7184,22342093704.0,73049.0108,3411287149.15
DE,2021,K,20-249,TFP,336.7868,22271650128.0,42655.5281,3400531520.4
DE,2021,K,250+,TFP,132.8036,166437732384.0,244682.3958,25412430237.65
DE,2021,K,mancante,TFP,278.2512,4307172984.0,7354.8354,657637732.8
DE,2021,L,1-19,Totale,39268.5894,49488314400.0,255807.0866,6360271581.26
DE,2021,L,20-249,Totale,540.6812,20302246440.0,63588.6199,2609258420.57
DE,2021,L,250+,Totale,18.3214,12349087800.0,41944.5036,1587113102.17
DE,2021,L,mancante,Totale,812.808,1676319360.0,7374.29,215441696.0
DE,2021,L,1-19,TFP,23561.1536,29692988640.0,153484.2519,3816162948.75
DE,2021,L,20-249,TFP,324.4087,12181347864.0,38153.1719,1565555052.34
DE,2021,L,250+,TFP,10.9929,7409452680.0,25166.7021,952267861.3
DE,2021,L,mancante,TFP,487.6848,1005791616.0,4424.574,129265017.6
DE,2021,M,1-19,Totale,84273.2446,73169834221.05,694777.7443,24188786756.26
DE,2021,M,20-249,Totale,3040.3156,55130275943.05,386952.2657,18225194887.99
DE,2021,M,250+,Totale,112.6318,76472941955.9,343671.121,25280741787.75
DE,2021,M,mancante,Totale,1784.208,4179041880.0,29089.819,1381524968.0
DE,2021,M,1-19,TFP,50563.9468,43901900532.63,416866.6466,14513272053.76
DE,2021,M,20-249,TFP,1824.1894,33078165565.83,232171.3594,10935116932.79
DE,2021,M,250+,TFP,67.5791,45883765173.54,206202.6726,15168445072.65
DE,2021,M,mancante,TFP,1070.5248,2507425128.0,17453.8914,828914980.8
DE,2021,N,1-19,Totale,50625.2587,32901075480.0,380216.4128,10980518951.13
DE,2021,N,20-249,Totale,4320.144,37316214600.0,523038.9722,12454042781.94
DE,2021,N,250+,Totale,372.4613,71235229800.0,860750.936,23774292462.94
DE,2021,N,mancante,Totale,1128.936,2886786120.0,36000.129,963446004.0
DE,2021,N,1-19,TFP,30375.1552,19740645288.0,228129.8477,6588311370.68
DE,2021,N,20-249,TFP,2592.0864,22389728760.0,313823.3833,7472425669.16
DE,2021,N,250+,TFP,223.4768,42741137880.0,516450.5616,14264575477.76
DE,2021,N,mancante,TFP,677.3616,1732071672.0,21600.0774,578067602.4
DE,2021,O,1-19,Totale,2089.4164,889512537.07,2996.5596,76339265.39
DE,2021,O,20-249,Totale,319.5578,1556646939.88,5243.9793,133593714.43
DE,2021,O,250+,Totale,49.1627,2001403208.41,6742.2591,171763347.12
DE,2021,O,mancante,Totale,50.1661,90766585.42,305.7714,7789720.96
DE,2021,O,1-19,TFP,1253.6498,533707522.24,1797.9358,45803559.23
DE,2021,O,20-249,TFP,191.7347,933988163.93,3146.3876,80156228.66
DE,2021,O,250+,TFP,29.4976,1200841925.05,4045.3554,103058008.27
DE,2021,O,mancante,TFP,30.0996,54459951.25,183.4628,4673832.57
DE,2021,P,1-19,Totale,10644.144,4649292480.0,79518.67,2392229924.91
DE,2021,P,20-249,Totale,526.0291,4661205360.0,70858.557,2398359534.55
DE,2021,P,250+,Totale,52.0029,5465113080.0,84599.284,2811999268.54
DE,2021,P,mancante,Totale,229.024,301543080.0,4795.439,155154872.0
DE,2021,P,1-19,TFP,6386.4864,2789575488.0,47711.202,1435337954.94
DE,2021,P,20-249,TFP,315.6174,2796723216.0,42515.1342,1439015720.73
DE,2021,P,250+,TFP,31.2017,3279067848.0,50759.5704,1687199561.12
DE,2021,P,mancante,TFP,137.4144,180925848.0,2877.2634,93092923.2
DE,2021,Q,1-19,Totale,72891.5316,55755777000.0,738627.813,28426759568.32
DE,2021,Q,20-249,Totale,8012.8954,42563026800.0,671090.574,21700512385.36
DE,2021,Q,250+,Totale,716.637,123878123040.0,1626534.91,63158542646.32
DE,2021,Q,mancante,Totale,1665.736,4534631160.0,61964.353,2311955400.0
DE,2021,Q,1-19,TFP,43734.9189,33453466200.0,443176.6878,17056055740.99
DE,2021,Q,20-249,TFP,4807.7373,25537816080.0,402654.3444,13020307431.21
DE,2021,Q,250+,TFP,429.9822,74326873824.0,975920.946,37895125587.79
DE,2021,Q,mancante,TFP,999.4416,2720778696.0,37178.6118,1387173240.0
DE,2021,R,1-19,Totale,11454.7004,6950665680.0,108341.695,1803247763.26
DE,2021,R,20-249,Totale,539.79,6027041160.0,83166.622,1563626995.05
DE,2021,R,250+,Totale,18.7416,7017832920.0,43161.503,1820673313.69
DE,2021,R,mancante,Totale,245.168,408072240.0,4789.18,105868328.0
DE,2021,R,1-19,TFP,6872.8202,4170399408.0,65005.017,1081948657.96
DE,2021,R,20-249,TFP,323.874,3616224696.0,49899.9732,938176197.03
DE,2021,R,250+,TFP,11.245,4210699752.0,25896.9018,1092403988.21
DE,2021,R,mancante,TFP,147.1008,244843344.0,2873.508,63520996.8
DE,2021,S,1-19,Totale,2750.9529,448851320.12,3743.8369,136567499.97
DE,2021,S,20-249,Totale,420.734,785489810.21,6551.7145,238993124.96
DE,2021,S,250+,Totale,64.7283,1009915470.27,8423.633,307276874.94
DE,2021,S,mancante,Totale,66.0493,45801155.11,382.0242,13935459.18
DE,2021,S,1-19,TFP,1650.5717,269310792.07,2246.3021,81940499.98
DE,2021,S,20-249,TFP,252.4404,471293886.13,3931.0287,143395874.97
DE,2021,S,250+,TFP,38.837,605949282.16,5054.1798,184366124.97
DE,2021,S,mancante,TFP,39.6296,27480693.07,229.2145,8361275.51
DE,2022,A,1-19,Totale,1879.5445,380992356.16,6290.4243,126776461.79
DE,2022,A,20-249,Totale,287.4597,666736623.28,11008.2425,221858808.14
DE,2022,A,250+,Totale,44.2246,857232801.36,14153.4546,285247039.04
DE,2022,A,mancante,Totale,45.1271,38876771.04,641.88,12936373.65
DE,2022,A,1-19,TFP,1127.7267,228595413.7,3774.2546,76065877.08
DE,2022,A,20-249,TFP,172.4758,400041973.97,6604.9455,133115284.88
DE,2022,A,250+,TFP,26.5347,514339680.82,8492.0728,171148223.42
DE,2022,A,mancante,TFP,27.0763,23326062.62,385.128,7761824.19
DE,2022,B,1-19,Totale,378.5597,1055818680.0,4636.478,99995848.31
DE,2022,B,20-249,Totale,93.0487,3017968800.0,9849.147,285829713.03
DE,2022,B,250+,Totale,5.4556,10734369240.0,6506.808,1016644598.66
DE,2022,B,mancante,Totale,9.736,302207280.0,428.417,28621840.0
DE,2022,B,1-19,TFP,227.1358,633491208.0,2781.8868,59997508.98
DE,2022,B,20-249,TFP,55.8292,1810781280.0,5909.4882,171497827.82
DE,2022,B,250+,TFP,3.2734,6440621544.0,3904.0848,609986759.2
DE,2022,B,mancante,TFP,5.8416,181324368.0,257.0502,17173104.0
DE,2022,C,1-19,Totale,50187.0772,67247572796.56,515553.9749,11864827299.13
DE,2022,C,20-249,Totale,10108.4716,249012755915.97,1146189.2865,43934572228.52
DE,2022,C,250+,Totale,1344.8832,1355251969407.47,2672681.2946,239113917352.35
DE,2022,C,mancante,Totale,1257.968,34112495880.0,88457.644,6018639120.0
DE,2022,C,1-19,TFP,30112.2463,40348543677.94,309332.3849,7118896379.48
DE,2022,C,20-249,TFP,6065.0829,149407653549.58,687713.5719,26360743337.11
DE,2022,C,250+,TFP,806.9299,813151181644.48,1603608.7768,143468350411.41
DE,2022,C,mancante,TFP,754.7808,20467497528.0,53074.5864,3611183472.0
DE,2022,D,1-19,Totale,3288.9932,30081439080.0,57694.021,567399059.07
DE,2022,D,20-249,Totale,45.8857,73239792360.0,35577.234,1381456158.44
DE,2022,D,250+,Totale,10.8411,712668136320.0,125086.269,13442416398.49
DE,2022,D,mancante,Totale,68.28,16652844240.0,4456.276,314107584.0
DE,2022,D,1-19,TFP,1973.3959,18048863448.0,34616.4126,340439435.44
DE,2022,D,20-249,TFP,27.5314,43943875416.0,21346.3404,828873695.06
DE,2022,D,250+,TFP,6.5047,427600881792.0,75051.7614,8065449839.09
DE,2022,D,mancante,TFP,40.968,9991706544.0,2673.7656,188464550.4
DE,2022,E,1-19,Totale,2382.49,6366498702.08,19981.269,1171849634.1
DE,2022,E,20-249,Totale,568.5522,17936297001.05,59196.214,3301444649.78
DE,2022,E,250+,Totale,49.7178,26427392336.87,86964.955,4864358180.12
DE,2022,E,mancante,Totale,61.24,1035309960.0,3390.662,190564336.0
DE,2022,E,1-19,TFP,1429.494,3819899221.25,11988.7614,703109780.46
DE,2022,E,20-249,TFP,341.1313,10761778200.63,35517.7284,1980866789.87
DE,2022,E,250+,TFP,29.8307,15856435402.12,52178.973,2918614908.07
DE,2022,E,mancante,TFP,36.744,621185976.0,2034.3972,114338601.6
DE,2022,F,1-19,Totale,97276.1713,107497410571.63,867268.4751,28245278814.36
DE,2022,F,20-249,Totale,5062.4441,81521499856.42,451291.0627,21420027520.34
DE,2022,F,250+,Totale,118.8166,47861728811.95,179973.6523,12575818037.31
DE,2022,F,mancante,Totale,2090.968,4834298760.0,30582.31,1270227028.0
DE,2022,F,1-19,TFP,58365.7028,64498446342.98,520361.085,16947167288.61
DE,2022,F,20-249,TFP,3037.4665,48912899913.85,270774.6376,12852016512.2
DE,2022,F,250+,TFP,71.2899,28717037287.17,107984.1914,7545490822.38
DE,2022,F,mancante,TFP,1254.5808,2900579256.0,18349.386,762136216.8
DE,2022,G,1-19,Totale,132079.1208,318703114800.0,1123924.956,27785905262.09
DE,2022,G,20-249,Totale,9391.7637,433237012320.0,938182.322,37771461969.9
DE,2022,G,250+,Totale,474.2755,728271363120.0,1401922.83,63493822812.01
DE,2022,G,mancante,Totale,2896.84,30208397760.0,70694.492,2633697756.0
DE,2022,G,1-19,TFP,79247.4725,191221868880.0,674354.9736,16671543157.26
DE,2022,G,20-249,TFP,5635.0582,259942207392.0,562909.3932,22662877181.94
DE,2022,G,250+,TFP,284.5653,436962817872.0,841153.698,38096293687.21
DE,2022,G,mancante,TFP,1738.104,18125038656.0,42416.6952,1580218653.6
DE,2022,H,1-19,Totale,25975.4926,39762499538.19,229532.7112,7796429982.78
DE,2022,H,20-249,Totale,3982.5879,69435301495.06,350625.0431,13614523048.77
DE,2022,H,250+,Totale,210.2395,162094932566.75,653985.1556,31782755284.45
DE,2022,H,mancante,Totale,615.68,5536586400.0,25186.59,1085585884.0
DE,2022,H,1-19,TFP,15585.2956,23857499722.91,137719.6267,4677857989.67
DE,2022,H,20-249,TFP,2389.5527,41661180897.04,210375.0259,8168713829.26
DE,2022,H,250+,TFP,126.1437,97256959540.05,392391.0934,19069653170.67
DE,2022,H,mancante,TFP,369.408,3321951840.0,15111.954,651351530.4
DE,2022,I,1-19,Totale,68101.4942,30602272260.1,602061.922,9038389689.65
DE,2022,I,20-249,Totale,5529.6581,23032632090.64,388443.825,6802694343.88
DE,2022,I,250+,Totale,124.8237,12278937209.26,144461.702,3626587546.47
DE,2022,I,mancante,Totale,1505.224,1345180440.0,23162.601,397299420.0
DE,2022,I,1-19,TFP,40860.8965,18361363356.06,361237.1532,5423033813.79
DE,2022,I,20-249,TFP,3317.7949,13819579254.38,233066.295,4081616606.33
DE,2022,I,250+,TFP,74.8942,7367362325.55,86677.0212,2175952527.88
DE,2022,I,mancante,TFP,903.1344,807108264.0,13897.5606,238379652.0
DE,2022,J,1-19,Totale,23803.077,29421473760.0,213570.126,8265865289.41
DE,2022,J,20-249,Totale,1589.9629,46391606520.0,250226.977,13033567698.94
DE,2022,J,250+,Totale,141.0561,129829694400.0,412989.885,36475221235.66
DE,2022,J,mancante,Totale,521.104,4196791320.0,17893.612,1179074576.0
DE,2022,J,1-19,TFP,14281.8462,17652884256.0,128142.0756,4959519173.64
DE,2022,J,20-249,TFP,953.9777,27834963912.0,150136.1862,7820140619.36
DE,2022,J,250+,TFP,84.6337,77897816640.0,247793.931,21885132741.39
DE,2022,J,mancante,TFP,312.6624,2518074792.0,10736.1672,707444745.6
DE,2022,K,1-19,Totale,21586.4586,36157072560.0,119522.172,5361102464.36
DE,2022,K,20-249,Totale,558.4253,34532122800.0,71445.528,5120166969.7
DE,2022,K,250+,Totale,224.2041,305364246600.0,399983.276,45277144941.94
DE,2022,K,mancante,Totale,456.512,7674560040.0,12060.224,1137926824.0
DE,2022,K,1-19,TFP,12951.8752,21694243536.0,71713.3032,3216661478.62
DE,2022,K,20-249,TFP,335.0552,20719273680.0,42867.3168,3072100181.82
DE,2022,K,250+,TFP,134.5224,183218547960.0,239989.9656,27166286965.16
DE,2022,K,mancante,TFP,273.9072,4604736024.0,7236.1344,682756094.4
DE,2022,L,1-19,Totale,38149.2908,49299995640.0,240478.2506,6400914051.8
DE,2022,L,20-249,Totale,543.2731,19373623920.0,61183.9512,2515393763.71
DE,2022,L,250+,Totale,22.5321,14776281240.0,46353.3892,1918493196.49
DE,2022,L,mancante,Totale,790.104,1703059200.0,7102.359,221118388.0
DE,2022,L,1-19,TFP,22889.5745,29579997384.0,144286.9503,3840548431.08
DE,2022,L,20-249,TFP,325.9639,11624174352.0,36710.3707,1509236258.23
DE,2022,L,250+,TFP,13.5192,8865768744.0,27812.0335,1151095917.9
DE,2022,L,mancante,TFP,474.0624,1021835520.0,4261.4154,132671032.8
DE,2022,M,1-19,Totale,84235.302,89614428120.0,748126.3582,28377141452.77
DE,2022,M,20-249,Totale,2440.9614,52662738240.0,317657.6159,16676086693.6
DE,2022,M,250+,Totale,102.7366,76370498400.0,338239.8778,24183342809.63
DE,2022,M,mancante,Totale,1771.0,4462197240.0,28653.548,1412991244.0
DE,2022,M,1-19,TFP,50541.1812,53768656872.0,448875.8149,17026284871.66
DE,2022,M,20-249,TFP,1464.5768,31597642944.0,190594.5696,10005652016.16
DE,2022,M,250+,TFP,61.6419,45822299040.0,202943.9267,14510005685.78
DE,2022,M,mancante,TFP,1062.6,2677318344.0,17192.1288,847794746.4
DE,2022,N,1-19,Totale,51853.4694,41083145616.64,402520.2239,12434312058.4
DE,2022,N,20-249,Totale,4130.0409,45839165654.43,506211.9336,13873779178.51
DE,2022,N,250+,Totale,330.8177,86658687368.93,825082.0785,26228302267.1
DE,2022,N,mancante,Totale,1149.272,3542469360.0,35383.964,1072171296.0
DE,2022,N,1-19,TFP,31112.0816,24649887369.99,241512.1343,7460587235.04
DE,2022,N,20-249,TFP,2478.0245,27503499392.66,303727.1602,8324267507.1
DE,2022,N,250+,TFP,198.4906,51995212421.36,495049.2471,15736981360.26
DE,2022,N,mancante,TFP,689.5632,2125481616.0,21230.3784,643302777.6
DE,2022,O,1-19,Totale,3019.2768,327987811.49,8483.3406,20500473.07
DE,2022,O,20-249,Totale,461.7717,573978670.11,14845.846,35875827.87
DE,2022,O,250+,Totale,71.0418,737972575.85,19087.5163,46126064.41
DE,2022,O,mancante,Totale,72.4916,33468144.03,865.647,2091885.01
DE,2022,O,1-19,TFP,1811.5661,196792686.89,5090.0044,12300283.84
DE,2022,O,20-249,TFP,277.063,344387202.06,8907.5076,21525496.72
DE,2022,O,250+,TFP,42.6251,442783545.51,11452.5098,27675638.64
DE,2022,O,mancante,TFP,43.495,20080886.42,519.3882,1255131.0
DE,2022,P,1-19,Totale,10908.0303,6593849640.0,95098.7954,3082560557.13
DE,2022,P,20-249,Totale,514.8714,5270302800.0,71225.4598,2463815285.82
DE,2022,P,250+,Totale,47.0183,5504215080.0,79395.6038,2573167001.05
DE,2022,P,mancante,Totale,234.08,354456480.0,5014.691,165704956.0
DE,2022,P,1-19,TFP,6544.8182,3956309784.0,57059.2772,1849536334.28
DE,2022,P,20-249,TFP,308.9228,3162181680.0,42735.2759,1478289171.49
DE,2022,P,250+,TFP,28.211,3302529048.0,47637.3623,1543900200.63
DE,2022,P,mancante,TFP,140.448,212673888.0,3008.8146,99422973.6
DE,2022,Q,1-19,Totale,72982.5844,51303851228.43,704077.4999,27604506590.61
DE,2022,Q,20-249,Totale,8049.505,42195284591.94,665762.139,22703558967.23
DE,2022,Q,250+,Totale,771.2546,126443246139.63,1644921.5721,68033945558.16
DE,2022,Q,mancante,Totale,1669.456,4488620040.0,61525.739,2415143084.0
DE,2022,Q,1-19,TFP,43789.5506,30782310737.06,422446.4999,16562703954.36
DE,2022,Q,20-249,TFP,4829.703,25317170755.16,399457.2834,13622135380.34
DE,2022,Q,250+,TFP,462.7528,75865947683.78,986952.9433,40820367334.9
DE,2022,Q,mancante,TFP,1001.6736,2693172024.0,36915.4434,1449085850.4
DE,2022,R,1-19,Totale,11694.7385,10635338280.0,119895.4226,2342746619.87
DE,2022,R,20-249,Totale,491.4593,8278175640.0,80410.3521,1823512096.06
DE,2022,R,250+,Totale,17.1542,8547797160.0,45770.9023,1882904180.07
DE,2022,R,mancante,Totale,249.048,560434920.0,5021.973,123452304.0
DE,2022,R,1-19,TFP,7016.8431,6381202968.0,71937.2536,1405647971.92
DE,2022,R,20-249,TFP,294.8756,4966905384.0,48246.2113,1094107257.64
DE,2022,R,250+,TFP,10.2925,5128678296.0,27462.5414,1129742508.04
DE,2022,R,mancante,TFP,149.4288,336260952.0,3013.1838,74071382.4
DE,2022,S,1-19,Totale,4091.8961,811509862.27,2221.9377,108976163.1
DE,2022,S,20-249,Totale,625.8194,1420142258.96,3888.3909,190708285.43
DE,2022,S,250+,Totale,96.2799,1825897190.1,4999.3597,245196366.98
DE,2022,S,mancante,Totale,98.2448,82807128.8,226.7283,11120016.64
DE,2022,S,1-19,TFP,2455.1377,486905917.36,1333.1626,65385697.86
DE,2022,S,20-249,TFP,375.4916,852085355.38,2333.0345,114424971.26
DE,2022,S,250+,TFP,57.7679,1095538314.06,2999.6158,147117820.19
DE,2022,S,mancante,TFP,58.9469,49684277.28,136.037,6672009.99
DE,2023,A,1-19,Totale,1883.4148,363998880.45,6104.1954,84470410.5
DE,2023,A,20-249,Totale,288.0517,636998040.78,10682.342,147823218.37
DE,2023,A,250+,Totale,44.3156,818997481.0,13734.4398,190058423.62
DE,2023,A,mancante,Totale,45.22,37142742.9,622.8771,8619429.64
DE,2023,A,1-19,TFP,1130.0489,218399328.27,3662.5173,50682246.3
DE,2023,A,20-249,TFP,172.831,382198824.47,6409.4052,88693931.02
DE,2023,A,250+,TFP,26.5894,491398488.6,8240.6639,114035054.17
DE,2023,A,mancante,TFP,27.132,22285645.74,373.7263,5171657.79
DE,2023,B,1-19,Totale,361.8928,703483200.0,3162.852,104496581.67
DE,2023,B,20-249,Totale,99.5205,2802590280.0,9436.812,416301489.64
DE,2023,B,250+,Totale,6.6347,5126360400.0,7125.58,761478224.69
DE,2023,B,mancante,Totale,9.552,176172120.0,402.556,26168904.0
DE,2023,B,1-19,TFP,217.1357,422089920.0,1897.7112,62697949.0
DE,2023,B,20-249,TFP,59.7123,1681554168.0,5662.0872,249780893.78
DE,2023,B,250+,TFP,3.9808,3075816240.0,4275.348,456886934.81
DE,2023,B,mancante,TFP,5.7312,105703272.0,241.5336,15701342.4
DE,2023,C,1-19,Totale,46405.895,53070375120.0,405930.063,9479409951.4
DE,2023,C,20-249,Totale,12361.538,253645383600.0,1212029.896,45306040667.45
DE,2023,C,250+,Totale,1438.279,1394047663680.0,2781231.376,249004256441.15
DE,2023,C,mancante,Totale,1228.688,34709457600.0,89779.415,6199789940.0
DE,2023,C,1-19,TFP,27843.537,31842225072.0,243558.0378,5687645970.84
DE,2023,C,20-249,TFP,7416.9228,152187230160.0,727217.9376,27183624400.47
DE,2023,C,250+,TFP,862.9674,836428598208.0,1668738.8256,149402553864.69
DE,2023,C,mancante,TFP,737.2128,20825674560.0,53867.649,3719873964.0
DE,2023,D,1-19,Totale,3408.7888,23561242320.0,63151.935,519367629.83
DE,2023,D,20-249,Totale,43.3249,90080835600.0,36482.754,1985679254.22
DE,2023,D,250+,Totale,10.4223,622175259720.0,129175.123,13714798463.95
DE,2023,D,mancante,Totale,70.664,15016680360.0,4669.588,331017252.0
DE,2023,D,1-19,TFP,2045.2733,14136745392.0,37891.161,311620577.9
DE,2023,D,20-249,TFP,25.995,54048501360.0,21889.6524,1191407552.53
DE,2023,D,250+,TFP,6.2534,373305155832.0,77505.0738,8228879078.37
DE,2023,D,mancante,TFP,42.3984,9010008216.0,2801.7528,198610351.2
DE,2023,E,1-19,Totale,2348.2801,6198219003.63,19537.672,1187659227.87
DE,2023,E,20-249,Totale,565.9349,17695246434.84,60198.754,3390638940.86
DE,2023,E,250+,Totale,50.481,26981829241.53,83640.942,5170068767.27
DE,2023,E,mancante,Totale,60.504,1038271320.0,3334.232,198946264.0
DE,2023,E,1-19,TFP,1408.968,3718931402.18,11722.6032,712595536.72
DE,2023,E,20-249,TFP,339.5609,10617147860.9,36119.2524,2034383364.52
DE,2023,E,250+,TFP,30.2886,16189097544.92,50184.5652,3102041260.36
DE,2023,E,mancante,TFP,36.3024,622962792.0,2000.5392,119367758.4
DE,2023,F,1-19,Totale,96786.88,107862543600.0,789799.934,27375885619.88
DE,2023,F,20-249,Totale,5028.4798,83048508480.0,434358.54,21077997914.47
DE,2023,F,250+,Totale,126.5922,53359089000.0,189530.187,13542720841.65
DE,2023,F,mancante,Totale,2080.448,4985104920.0,28850.789,1265236824.0
DE,2023,F,1-19,TFP,58072.128,64717526160.0,473879.9604,16425531371.93
DE,2023,F,20-249,TFP,3017.0879,49829105088.0,260615.124,12646798748.68
DE,2023,F,250+,TFP,75.9553,32015453400.0,113718.1122,8125632504.99
DE,2023,F,mancante,TFP,1248.2688,2991062952.0,17310.4734,759142094.4
DE,2023,G,1-19,Totale,128449.0827,275769430440.0,995851.549,25216411399.48
DE,2023,G,20-249,Totale,9421.8557,432759791520.0,962248.672,39571641144.96
DE,2023,G,250+,Totale,466.6455,757238112960.0,1426964.77,69242003195.56
DE,2023,G,mancante,Totale,2823.216,29913619080.0,69082.959,2735307260.0
DE,2023,G,1-19,TFP,77069.4496,165461658264.0,597510.9294,15129846839.69
DE,2023,G,20-249,TFP,5653.1134,259655874912.0,577349.2032,23742984686.98
DE,2023,G,250+,TFP,279.9873,454342867776.0,856178.862,41545201917.34
DE,2023,G,mancante,TFP,1693.9296,17948171448.0,41449.7754,1641184356.0
DE,2023,H,1-19,Totale,25542.0354,30700409040.0,214574.283,6227021944.58
DE,2023,H,20-249,Totale,3946.4561,61475511720.0,351944.901,12469194141.23
DE,2023,H,250+,Totale,199.6285,136563282240.0,544090.855,27699388442.18
DE,2023,H,mancante,Totale,605.88,4668147000.0,22665.511,946849072.0
DE,2023,H,1-19,TFP,15325.2212,18420245424.0,128744.5698,3736213166.75
DE,2023,H,20-249,TFP,2367.8737,36885307032.0,211166.9406,7481516484.74
DE,2023,H,250+,TFP,119.7771,81937969344.0,326454.513,16619633065.31
DE,2023,H,mancante,TFP,363.528,2800888200.0,13599.3066,568109443.2
DE,2023,I,1-19,Totale,67388.5349,29990890601.7,557395.531,8946627418.86
DE,2023,I,20-249,Totale,6081.694,27510724436.72,412001.359,8206765341.75
DE,2023,I,250+,Totale,138.7471,17275221081.58,185302.81,5153397031.38
DE,2023,I,mancante,Totale,1502.224,1526057880.0,23565.3,455240608.0
DE,2023,I,1-19,TFP,40433.121,17994534361.02,334437.3186,5367976451.32
DE,2023,I,20-249,TFP,3649.0164,16506434662.03,247200.8154,4924059205.05
DE,2023,I,250+,TFP,83.2482,10365132648.95,111181.686,3092038218.83
DE,2023,I,mancante,TFP,901.3344,915634728.0,14139.18,273144364.8
DE,2023,J,1-19,Totale,23733.9343,27313429080.0,183316.595,7601962885.18
DE,2023,J,20-249,Totale,1659.7062,51941856120.0,260313.823,14456627223.73
DE,2023,J,250+,Totale,142.0235,138749572080.0,401132.424,38617234555.09
DE,2023,J,mancante,Totale,521.136,4449078720.0,17240.058,1238282136.0
DE,2023,J,1-19,TFP,14240.3606,16388057448.0,109989.957,4561177731.11
DE,2023,J,20-249,TFP,995.8237,31165113672.0,156188.2938,8673976334.24
DE,2023,J,250+,TFP,85.2141,83249743248.0,240679.4544,23170340733.06
DE,2023,J,mancante,TFP,312.6816,2669447232.0,10344.0348,742969281.6
DE,2023,K,1-19,Totale,21161.2984,41233863940.22,115105.606,5777484280.17
DE,2023,K,20-249,Totale,556.8679,43416996187.41,71753.836,6083373930.92
DE,2023,K,250+,Totale,223.6417,306544993032.37,409104.773,42951562360.91
DE,2023,K,mancante,Totale,447.792,7983588840.0,12162.535,1118620828.0
DE,2023,K,1-19,TFP,12696.7791,24740318364.13,69063.3636,3466490568.1
DE,2023,K,20-249,TFP,334.1207,26050197712.44,43052.3016,3650024358.55
DE,2023,K,250+,TFP,134.185,183926995819.42,245462.8638,25770937416.55
DE,2023,K,mancante,TFP,268.6752,4790153304.0,7297.521,671172496.8
DE,2023,L,1-19,Totale,37481.043,42468223560.0,233670.514,6022824483.41
DE,2023,L,20-249,Totale,617.9609,19217163000.0,63924.322,2725369467.23
DE,2023,L,250+,Totale,23.3881,15777092520.0,49011.809,2237500209.36
DE,2023,L,mancante,Totale,778.008,1580866920.0,7073.605,224197840.0
DE,2023,L,1-19,TFP,22488.6258,25480934136.0,140202.3084,3613694690.05
DE,2023,L,20-249,TFP,370.7765,11530297800.0,38354.5932,1635221680.34
DE,2023,L,250+,TFP,14.0329,9466255512.0,29407.0854,1342500125.61
DE,2023,L,mancante,TFP,466.8048,948520152.0,4244.163,134518704.0
DE,2023,M,1-19,Totale,82860.8286,86509941000.0,660522.1513,28274496550.86
DE,2023,M,20-249,Totale,2970.6786,64993245240.0,388550.4001,21242082321.7
DE,2023,M,250+,Totale,121.1568,79764816600.0,376928.4865,26069952259.44
DE,2023,M,mancante,Totale,1754.136,4719755160.0,29102.062,1542582268.0
DE,2023,M,1-19,TFP,49716.4972,51905964600.0,396313.2908,16964697930.52
DE,2023,M,20-249,TFP,1782.4071,38995947144.0,233130.2401,12745249393.02
DE,2023,M,250+,TFP,72.6941,47858889960.0,226157.0919,15641971355.66
DE,2023,M,mancante,TFP,1052.4816,2831853096.0,17461.2372,925549360.8
DE,2023,N,1-19,Totale,52318.1683,41364319515.83,390855.311,12375121441.99
DE,2023,N,20-249,Totale,4194.2898,54438111839.07,514691.639,16286457820.81
DE,2023,N,250+,Totale,334.5979,94836517845.1,806864.674,28372603229.2
DE,2023,N,mancante,Totale,1160.144,3890590800.0,34947.176,1163962908.0
DE,2023,N,1-19,TFP,31390.901,24818591709.5,234513.1866,7425072865.19
DE,2023,N,20-249,TFP,2516.5739,32662867103.44,308814.9834,9771874692.49
DE,2023,N,250+,TFP,200.7587,56901910707.06,484118.8044,17023561937.52
DE,2023,N,mancante,TFP,696.0864,2334354480.0,20968.3056,698377744.8
DE,2023,O,1-19,Totale,3109.5464,761891679.92,5431.6294,63104459.53
DE,2023,O,20-249,Totale,475.5777,1333310439.86,9505.3515,110432804.17
DE,2023,O,250+,Totale,73.1658,1714256279.82,12221.1662,141985033.93
DE,2023,O,mancante,Totale,74.659,77744048.97,554.2479,6439230.56
DE,2023,O,1-19,TFP,1865.7278,457135007.95,3258.9776,37862675.72
DE,2023,O,20-249,TFP,285.3466,799986263.92,5703.2109,66259682.5
DE,2023,O,250+,TFP,43.8995,1028553767.89,7332.6997,85191020.36
DE,2023,O,mancante,TFP,44.7954,46646429.38,332.5487,3863538.34
DE,2023,P,1-19,Totale,10904.3533,5992492140.97,87370.283,2825258347.41
DE,2023,P,20-249,Totale,556.0345,6514730383.15,77754.523,3071476100.95
DE,2023,P,250+,Totale,49.9083,6426924315.88,84128.737,3030078495.64
DE,2023,P,mancante,Totale,234.904,386411160.0,5086.807,182179856.0
DE,2023,P,1-19,TFP,6542.612,3595495284.58,52422.1698,1695155008.45
DE,2023,P,20-249,TFP,333.6207,3908838229.89,46652.7138,1842885660.57
DE,2023,P,250+,TFP,29.945,3856154589.53,50477.2422,1818047097.38
DE,2023,P,mancante,TFP,140.9424,231846696.0,3052.0842,109307913.6
DE,2023,Q,1-19,Totale,71132.452,53191897080.0,659376.0661,29041867828.19
DE,2023,Q,20-249,Totale,8376.711,46134050760.0,654136.4461,25188404213.82
DE,2023,Q,250+,Totale,776.3569,134000895840.0,1696958.2588,73162201753.99
DE,2023,Q,mancante,Totale,1638.48,4761772320.0,61438.179,2599846404.0
DE,2023,Q,1-19,TFP,42679.4712,31915138248.0,395625.6396,17425120696.91
DE,2023,Q,20-249,TFP,5026.0266,27680430456.0,392481.8677,15113042528.29
DE,2023,Q,250+,TFP,465.8142,80400537504.0,1018174.9553,43897321052.39
DE,2023,Q,mancante,TFP,983.088,2857063392.0,36862.9074,1559907842.4
DE,2023,R,1-19,Totale,11618.293,10625301120.0,111485.682,2366644252.33
DE,2023,R,20-249,Totale,485.1175,9088663080.0,83291.131,2024378603.18
DE,2023,R,250+,Totale,18.0135,10169612880.0,51374.246,2265145768.49
DE,2023,R,mancante,Totale,247.376,609868920.0,5023.491,135840176.0
DE,2023,R,1-19,TFP,6970.9758,6375180672.0,66891.4092,1419986551.4
DE,2023,R,20-249,TFP,291.0705,5453197848.0,49974.6786,1214627161.91
DE,2023,R,250+,TFP,10.8081,6101767728.0,30824.5476,1359087461.09
DE,2023,R,mancante,TFP,148.4256,365921352.0,3014.0946,81504105.6
DE,2023,S,1-19,Totale,3112.8868,591260859.04,3153.3333,113220117.44
DE,2023,S,20-249,Totale,476.0886,1034706503.32,5518.3332,198135205.53
DE,2023,S,250+,Totale,73.2444,1330336932.84,7094.9998,254745264.25
DE,2023,S,mancante,Totale,74.7392,60332740.72,321.7687,11553073.21
DE,2023,S,1-19,TFP,1867.7321,354756515.42,1892.0,67932070.47
DE,2023,S,20-249,TFP,285.6531,620823901.99,3310.9999,118881123.32
DE,2023,S,250+,TFP,43.9466,798202159.7,4256.9999,152847158.55
DE,2023,S,mancante,TFP,44.8435,36199644.43,193.0612,6931843.93
FR,2005,A,1-19,Totale,1100.6563,154459448.62,1784.8685,74895034.91
FR,2005,A,20-249,Totale,168.3357,270304035.08,3123.5198,131066311.09
FR,2005,A,250+,Totale,25.8978,347533759.39,4015.9541,168513828.55
FR,2005,A,mancante,Totale,26.4263,15761168.23,182.1294,7642350.5
FR,2005,A,1-19,TFP,660.3938,92675669.17,1070.9211,44937020.95
FR,2005,A,20-249,TFP,101.0014,162182421.05,1874.1119,78639786.66
FR,2005,A,250+,TFP,15.5387,208520255.63,2409.5724,101108297.13
FR,2005,A,mancante,TFP,15.8558,9456700.94,109.2777,4585410.3
FR,2005,B,1-19,Totale,907.8867,1555848000.0,3994.0488,252247688.0
FR,2005,B,20-249,Totale,138.8533,2722734000.0,6989.5854,441433454.0
FR,2005,B,250+,Totale,21.362,3500658000.0,8986.6098,567557298.0
FR,2005,B,mancante,Totale,21.798,158760000.0,407.556,25739560.0
FR,2005,B,1-19,TFP,544.732,933508800.0,2396.4293,151348612.8
FR,2005,B,20-249,TFP,83.312,1633640400.0,4193.7512,264860072.4
FR,2005,B,250+,TFP,12.8172,2100394800.0,5391.9659,340534378.8
FR,2005,B,mancante,TFP,13.0788,95256000.0,244.5336,15443736.0
FR,2005,C,1-19,Totale,89838.3637,82316637504.38,410718.0,13136736021.8
FR,2005,C,20-249,Totale,8723.4449,191930354695.23,759892.98,30629754575.03
FR,2005,C,250+,Totale,801.8614,467175535800.39,1026852.036,74555544003.17
FR,2005,C,mancante,Totale,2027.83,15131072000.0,44846.184,2414735400.0
FR,2005,C,1-19,TFP,53903.0182,49389982502.63,246430.8,7882041613.08
FR,2005,C,20-249,TFP,5234.0669,115158212817.14,455935.788,18377852745.02
FR,2005,C,250+,TFP,481.1168,280305321480.23,616111.2216,44733326401.9
FR,2005,C,mancante,TFP,1216.698,9078643200.0,26907.7104,1448841240.0
FR,2005,D,1-19,Totale,468.8124,11911735360.0,23033.3712,1820427224.0
FR,2005,D,20-249,Totale,71.7007,20845536880.0,40308.3996,3185747642.0
FR,2005,D,250+,Totale,11.0309,26801404560.0,51825.0852,4095961254.0
FR,2005,D,mancante,Totale,11.256,1215483200.0,2350.344,185757880.0
FR,2005,D,1-19,TFP,281.2874,7147041216.0,13820.0227,1092256334.4
FR,2005,D,20-249,TFP,43.0204,12507322128.0,24185.0398,1911448585.2
FR,2005,D,250+,TFP,6.6185,16080842736.0,31095.0511,2457576752.4
FR,2005,D,mancante,TFP,6.7536,729289920.0,1410.2064,111454728.0
FR,2005,E,1-19,Totale,3085.0775,597546005.87,667.2935,163482206.92
FR,2005,E,20-249,Totale,471.8354,1045705510.27,1167.7635,286093862.11
FR,2005,E,250+,Totale,72.5901,1344478513.21,1501.4103,367834965.57
FR,2005,E,mancante,Totale,74.0715,60974082.23,68.0912,16681857.85
FR,2005,E,1-19,TFP,1851.0465,358527603.52,400.3761,98089324.15
FR,2005,E,20-249,TFP,283.1012,627423306.16,700.6581,171656317.27
FR,2005,E,250+,TFP,43.554,806687107.93,900.8462,220700979.34
FR,2005,E,mancante,TFP,44.4429,36584449.34,40.8547,10009114.71
FR,2005,F,1-19,Totale,107756.2969,28052413760.0,180883.8528,7575369032.0
FR,2005,F,20-249,Totale,16480.3748,49091724080.0,316546.7424,13256895806.0
FR,2005,F,250+,Totale,2535.4423,63117930960.0,406988.6688,17044580322.0
FR,2005,F,mancante,Totale,2587.186,2862491200.0,18457.536,772996840.0
FR,2005,F,1-19,TFP,64653.7781,16831448256.0,108530.3117,4545221419.2
FR,2005,F,20-249,TFP,9888.2249,29455034448.0,189928.0454,7954137483.6
FR,2005,F,250+,TFP,1521.2654,37870758576.0,244193.2013,10226748193.2
FR,2005,F,mancante,TFP,1552.3116,1717494720.0,11074.5216,463798104.0
FR,2005,G,1-19,Totale,176646.6464,178779157760.0,381645.0456,15754221868.0
FR,2005,G,20-249,Totale,27016.5459,312863526080.0,667878.8298,27569888269.0
FR,2005,G,250+,Totale,4156.3917,402253104960.0,858701.3526,35446999203.0
FR,2005,G,mancante,Totale,4241.216,18242771200.0,38943.372,1607573660.0
FR,2005,G,1-19,TFP,105987.9878,107267494656.0,228987.0274,9452533120.8
FR,2005,G,20-249,TFP,16209.9276,187718115648.0,400727.2979,16541932961.4
FR,2005,G,250+,TFP,2493.835,241351862976.0,515220.8116,21268199521.8
FR,2005,G,mancante,TFP,2544.7296,10945662720.0,23366.0232,964544196.0
FR,2005,H,1-19,Totale,22463.9275,36120369600.0,181971.888,9504685036.0
FR,2005,H,20-249,Totale,3435.6595,63210646800.0,318450.804,16633198813.0
FR,2005,H,250+,Totale,528.563,81270831600.0,409436.748,21385541331.0
FR,2005,H,mancante,Totale,539.35,3685752000.0,18568.56,969865820.0
FR,2005,H,1-19,TFP,13478.3565,21672221760.0,109183.1328,5702811021.6
FR,2005,H,20-249,TFP,2061.3957,37926388080.0,191070.4824,9979919287.8
FR,2005,H,250+,TFP,317.1378,48762498960.0,245662.0488,12831324798.6
FR,2005,H,mancante,TFP,323.61,2211451200.0,11141.136,581919492.0
FR,2005,I,1-19,Totale,70316.029,9856024640.0,104375.9976,3164913136.0
FR,2005,I,20-249,Totale,10754.2162,17248043120.0,182657.9958,5538597988.0
FR,2005,I,250+,Totale,1654.4948,22176055440.0,234845.9946,7121054556.0
FR,2005,I,mancante,Totale,1688.26,1005716800.0,10650.612,322950320.0
FR,2005,I,1-19,TFP,42189.6174,5913614784.0,62625.5986,1898947881.6
FR,2005,I,20-249,TFP,6452.5297,10348825872.0,109594.7975,3323158792.8
FR,2005,I,250+,TFP,992.6969,13305633264.0,140907.5968,4272632733.6
FR,2005,I,mancante,TFP,1012.956,603430080.0,6390.3672,193770192.0
FR,2005,J,1-19,Totale,3100.4977,468068441.65,1654.9327,29437354.17
FR,2005,J,20-249,Totale,474.1938,819119772.9,2896.1322,51515369.8
FR,2005,J,250+,Totale,72.9529,1053153993.72,3723.5986,66234046.89
FR,2005,J,mancante,Totale,74.4417,47762085.88,168.8707,3003811.65
FR,2005,J,1-19,TFP,1860.2986,280841064.99,992.9596,17662412.5
FR,2005,J,20-249,TFP,284.5163,491471863.74,1737.6793,30909221.88
FR,2005,J,250+,TFP,43.7717,631892396.23,2234.1591,39740428.13
FR,2005,J,mancante,TFP,44.665,28657251.53,101.3224,1802286.99
FR,2005,K,1-19,Totale,304.4061,597657310.71,4182.2071,68822543.73
FR,2005,K,20-249,Totale,46.5562,1045900293.75,7318.8624,120439451.52
FR,2005,K,250+,Totale,7.1625,1344728949.1,9409.9659,154850723.39
FR,2005,K,mancante,Totale,7.3087,60985439.87,426.7558,7022708.54
FR,2005,K,1-19,TFP,182.6437,358594386.43,2509.3242,41293526.24
FR,2005,K,20-249,TFP,27.9337,627540176.25,4391.3174,72263670.91
FR,2005,K,250+,TFP,4.2975,806837369.46,5645.9795,92910434.03
FR,2005,K,mancante,TFP,4.3852,36591263.92,256.0535,4213625.13
FR,2005,L,1-19,Totale,95655.8057,65232186880.0,376671.3888,19507089140.0
FR,2005,L,20-249,Totale,14629.7115,114156327040.0,659174.9304,34137405995.0
FR,2005,L,250+,Totale,2250.7248,146772420480.0,847510.6248,43890950565.0
FR,2005,L,mancante,Totale,2296.658,6656345600.0,38435.856,1990519300.0
FR,2005,L,1-19,TFP,57393.4834,39139312128.0,226002.8333,11704253484.0
FR,2005,L,20-249,TFP,8777.8269,68493796224.0,395504.9582,20482443597.0
FR,2005,L,250+,TFP,1350.4349,88063452288.0,508506.3749,26334570339.0
FR,2005,L,mancante,TFP,1377.9948,3993807360.0,23061.5136,1194311580.0
FR,2005,M,1-19,Totale,1033.8443,766922559.79,2220.6603,61576615.16
FR,2005,M,20-249,Totale,158.1174,1342114479.62,3886.1556,107759076.53
FR,2005,M,250+,Totale,24.3257,1725575759.52,4996.4858,138547384.11
FR,2005,M,mancante,Totale,24.8222,78257404.06,226.598,6283328.08
FR,2005,M,1-19,TFP,620.3066,460153535.87,1332.3962,36945969.09
FR,2005,M,20-249,TFP,94.8704,805268687.77,2331.6934,64655445.92
FR,2005,M,250+,TFP,14.5954,1035345455.71,2997.8915,83128430.46
FR,2005,M,mancante,TFP,14.8933,46954442.44,135.9588,3769996.85
FR,2005,N,1-19,Totale,3645.5816,597541921.73,2984.7074,36650177.84
FR,2005,N,20-249,Totale,557.5595,1045698363.03,5223.238,64137811.21
FR,2005,N,250+,Totale,85.7784,1344469323.9,6715.5917,82462900.13
FR,2005,N,mancante,Totale,87.529,60973665.48,304.562,3739814.06
FR,2005,N,1-19,TFP,2187.349,358525153.04,1790.8244,21990106.7
FR,2005,N,20-249,TFP,334.5357,627419017.82,3133.9428,38482686.73
FR,2005,N,250+,TFP,51.467,806681594.34,4029.355,49477740.08
FR,2005,N,mancante,TFP,52.5174,36584199.29,182.7372,2243888.44
FR,2005,O,1-19,Totale,1957.525,250857261.08,2270.3707,135700544.09
FR,2005,O,20-249,Totale,299.3862,439000206.9,3973.1488,237475952.16
FR,2005,O,250+,Totale,46.0594,564428837.44,5108.3341,305326224.21
FR,2005,O,mancante,Totale,46.9994,25597679.7,231.6705,13846994.3
FR,2005,O,1-19,TFP,1174.515,150514356.65,1362.2224,81420326.46
FR,2005,O,20-249,TFP,179.6317,263400124.14,2383.8893,142485571.3
FR,2005,O,250+,TFP,27.6356,338657302.46,3065.0005,183195734.52
FR,2005,O,mancante,TFP,28.1996,15358607.82,139.0023,8308196.58
FR,2005,P,1-19,Totale,752.2491,922437511.48,8789.0224,107537988.93
FR,2005,P,20-249,Totale,115.0499,1614265645.08,15380.7892,188191480.62
FR,2005,P,250+,Totale,17.7,2075484400.82,19775.3005,241960475.08
FR,2005,P,mancante,Totale,18.0612,94126276.68,896.839,10973264.18
FR,2005,P,1-19,TFP,451.3495,553462506.89,5273.4135,64522793.36
FR,2005,P,20-249,TFP,69.0299,968559387.05,9228.4735,112914888.37
FR,2005,P,250+,TFP,10.62,1245290640.49,11865.1803,145176285.05
FR,2005,P,mancante,TFP,10.8367,56475766.01,538.1034,6583958.51
FR,2005,Q,1-19,Totale,2176.5749,369486018.76,6570.3561,66204942.5
FR,2005,Q,20-249,Totale,332.8879,646600532.84,11498.1233,115858649.37
FR,2005,Q,250+,Totale,51.2135,831343542.22,14783.3013,148961120.62
FR,2005,Q,mancante,Totale,52.2587,37702654.98,670.4445,6755606.38
FR,2005,Q,1-19,TFP,1305.945,221691611.26,3942.2137,39722965.5
FR,2005,Q,20-249,TFP,199.7328,387960319.7,6898.874,69515189.62
FR,2005,Q,250+,TFP,30.7281,498806125.33,8869.9808,89376672.37
FR,2005,Q,mancante,TFP,31.3552,22621592.99,402.2667,4053363.83
FR,2005,R,1-19,Totale,2623.9555,205848862.55,5584.959,167273878.3
FR,2005,R,20-249,Totale,401.3108,360235509.46,9773.6782,292729287.02
FR,2005,R,250+,Totale,61.7401,463159940.73,12566.1577,376366226.17
FR,2005,R,mancante,Totale,63.0001,21004985.97,569.8938,17068763.09
FR,2005,R,1-19,TFP,1574.3733,123509317.53,3350.9754,100364326.98
FR,2005,R,20-249,TFP,240.7865,216141305.67,5864.2069,175637572.21
FR,2005,R,250+,TFP,37.0441,277895964.44,7539.6946,225819735.7
FR,2005,R,mancante,TFP,37.8001,12602991.58,341.9363,10241257.85
FR,2005,S,1-19,Totale,2334.6823,351192870.07,1307.5904,113380986.12
FR,2005,S,20-249,Totale,357.0691,614587522.62,2288.2832,198416725.72
FR,2005,S,250+,Totale,54.9337,790183957.65,2942.0784,255107218.78
FR,2005,S,mancante,Totale,56.0548,35836007.15,133.4276,11569488.38
FR,2005,S,1-19,TFP,1400.8094,210715722.04,784.5542,68028591.67
FR,2005,S,20-249,TFP,214.2414,368752513.57,1372.9699,119050035.43
FR,2005,S,250+,TFP,32.9602,474110374.59,1765.2471,153064331.27
FR,2005,S,mancante,TFP,33.6329,21501604.29,80.0566,6941693.03
FR,2006,A,1-19,Totale,2593.565,764144638.11,213.867,43435872.72
FR,2006,A,20-249,Totale,396.6629,1337253116.69,374.2672,76012777.26
FR,2006,A,250+,Totale,61.0251,1719325435.75,481.2007,97730713.63
FR,2006,A,mancante,Totale,62.2705,77973942.66,21.8232,4432231.91
FR,2006,A,1-19,TFP,1556.139,458486782.87,128.3202,26061523.63
FR,2006,A,20-249,TFP,237.9977,802351870.02,224.5603,45607666.36
FR,2006,A,250+,TFP,36.615,1031595261.45,288.7204,58638428.18
FR,2006,A,mancante,TFP,37.3623,46784365.6,13.0939,2659339.15
FR,2006,B,1-19,Totale,906.7205,1723341760.0,3883.2696,250632844.0
FR,2006,B,20-249,Totale,138.6749,3015848080.0,6795.7218,438607477.0
FR,2006,B,250+,Totale,21.3346,3877518960.0,8737.3566,563923899.0
FR,2006,B,mancante,Totale,21.77,175851200.0,396.252,25574780.0
FR,2006,B,1-19,TFP,544.0323,1034005056.0,2329.9618,150379706.4
FR,2006,B,20-249,TFP,83.2049,1809508848.0,4077.4331,263164486.2
FR,2006,B,250+,TFP,12.8008,2326511376.0,5242.414,338354339.4
FR,2006,B,mancante,TFP,13.062,105510720.0,237.7512,15344868.0
FR,2006,C,1-19,Totale,88984.0945,71892564800.0,424885.86,11514620999.8
FR,2006,C,20-249,Totale,8204.5435,200418075200.0,730621.752,32099817051.42
FR,2006,C,250+,Totale,771.476,472517505600.0,995104.74,75680426868.78
FR,2006,C,mancante,Totale,1999.186,15200574400.0,43890.048,2434589080.0
FR,2006,C,1-19,TFP,53390.4567,43135538880.0,254931.516,6908772599.88
FR,2006,C,20-249,TFP,4922.7261,120250845120.0,438373.0512,19259890230.85
FR,2006,C,250+,TFP,462.8856,283510503360.0,597062.844,45408256121.27
FR,2006,C,mancante,TFP,1199.5116,9120344640.0,26334.0288,1460753448.0
FR,2006,D,1-19,Totale,454.2349,13222740160.0,22945.2888,1826931876.0
FR,2006,D,20-249,Totale,69.4712,23139795280.0,40154.2554,3197130783.0
FR,2006,D,250+,Totale,10.6879,29751165360.0,51626.8998,4110596721.0
FR,2006,D,mancante,Totale,10.906,1349259200.0,2341.356,186421620.0
FR,2006,D,1-19,TFP,272.5409,7933644096.0,13767.1733,1096159125.6
FR,2006,D,20-249,TFP,41.6827,13883877168.0,24092.5532,1918278469.8
FR,2006,D,250+,TFP,6.4127,17850699216.0,30976.1399,2466358032.6
FR,2006,D,mancante,TFP,6.5436,809555520.0,1404.8136,111852972.0
FR,2006,E,1-19,Totale,3218.1676,604716644.79,6942.9345,159769682.98
FR,2006,E,20-249,Totale,492.1903,1058254128.38,12150.1354,279596945.22
FR,2006,E,250+,Totale,75.7216,1360612450.77,15621.6027,359481786.71
FR,2006,E,mancante,Totale,77.2669,61705780.08,708.4627,16303028.88
FR,2006,E,1-19,TFP,1930.9006,362829986.87,4165.7607,95861809.79
FR,2006,E,20-249,TFP,295.3142,634952477.03,7290.0813,167758167.13
FR,2006,E,250+,TFP,45.433,816367470.46,9372.9616,215689072.03
FR,2006,E,mancante,TFP,46.3602,37023468.05,425.0776,9781817.33
FR,2006,F,1-19,Totale,116735.4538,31570206080.0,194221.8096,8369208232.0
FR,2006,F,20-249,Totale,17853.6576,55247860640.0,339888.1668,14646114406.0
FR,2006,F,250+,Totale,2746.7166,71032963680.0,436999.0716,18830718522.0
FR,2006,F,mancante,Totale,2802.772,3221449600.0,19818.552,854000840.0
FR,2006,F,1-19,TFP,70041.2723,18942123648.0,116533.0858,5021524939.2
FR,2006,F,20-249,TFP,10712.1946,33148716384.0,203932.9001,8787668643.6
FR,2006,F,250+,TFP,1648.0299,42619778208.0,262199.443,11298431113.2
FR,2006,F,mancante,TFP,1681.6632,1932869760.0,11891.1312,512400504.0
FR,2006,G,1-19,Totale,175364.4095,186277866880.0,390375.4344,16516896088.0
FR,2006,G,20-249,Totale,26820.4391,325986267040.0,683157.0102,28904568154.0
FR,2006,G,250+,Totale,4126.2214,419125200480.0,878344.7274,37163016198.0
FR,2006,G,mancante,Totale,4210.43,19007945600.0,39834.228,1685397560.0
FR,2006,G,1-19,TFP,105218.6457,111766720128.0,234225.2606,9910137652.8
FR,2006,G,20-249,TFP,16092.2635,195591760224.0,409894.2061,17342740892.4
FR,2006,G,250+,TFP,2475.7328,251475120288.0,527006.8364,22297809718.8
FR,2006,G,mancante,TFP,2526.258,11404767360.0,23900.5368,1011238536.0
FR,2006,H,1-19,Totale,23301.2591,37295475840.0,182073.7296,9766214304.0
FR,2006,H,20-249,Totale,3563.722,65267082720.0,318629.0268,17090875032.0
FR,2006,H,250+,Totale,548.2649,83914820640.0,409665.8916,21973982184.0
FR,2006,H,mancante,Totale,559.454,3805660800.0,18578.952,996552480.0
FR,2006,H,1-19,TFP,13980.7555,22377285504.0,109244.2378,5859728582.4
FR,2006,H,20-249,TFP,2138.2332,39160249632.0,191177.4161,10254525019.2
FR,2006,H,250+,TFP,328.959,50348892384.0,245799.535,13184389310.4
FR,2006,H,mancante,TFP,335.6724,2283396480.0,11147.3712,597931488.0
FR,2006,I,1-19,Totale,69517.7651,10426102400.0,107648.2176,3357305952.0
FR,2006,I,20-249,Totale,10632.1288,18245679200.0,188384.3808,5875285416.0
FR,2006,I,250+,Totale,1635.7121,23458730400.0,242208.4896,7553938392.0
FR,2006,I,mancante,Totale,1669.094,1063888000.0,10984.512,342582240.0
FR,2006,I,1-19,TFP,41710.6591,6255661440.0,64588.9306,2014383571.2
FR,2006,I,20-249,TFP,6379.2773,10947407520.0,113030.6285,3525171249.6
FR,2006,I,250+,TFP,981.4273,14075238240.0,145325.0938,4532363035.2
FR,2006,I,mancante,TFP,1001.4564,638332800.0,6590.7072,205549344.0
FR,2006,J,1-19,Totale,1066.4508,636591852.45,9743.6676,72403579.39
FR,2006,J,20-249,Totale,163.1042,1114035741.79,17051.4184,126706263.94
FR,2006,J,250+,Totale,25.093,1432331668.01,21923.2522,162908053.64
FR,2006,J,mancante,Totale,25.6051,64958352.29,994.2518,7388120.35
FR,2006,J,1-19,TFP,639.8705,381955111.47,5846.2006,43442147.64
FR,2006,J,20-249,TFP,97.8625,668421445.07,10230.851,76023758.36
FR,2006,J,250+,TFP,15.0558,859399000.81,13153.9513,97744832.18
FR,2006,J,mancante,TFP,15.363,38975011.37,596.5511,4432872.21
FR,2006,K,1-19,Totale,1748.2356,334889532.46,6229.8696,38339273.84
FR,2006,K,20-249,Totale,267.3772,586056681.8,10902.2718,67093729.22
FR,2006,K,250+,Totale,41.135,753501448.03,14017.2065,86263366.13
FR,2006,K,mancante,Totale,41.9744,34172401.27,635.701,3912170.8
FR,2006,K,1-19,TFP,1048.9413,200933719.47,3737.9217,23003564.3
FR,2006,K,20-249,TFP,160.4263,351634009.08,6541.3631,40256237.53
FR,2006,K,250+,TFP,24.681,452100868.82,8410.3239,51758019.68
FR,2006,K,mancante,TFP,25.1847,20503440.76,381.4206,2347302.48
FR,2006,L,1-19,Totale,100047.7149,71915849600.0,393136.0944,21070937272.0
FR,2006,L,20-249,Totale,15301.4152,125852736800.0,687988.1652,36874140226.0
FR,2006,L,250+,Totale,2354.0639,161810661600.0,884556.2124,47409608862.0
FR,2006,L,mancante,Totale,2402.106,7338352000.0,40115.928,2150095640.0
FR,2006,L,1-19,TFP,60028.6289,43149509760.0,235881.6566,12642562363.2
FR,2006,L,20-249,TFP,9180.8491,75511642080.0,412792.8991,22124484135.6
FR,2006,L,250+,TFP,1412.4383,97086396960.0,530733.7274,28445765317.2
FR,2006,L,mancante,TFP,1441.2636,4403011200.0,24069.5568,1290057384.0
FR,2006,M,1-19,Totale,3486.9578,401691857.77,1341.2515,149593304.69
FR,2006,M,20-249,Totale,533.2994,702960751.1,2347.1901,261788283.21
FR,2006,M,250+,Totale,82.0461,903806679.98,3017.8158,336584935.55
FR,2006,M,mancante,Totale,83.7205,40988965.08,136.8624,15264622.93
FR,2006,M,1-19,TFP,2092.1747,241015114.66,804.7509,89755982.81
FR,2006,M,20-249,TFP,319.9797,421776450.66,1408.3141,157072969.93
FR,2006,M,250+,TFP,49.2276,542284007.99,1810.6895,201950961.33
FR,2006,M,mancante,TFP,50.2323,24593379.05,82.1174,9158773.76
FR,2006,N,1-19,Totale,915.9635,319730915.32,1052.0996,117949239.76
FR,2006,N,20-249,Totale,140.0885,559529101.81,1841.1743,206411169.58
FR,2006,N,250+,Totale,21.5521,719394559.47,2367.2241,265385789.46
FR,2006,N,mancante,Totale,21.9919,32625603.6,107.3571,12035636.71
FR,2006,N,1-19,TFP,549.5781,191838549.19,631.2598,70769543.85
FR,2006,N,20-249,TFP,84.0531,335717461.09,1104.7046,123846701.75
FR,2006,N,250+,TFP,12.9312,431636735.68,1420.3345,159231473.67
FR,2006,N,mancante,TFP,13.1952,19575362.16,64.4143,7221382.03
FR,2006,O,1-19,Totale,1355.7829,612654685.66,3948.1604,154556024.3
FR,2006,O,20-249,Totale,207.355,1072145699.91,6909.2806,270473042.53
FR,2006,O,250+,Totale,31.9008,1378473042.75,8883.3608,347751054.68
FR,2006,O,mancante,Totale,32.5518,62515784.25,402.8735,15771022.89
FR,2006,O,1-19,TFP,813.4697,367592811.4,2368.8962,92733614.58
FR,2006,O,20-249,TFP,124.413,643287419.95,4145.5684,162283825.52
FR,2006,O,250+,TFP,19.1405,827083825.65,5330.0165,208650632.81
FR,2006,O,mancante,TFP,19.5311,37509470.55,241.7241,9462613.73
FR,2006,P,1-19,Totale,3768.6022,556448848.45,984.2836,76745646.94
FR,2006,P,20-249,Totale,576.3745,973785484.79,1722.4963,134304882.15
FR,2006,P,250+,Totale,88.673,1252009909.01,2214.638,172677705.62
FR,2006,P,mancante,Totale,90.4826,56780494.74,100.4371,7831188.46
FR,2006,P,1-19,TFP,2261.1613,333869309.07,590.5701,46047388.17
FR,2006,P,20-249,TFP,345.8247,584271290.87,1033.4978,80582929.29
FR,2006,P,250+,TFP,53.2038,751205945.41,1328.7828,103606623.37
FR,2006,P,mancante,TFP,54.2896,34068296.84,60.2623,4698713.08
FR,2006,Q,1-19,Totale,2386.7266,226213632.05,7426.4973,90217032.56
FR,2006,Q,20-249,Totale,365.0288,395873856.08,12996.3702,157879806.98
FR,2006,Q,250+,Totale,56.1583,508980672.11,16709.6188,202988323.26
FR,2006,Q,mancante,Totale,57.3044,23083023.68,757.8058,9205819.65
FR,2006,Q,1-19,TFP,1432.0359,135728179.23,4455.8984,54130219.54
FR,2006,Q,20-249,TFP,219.0173,237524313.65,7797.8221,94727884.19
FR,2006,Q,250+,TFP,33.695,305388403.26,10025.7713,121792993.95
FR,2006,Q,mancante,TFP,34.3826,13849814.21,454.6835,5523491.79
FR,2006,R,1-19,Totale,4139.6805,886962802.56,8851.6328,87940277.16
FR,2006,R,20-249,Totale,633.1276,1552184904.47,15490.3574,153895485.03
FR,2006,R,250+,Totale,97.4042,1995666305.75,19916.1739,197865623.61
FR,2006,R,mancante,Totale,99.3921,90506408.42,903.2278,8973497.67
FR,2006,R,1-19,TFP,2483.8083,532177681.53,5310.9797,52764166.3
FR,2006,R,20-249,TFP,379.8766,931310942.68,9294.2145,92337291.02
FR,2006,R,250+,TFP,58.4425,1197399783.45,11949.7043,118719374.16
FR,2006,R,mancante,TFP,59.6353,54303845.05,541.9367,5384098.6
FR,2006,S,1-19,Totale,2493.1847,348879706.7,2336.2766,116222565.64
FR,2006,S,20-249,Totale,381.3106,610539486.72,4088.484,203389489.86
FR,2006,S,250+,Totale,58.6632,784979340.07,5256.6223,261500772.68
FR,2006,S,mancante,Totale,59.8604,35599970.07,238.3956,11859445.47
FR,2006,S,1-19,TFP,1495.9108,209327824.02,1401.766,69733539.38
FR,2006,S,20-249,TFP,228.7864,366323692.03,2453.0904,122033693.92
FR,2006,S,250+,TFP,35.1979,470987604.04,3153.9734,156900463.61
FR,2006,S,mancante,TFP,35.9162,21359982.04,143.0373,7115667.28
FR,2007,A,1-19,Totale,2313.7312,557245014.9,3145.0515,87552262.97
FR,2007,A,20-249,Totale,353.8648,975178776.07,5503.8402,153216460.2
FR,2007,A,250+,Totale,54.4407,1253801283.52,7076.3659,196992591.68
FR,2007,A,mancante,Totale,55.5518,56861736.21,320.9236,8933904.38
FR,2007,A,1-19,TFP,1388.2387,334347008.94,1887.0309,52531357.78
FR,2007,A,20-249,TFP,212.3189,585107265.64,3302.3041,91929876.12
FR,2007,A,250+,TFP,32.6644,752280770.11,4245.8196,118195555.01
FR,2007,A,mancante,TFP,33.3311,34117041.73,192.5542,5360342.63
FR,2007,B,1-19,Totale,865.9035,1714686400.0,3574.5696,211861496.0
FR,2007,B,20-249,Totale,132.4323,3000701200.0,6255.4968,370757618.0
FR,2007,B,250+,Totale,20.3742,3858044400.0,8042.7816,476688366.0
FR,2007,B,mancante,Totale,20.79,174968000.0,364.752,21618520.0
FR,2007,B,1-19,TFP,519.5421,1028811840.0,2144.7418,127116897.6
FR,2007,B,20-249,TFP,79.4594,1800420720.0,3753.2981,222454570.8
FR,2007,B,250+,TFP,12.2245,2314826640.0,4825.669,286013019.6
FR,2007,B,mancante,TFP,12.474,104980800.0,218.8512,12971112.0
FR,2007,C,1-19,Totale,87730.8512,76267520000.0,414902.208,11986743392.12
FR,2007,C,20-249,Totale,7623.0858,204205579200.0,710423.952,32094394535.3
FR,2007,C,250+,Totale,731.339,488175004800.0,992056.548,76725039872.58
FR,2007,C,mancante,Totale,1960.924,15686696000.0,43211.892,2465432200.0
FR,2007,C,1-19,TFP,52638.5107,45760512000.0,248941.3248,7192046035.27
FR,2007,C,20-249,TFP,4573.8515,122523347520.0,426254.3712,19256636721.18
FR,2007,C,250+,TFP,438.8034,292905002880.0,595233.9288,46035023923.55
FR,2007,C,mancante,TFP,1176.5544,9412017600.0,25927.1352,1479259320.0
FR,2007,D,1-19,Totale,489.804,15109185280.0,22977.6288,1874230204.0
FR,2007,D,20-249,Totale,74.9112,26441074240.0,40210.8504,3279902857.0
FR,2007,D,250+,Totale,11.5248,33995666880.0,51699.6648,4217017959.0
FR,2007,D,mancante,Totale,11.76,1541753600.0,2344.656,191247980.0
FR,2007,D,1-19,TFP,293.8824,9065511168.0,13786.5773,1124538122.4
FR,2007,D,20-249,TFP,44.9467,15864644544.0,24126.5102,1967941714.2
FR,2007,D,250+,TFP,6.9149,20397400128.0,31019.7989,2530210775.4
FR,2007,D,mancante,TFP,7.056,925052160.0,1406.7936,114748788.0
FR,2007,E,1-19,Totale,3507.6568,121449626.22,819.9132,25652843.04
FR,2007,E,20-249,Totale,536.4652,212536845.88,1434.8481,44892475.31
FR,2007,E,250+,Totale,82.5331,273261658.99,1844.8047,57718896.83
FR,2007,E,mancante,Totale,84.2174,12392819.0,83.6646,2617637.04
FR,2007,E,1-19,TFP,2104.5941,72869775.73,491.9479,15391705.82
FR,2007,E,20-249,TFP,321.8791,127522107.53,860.9089,26935485.19
FR,2007,E,250+,TFP,49.5199,163956995.39,1106.8828,34631338.1
FR,2007,E,mancante,TFP,50.5305,7435691.4,50.1988,1570582.23
FR,2007,F,1-19,Totale,119277.1867,34574635200.0,202773.6816,9048604796.0
FR,2007,F,20-249,Totale,18242.3933,60505611600.0,354853.9428,15835058393.0
FR,2007,F,250+,Totale,2806.522,77792929200.0,456240.7836,20359360791.0
FR,2007,F,mancante,Totale,2863.798,3528024000.0,20691.192,923327020.0
FR,2007,F,1-19,TFP,71566.312,20744781120.0,121664.209,5429162877.6
FR,2007,F,20-249,TFP,10945.436,36303366960.0,212912.3657,9501035035.8
FR,2007,F,250+,TFP,1683.9132,46675757520.0,273744.4702,12215616474.6
FR,2007,F,mancante,TFP,1718.2788,2116814400.0,12414.7152,553996212.0
FR,2007,G,1-19,Totale,173122.9731,198685466560.0,396051.6336,17113588492.0
FR,2007,G,20-249,Totale,26477.6312,347699566480.0,693090.3588,29948779861.0
FR,2007,G,250+,Totale,4073.4817,447042299760.0,891116.1756,38505574107.0
FR,2007,G,mancante,Totale,4156.614,20274027200.0,40413.432,1746284540.0
FR,2007,G,1-19,TFP,103873.7839,119211279936.0,237630.9802,10268153095.2
FR,2007,G,20-249,TFP,15886.5787,208619739888.0,415854.2153,17969267916.6
FR,2007,G,250+,TFP,2444.089,268225379856.0,534669.7054,23103344464.2
FR,2007,G,mancante,TFP,2493.9684,12164416320.0,24248.0592,1047770724.0
FR,2007,H,1-19,Totale,24125.1794,38356666880.0,191173.0296,9911278608.0
FR,2007,H,20-249,Totale,3689.7333,67124167040.0,334552.8018,17344737564.0
FR,2007,H,250+,Totale,567.6513,86302500480.0,430139.3166,22300376868.0
FR,2007,H,mancante,Totale,579.236,3913945600.0,19507.452,1011354960.0
FR,2007,H,1-19,TFP,14475.1076,23014000128.0,114703.8178,5946767164.8
FR,2007,H,20-249,TFP,2213.84,40274500224.0,200731.6811,10406842538.4
FR,2007,H,250+,TFP,340.5908,51781500288.0,258083.59,13380226120.8
FR,2007,H,mancante,TFP,347.5416,2348367360.0,11704.4712,606812976.0
FR,2007,I,1-19,Totale,71338.7864,10995584320.0,109466.5488,3500966700.0
FR,2007,I,20-249,Totale,10910.6379,19242272560.0,191566.4604,6126691725.0
FR,2007,I,250+,Totale,1678.5597,24740064720.0,246299.7348,7877175075.0
FR,2007,I,mancante,Totale,1712.816,1121998400.0,11170.056,357241500.0
FR,2007,I,1-19,TFP,42803.2718,6597350592.0,65679.9293,2100580020.0
FR,2007,I,20-249,TFP,6546.3828,11545363536.0,114939.8762,3676015035.0
FR,2007,I,250+,TFP,1007.1358,14844038832.0,147779.8409,4726305045.0
FR,2007,I,mancante,TFP,1027.6896,673199040.0,6702.0336,214344900.0
FR,2007,J,1-19,Totale,3664.0665,644756206.33,3204.8026,109677498.64
FR,2007,J,20-249,Totale,560.3866,1128323361.08,5608.4045,191935622.62
FR,2007,J,250+,Totale,86.2133,1450701464.25,7210.8058,246774371.94
FR,2007,J,mancante,Totale,87.9728,65791449.63,327.0207,11191581.49
FR,2007,J,1-19,TFP,2198.4399,386853723.8,1922.8816,65806499.18
FR,2007,J,20-249,TFP,336.232,676994016.65,3365.0427,115161373.57
FR,2007,J,250+,TFP,51.728,870420878.55,4326.4835,148064623.16
FR,2007,J,mancante,TFP,52.7837,39474869.78,196.2124,6714948.9
FR,2007,K,1-19,Totale,12315.072,185853308.5,2081.301,71316397.67
FR,2007,K,20-249,Totale,1883.4816,325243289.87,3642.2768,124803695.92
FR,2007,K,250+,Totale,289.7664,418169944.12,4682.9273,160461894.76
FR,2007,K,mancante,Totale,295.68,18964623.32,212.3777,7277183.44
FR,2007,K,1-19,TFP,7389.0432,111511985.1,1248.7806,42789838.6
FR,2007,K,20-249,TFP,1130.089,195145973.92,2185.3661,74882217.55
FR,2007,K,250+,TFP,173.8598,250901966.47,2809.7564,96277136.85
FR,2007,K,mancante,TFP,177.408,11378773.99,127.4266,4366310.06
FR,2007,L,1-19,Totale,122860.3362,76541214400.0,426837.1968,22350769056.0
FR,2007,L,20-249,Totale,18790.4044,133947125200.0,746965.0944,39113845848.0
FR,2007,L,250+,Totale,2890.8314,172217732400.0,960383.6928,50289230376.0
FR,2007,L,mancante,Totale,2949.828,7810328000.0,43554.816,2280690720.0
FR,2007,L,1-19,TFP,73716.2017,45924728640.0,256102.3181,13410461433.6
FR,2007,L,20-249,TFP,11274.2426,80368275120.0,448179.0566,23468307508.8
FR,2007,L,250+,TFP,1734.4989,103330639440.0,576230.2157,30173538225.6
FR,2007,L,mancante,TFP,1769.8968,4686196800.0,26132.8896,1368414432.0
FR,2007,M,1-19,Totale,2309.9243,502116716.85,3634.6556,152636465.31
FR,2007,M,20-249,Totale,353.2825,878704254.49,6360.6474,267113814.29
FR,2007,M,250+,Totale,54.3512,1129762612.91,8177.9752,343432046.94
FR,2007,M,mancante,Totale,55.4604,51236399.68,370.8832,15575149.52
FR,2007,M,1-19,TFP,1385.9546,301270030.11,2180.7934,91581879.18
FR,2007,M,20-249,TFP,211.9695,527222552.69,3816.3884,160268288.57
FR,2007,M,250+,TFP,32.6107,677857567.75,4906.7851,206059228.16
FR,2007,M,mancante,TFP,33.2762,30741839.81,222.5299,9345089.71
FR,2007,N,1-19,Totale,3181.181,165410272.22,2721.9819,99128417.44
FR,2007,N,20-249,Totale,486.5336,289467976.38,4763.4684,173474730.52
FR,2007,N,250+,Totale,74.8513,372173112.49,6124.4593,223038939.24
FR,2007,N,mancante,Totale,76.3789,16878599.21,277.7533,10115144.64
FR,2007,N,1-19,TFP,1908.7086,99246163.33,1633.1892,59477050.46
FR,2007,N,20-249,TFP,291.9201,173680785.83,2858.081,104084838.31
FR,2007,N,250+,TFP,44.9108,223303867.5,3674.6756,133823363.54
FR,2007,N,mancante,TFP,45.8273,10127159.52,166.652,6069086.78
FR,2007,O,1-19,Totale,2613.6024,652539479.6,9763.0776,70167633.22
FR,2007,O,20-249,Totale,399.7274,1141944089.31,17085.3857,122793358.13
FR,2007,O,250+,Totale,61.4965,1468213829.11,21966.9245,157877174.74
FR,2007,O,mancante,Totale,62.7516,66585661.18,996.2324,7159962.57
FR,2007,O,1-19,TFP,1568.1614,391523687.76,5857.8465,42100579.93
FR,2007,O,20-249,TFP,239.8365,685166453.58,10251.2314,73676014.88
FR,2007,O,250+,TFP,36.8979,880928297.47,13180.1547,94726304.84
FR,2007,O,mancante,TFP,37.6509,39951396.71,597.7394,4295977.54
FR,2007,P,1-19,Totale,1021.1855,944041206.37,4494.6548,44855387.82
FR,2007,P,20-249,Totale,156.1813,1652072111.15,7865.6459,78496928.69
FR,2007,P,250+,Totale,24.0279,2124092714.34,10112.9732,100924622.6
FR,2007,P,mancante,Totale,24.5183,96330735.34,458.6382,4577080.39
FR,2007,P,1-19,TFP,612.7113,566424723.82,2696.7929,26913232.69
FR,2007,P,20-249,TFP,93.7088,991243266.69,4719.3875,47098157.21
FR,2007,P,250+,TFP,14.4167,1274455628.6,6067.7839,60554773.56
FR,2007,P,mancante,TFP,14.711,57798441.21,275.1829,2746248.23
FR,2007,Q,1-19,Totale,4042.6237,453283681.34,1393.8267,94103790.03
FR,2007,Q,20-249,Totale,618.2836,793246442.35,2439.1968,164681632.55
FR,2007,Q,250+,Totale,95.1206,1019888283.02,3136.1102,211733527.56
FR,2007,Q,mancante,Totale,97.0618,46253436.87,142.2272,9602427.55
FR,2007,Q,1-19,TFP,2425.5742,271970208.8,836.296,56462274.02
FR,2007,Q,20-249,TFP,370.9702,475947865.41,1463.5181,98808979.53
FR,2007,Q,250+,TFP,57.0723,611932969.81,1881.6661,127040116.54
FR,2007,Q,mancante,TFP,58.2371,27752062.12,85.3363,5761456.53
FR,2007,R,1-19,Totale,2648.9486,872589209.56,5922.1581,166518686.87
FR,2007,R,20-249,Totale,405.1333,1527031116.73,10363.7767,291407702.01
FR,2007,R,250+,Totale,62.3282,1963325721.51,13324.8558,374667045.45
FR,2007,R,mancante,Totale,63.6002,89039715.26,604.3018,16991702.74
FR,2007,R,1-19,TFP,1589.3691,523553525.74,3553.2949,99911212.12
FR,2007,R,20-249,TFP,243.08,916218670.04,6218.266,174844621.21
FR,2007,R,250+,TFP,37.3969,1177995432.91,7994.9135,224800227.27
FR,2007,R,mancante,TFP,38.1601,53423829.16,362.5811,10195021.64
FR,2007,S,1-19,Totale,2718.3174,169168550.4,6481.843,111857023.27
FR,2007,S,20-249,Totale,415.7427,296044963.19,11343.2253,195749790.72
FR,2007,S,250+,Totale,63.9604,380629238.39,14584.1468,251678302.35
FR,2007,S,mancante,Totale,65.2657,17262096.98,661.4126,11413981.97
FR,2007,S,1-19,TFP,1630.9904,101501130.24,3889.1058,67114213.96
FR,2007,S,20-249,TFP,249.4456,177626977.92,6805.9352,117449874.43
FR,2007,S,250+,TFP,38.3762,228377543.04,8750.4881,151006981.41
FR,2007,S,mancante,TFP,39.1594,10357258.19,396.8475,6848389.18
FR,2008,A,1-19,Totale,4030.39,326805475.17,7233.2478,103281869.56
FR,2008,A,20-249,Totale,616.4126,571909581.55,12658.1836,180743271.73
FR,2008,A,250+,Totale,94.8327,735312319.13,16274.8075,232384206.51
FR,2008,A,mancante,Totale,96.7681,33347497.47,738.0865,10538966.28
FR,2008,A,1-19,TFP,2418.234,196083285.1,4339.9487,61969121.74
FR,2008,A,20-249,TFP,369.8476,343145748.93,7594.9102,108445963.04
FR,2008,A,250+,TFP,56.8996,441187391.48,9764.8845,139430523.91
FR,2008,A,mancante,TFP,58.0608,20008498.48,442.8519,6323379.77
FR,2008,B,1-19,Totale,798.847,1975131200.0,1429.5842,286882068.18
FR,2008,B,20-249,Totale,122.1766,3231883200.0,2501.7724,469421644.77
FR,2008,B,250+,Totale,18.7964,1451262400.0,3216.5645,210791647.05
FR,2008,B,mancante,Totale,19.18,135883200.0,145.8759,19736640.0
FR,2008,B,1-19,TFP,479.3082,1185078720.0,857.7505,172129240.91
FR,2008,B,20-249,TFP,73.306,1939129920.0,1501.0635,281652986.86
FR,2008,B,250+,TFP,11.2778,870757440.0,1929.9387,126474988.23
FR,2008,B,mancante,TFP,11.508,81529920.0,87.5256,11841984.0
FR,2008,C,1-19,Totale,73278.177,89560240000.0,5242.7786,14622170814.86
FR,2008,C,20-249,Totale,11207.2506,213620792000.0,9174.8625,34877080613.33
FR,2008,C,250+,Totale,1724.1924,435648964800.0,11796.2517,71126803351.81
FR,2008,C,mancante,Totale,1759.38,15078163200.0,534.9774,2461756220.0
FR,2008,C,1-19,TFP,43966.9062,53736144000.0,3145.6671,8773302488.91
FR,2008,C,20-249,TFP,6724.3504,128172475200.0,5504.9175,20926248368.0
FR,2008,C,250+,TFP,1034.5154,261389378880.0,7077.751,42676082011.09
FR,2008,C,mancante,TFP,1055.628,9046897920.0,320.9864,1477053732.0
FR,2008,D,1-19,Totale,413.4179,18828779200.0,8386.8932,2401865322.33
FR,2008,D,20-249,Totale,63.2286,3617532800.0,14677.063,461465211.97
FR,2008,D,250+,Totale,9.7275,61050158400.0,18870.5096,7787773005.69
FR,2008,D,mancante,Totale,9.926,1704009600.0,855.8054,217369460.0
FR,2008,D,1-19,TFP,248.0507,11297267520.0,5032.1359,1441119193.4
FR,2008,D,20-249,TFP,37.9372,2170519680.0,8806.2378,276879127.18
FR,2008,D,250+,TFP,5.8365,36630095040.0,11322.3058,4672663803.42
FR,2008,D,mancante,TFP,5.9556,1022405760.0,513.4833,130421676.0
FR,2008,E,1-19,Totale,2221.611,5831408052.19,1801.5099,143978588.65
FR,2008,E,20-249,Totale,339.7758,9236721426.04,3152.6424,228056432.13
FR,2008,E,250+,Totale,52.2732,13412865721.77,4053.3974,331166239.63
FR,2008,E,mancante,Totale,53.34,581244800.0,183.8275,14351046.13
FR,2008,E,1-19,TFP,1332.9666,3498844831.31,1080.906,86387153.19
FR,2008,E,20-249,TFP,203.8655,5542032855.62,1891.5854,136833859.28
FR,2008,E,250+,TFP,31.3639,8047719433.06,2432.0384,198699743.78
FR,2008,E,mancante,TFP,32.004,348746880.0,110.2965,8610627.68
FR,2008,F,1-19,Totale,122434.0901,922285265.89,7283.25,9883509328.0
FR,2008,F,20-249,Totale,18725.2138,1613999215.31,12745.6875,17296141324.0
FR,2008,F,250+,Totale,2880.8021,2075141848.26,16387.3125,22237895988.0
FR,2008,F,mancante,Totale,2939.594,94110741.42,743.1888,1008521360.0
FR,2008,F,1-19,TFP,73460.4541,553371159.54,4369.95,5930105596.8
FR,2008,F,20-249,TFP,11235.1283,968399529.19,7647.4125,10377684794.4
FR,2008,F,250+,TFP,1728.4813,1245085108.95,9832.3875,13342737592.8
FR,2008,F,mancante,TFP,1763.7564,56466444.85,445.9133,605112816.0
FR,2008,G,1-19,Totale,169266.9328,213626217280.0,6469.9937,17884668956.0
FR,2008,G,20-249,Totale,25887.8838,373845880240.0,11322.489,31298170673.0
FR,2008,G,250+,Totale,3982.7514,480658988880.0,14557.4859,40240505151.0
FR,2008,G,mancante,Totale,4064.032,21798593600.0,660.2034,1824966220.0
FR,2008,G,1-19,TFP,101560.1597,128175730368.0,3881.9962,10730801373.6
FR,2008,G,20-249,TFP,15532.7303,224307528144.0,6793.4934,18778902403.8
FR,2008,G,250+,TFP,2389.6508,288395393328.0,8734.4915,24144303090.6
FR,2008,G,mancante,TFP,2438.4192,13079156160.0,396.1221,1094979732.0
FR,2008,H,1-19,Totale,21438.2546,26329487197.54,2273.7935,9130584060.51
FR,2008,H,20-249,Totale,3278.7919,37582921203.57,3979.1387,13033068920.56
FR,2008,H,250+,Totale,504.4295,85662953198.88,5116.0354,29706343658.93
FR,2008,H,mancante,Totale,514.724,3052558400.0,232.0197,1058571360.0
FR,2008,H,1-19,TFP,12862.9528,15797692318.53,1364.2761,5478350436.3
FR,2008,H,20-249,TFP,1967.2751,22549752722.14,2387.4832,7819841352.34
FR,2008,H,250+,TFP,302.6577,51397771919.33,3069.6213,17823806195.36
FR,2008,H,mancante,TFP,308.8344,1831535040.0,139.2118,635142816.0
FR,2008,I,1-19,Totale,71921.8864,35379380689.31,9111.8079,11254641481.77
FR,2008,I,20-249,Totale,10999.8179,11225954395.38,15945.6639,3571122205.9
FR,2008,I,250+,Totale,1692.2797,11314546515.3,20501.5679,3599304512.33
FR,2008,I,mancante,Totale,1726.816,1182038400.0,929.7763,376021800.0
FR,2008,I,1-19,TFP,43153.1318,21227628413.59,5467.0848,6752784889.06
FR,2008,I,20-249,TFP,6599.8908,6735572637.23,9567.3983,2142673323.54
FR,2008,I,250+,TFP,1015.3678,6788727909.18,12300.9407,2159582707.4
FR,2008,I,mancante,TFP,1036.0896,709223040.0,557.8658,225613080.0
FR,2008,J,1-19,Totale,16920.3958,21697096041.83,986.7883,62711831.26
FR,2008,J,20-249,Totale,2587.8252,30203878021.24,1726.8795,87299263.38
FR,2008,J,250+,Totale,398.127,81211249936.93,2220.2736,234727550.31
FR,2008,J,mancante,Totale,406.252,2716576000.0,100.6927,7851809.08
FR,2008,J,1-19,TFP,10152.2375,13018257625.1,592.073,37627098.76
FR,2008,J,20-249,TFP,1552.6951,18122326812.74,1036.1277,52379558.03
FR,2008,J,250+,TFP,238.8762,48726749962.16,1332.1642,140836530.19
FR,2008,J,mancante,TFP,243.7512,1629945600.0,60.4156,4711085.45
FR,2008,K,1-19,Totale,14798.4949,147164212.45,4682.999,135138045.52
FR,2008,K,20-249,Totale,2263.2992,257537371.79,8195.2482,236491579.67
FR,2008,K,250+,Totale,348.1999,331119478.02,10536.7477,304060602.43
FR,2008,K,mancante,Totale,355.306,15016756.37,477.857,13789596.48
FR,2008,K,1-19,TFP,8879.0969,88298527.47,2809.7994,81082827.31
FR,2008,K,20-249,TFP,1357.9795,154522423.08,4917.1489,141894947.8
FR,2008,K,250+,TFP,208.9199,198671686.81,6322.0486,182436361.46
FR,2008,K,mancante,TFP,213.1836,9010053.82,286.7142,8273757.89
FR,2008,L,1-19,Totale,21221.3414,30424320823.7,5016.1028,66284862636.45
FR,2008,L,20-249,Totale,3245.6169,14685902694.68,8778.1799,31995884097.14
FR,2008,L,250+,Totale,499.3257,9110118881.62,11286.2313,19848034806.41
FR,2008,L,mancante,Totale,509.516,1106537600.0,511.8472,2410791460.0
FR,2008,L,1-19,TFP,12732.8048,18254592494.22,3009.6617,39770917581.87
FR,2008,L,20-249,TFP,1947.3702,8811541616.81,5266.9079,19197530458.28
FR,2008,L,250+,TFP,299.5954,5466071328.97,6771.7388,11908820883.85
FR,2008,L,mancante,TFP,305.7096,663922560.0,307.1083,1446474876.0
FR,2008,M,1-19,Totale,62077.9922,79359850542.19,2443.1317,298804125.82
FR,2008,M,20-249,Totale,9494.2812,41328518828.78,4275.4805,155609314.48
FR,2008,M,250+,Totale,1460.6586,36710685029.03,5497.0464,138222338.8
FR,2008,M,mancante,Totale,1490.468,3212225600.0,249.2992,12094607.74
FR,2008,M,1-19,TFP,37246.7953,47615910325.31,1465.879,179282475.49
FR,2008,M,20-249,TFP,5696.5687,24797111297.27,2565.2883,93365588.69
FR,2008,M,250+,TFP,876.3952,22026411017.42,3298.2279,82933403.28
FR,2008,M,mancante,TFP,894.2808,1927335360.0,149.5795,7256764.64
FR,2008,N,1-19,Totale,36290.3947,45144823515.81,7287.9564,123278414.8
FR,2008,N,20-249,Totale,5550.2957,26869286755.61,12753.9237,73372821.51
FR,2008,N,250+,Totale,853.8916,36695408128.58,16397.9019,100205325.71
FR,2008,N,mancante,Totale,871.318,2218561600.0,743.669,6058297.18
FR,2008,N,1-19,TFP,21774.2368,27086894109.49,4372.7738,73967048.88
FR,2008,N,20-249,TFP,3330.1774,16121572053.37,7652.3542,44023692.91
FR,2008,N,250+,TFP,512.335,22017244877.15,9838.7411,60123195.42
FR,2008,N,mancante,TFP,522.7908,1331136960.0,446.2014,3634978.31
FR,2008,O,1-19,Totale,323.5987,387520643.94,2177.749,90683856.81
FR,2008,O,20-249,Totale,49.4916,678161126.89,3811.0607,158696749.41
FR,2008,O,250+,Totale,7.6141,871921448.86,4899.9352,204038677.82
FR,2008,O,mancante,Totale,7.7695,39542922.85,222.2193,9253454.78
FR,2008,O,1-19,TFP,194.1592,232512386.36,1306.6494,54410314.08
FR,2008,O,20-249,TFP,29.6949,406896676.13,2286.6364,95218049.65
FR,2008,O,250+,TFP,4.5685,523152869.31,2939.9611,122423206.69
FR,2008,O,mancante,TFP,4.6617,23725753.71,133.3316,5552072.87
FR,2008,P,1-19,Totale,4128.58,465579288.14,1007.5237,60455909.03
FR,2008,P,20-249,Totale,631.4299,814763754.24,1763.1665,105797840.8
FR,2008,P,250+,Totale,97.1431,1047553398.31,2266.9284,136025795.32
FR,2008,P,mancante,Totale,99.1256,47508090.63,102.8085,6168970.31
FR,2008,P,1-19,TFP,2477.148,279347572.88,604.5142,36273545.42
FR,2008,P,20-249,TFP,378.8579,488858252.54,1057.8999,63478704.48
FR,2008,P,250+,TFP,58.2858,628532038.98,1360.157,81615477.19
FR,2008,P,mancante,TFP,59.4753,28504854.38,61.6851,3701382.19
FR,2008,Q,1-19,Totale,3473.5049,159156904.82,3030.0792,79252504.56
FR,2008,Q,20-249,Totale,531.2419,278524583.43,5302.6386,138691882.98
FR,2008,Q,250+,Totale,81.7295,358103035.84,6817.6782,178318135.26
FR,2008,Q,mancante,Totale,83.3975,16240500.49,309.1918,8086990.26
FR,2008,Q,1-19,TFP,2084.103,95494142.89,1818.0475,47551502.74
FR,2008,Q,20-249,TFP,318.7452,167114750.06,3181.5832,83215129.79
FR,2008,Q,250+,TFP,49.0377,214861821.5,4090.6069,106990881.15
FR,2008,Q,mancante,TFP,50.0385,9744300.29,185.5151,4852194.16
FR,2008,R,1-19,Totale,3751.1367,198126960.67,9106.6739,132772744.8
FR,2008,R,20-249,Totale,573.7033,346722181.18,15936.6793,232352303.4
FR,2008,R,250+,Totale,88.262,445785661.52,20490.0162,298738675.81
FR,2008,R,mancante,Totale,90.0633,20217036.8,929.2524,13548239.27
FR,2008,R,1-19,TFP,2250.682,118876176.4,5464.0043,79663646.88
FR,2008,R,20-249,TFP,344.222,208033308.71,9562.0076,139411382.04
FR,2008,R,250+,TFP,52.9572,267471396.91,12294.0097,179243205.48
FR,2008,R,mancante,TFP,54.038,12130222.08,557.5515,8128943.56
FR,2008,S,1-19,Totale,3771.1548,820919661.29,5840.2756,27914517.07
FR,2008,S,20-249,Totale,576.7649,1436609407.26,10220.4823,48850404.88
FR,2008,S,250+,Totale,88.7331,1847069237.91,13140.6201,62807663.41
FR,2008,S,mancante,Totale,90.5439,83767312.38,595.9465,2848420.11
FR,2008,S,1-19,TFP,2262.6929,492551796.78,3504.1654,16748710.24
FR,2008,S,20-249,TFP,346.0589,861965644.36,6132.2894,29310242.93
FR,2008,S,250+,TFP,53.2398,1108241542.74,7884.3721,37684598.05
FR,2008,S,mancante,TFP,54.3264,50260387.43,357.5679,1709052.07
FR,2009,A,1-19,Totale,752.2306,612494429.82,1823.5432,169019481.85
FR,2009,A,20-249,Totale,115.047,1071865252.19,3191.2006,295784093.24
FR,2009,A,250+,Totale,17.6995,1378112467.1,4102.9722,380293834.16
FR,2009,A,mancante,Totale,18.0608,62499431.61,186.0758,17246885.9
FR,2009,A,1-19,TFP,451.3383,367496657.89,1094.1259,101411689.11
FR,2009,A,20-249,TFP,69.0282,643119151.31,1914.7204,177470455.94
FR,2009,A,250+,TFP,10.6197,826867480.26,2461.7833,228176300.5
FR,2009,A,mancante,TFP,10.8365,37499658.97,111.6455,10348131.54
FR,2009,B,1-19,Totale,757.8521,1595204800.0,2073.7878,265034277.89
FR,2009,B,20-249,Totale,127.2729,2861992000.0,3629.1287,475503824.37
FR,2009,B,250+,Totale,5.303,1328644800.0,4666.0226,220746837.74
FR,2009,B,mancante,Totale,18.172,118078400.0,211.611,19618060.0
FR,2009,B,1-19,TFP,454.7113,957122880.0,1244.2727,159020566.74
FR,2009,B,20-249,TFP,76.3637,1717195200.0,2177.4772,285302294.62
FR,2009,B,250+,TFP,3.1818,797186880.0,2799.6136,132448102.64
FR,2009,B,mancante,TFP,10.9032,70847040.0,126.9666,11770836.0
FR,2009,C,1-19,Totale,75084.9227,126149739520.0,6010.1192,22155176736.0
FR,2009,C,20-249,Totale,6804.6683,220762044160.0,10517.7086,38771559288.0
FR,2009,C,250+,Totale,634.1511,283836913920.0,13522.7682,49849147656.0
FR,2009,C,mancante,Totale,1684.158,12872422400.0,613.2775,2260732320.0
FR,2009,C,1-19,TFP,45050.9536,75689843712.0,3606.0715,13293106041.6
FR,2009,C,20-249,TFP,4082.801,132457226496.0,6310.6252,23262935572.8
FR,2009,C,250+,TFP,380.4906,170302148352.0,8113.6609,29909488593.6
FR,2009,C,mancante,TFP,1010.4948,7723453440.0,367.9665,1356439392.0
FR,2009,D,1-19,Totale,536.7369,5148768179.73,7281.5529,565179399.59
FR,2009,D,20-249,Totale,5.5084,4847711888.55,12742.7175,532132502.16
FR,2009,D,250+,Totale,1.7527,71064886331.72,16383.494,7800780378.25
FR,2009,D,mancante,Totale,11.102,1654313600.0,743.0156,181593720.0
FR,2009,D,1-19,TFP,322.0421,3089260907.84,4368.9317,339107639.75
FR,2009,D,20-249,TFP,3.3051,2908627133.13,7645.6305,319279501.3
FR,2009,D,250+,TFP,1.0516,42638931799.03,9830.0964,4680468226.95
FR,2009,D,mancante,TFP,6.6612,992588160.0,445.8094,108956232.0
FR,2009,E,1-19,Totale,2385.2155,3534652273.49,1464.0131,708921909.67
FR,2009,E,20-249,Totale,277.3412,8029152562.6,2562.023,1610354209.48
FR,2009,E,250+,Totale,34.1093,12067836763.92,3294.0296,2420366480.85
FR,2009,E,mancante,Totale,55.034,482278400.0,149.3891,96727400.0
FR,2009,E,1-19,TFP,1431.1293,2120791364.09,878.4079,425353145.8
FR,2009,E,20-249,TFP,166.4047,4817491537.56,1537.2138,966212525.69
FR,2009,E,250+,TFP,20.4656,7240702058.35,1976.4177,1452219888.51
FR,2009,E,mancante,TFP,33.0204,289367040.0,89.6335,58036440.0
FR,2009,F,1-19,Totale,117344.7933,445570983.87,4505.2254,91367383.92
FR,2009,F,20-249,Totale,17946.8507,779749221.76,7884.1445,159892921.85
FR,2009,F,250+,Totale,2761.054,1002534713.7,10136.7572,205576613.81
FR,2009,F,mancante,Totale,2817.402,45466426.93,459.7169,9323202.44
FR,2009,F,1-19,TFP,70406.876,267342590.32,2703.1353,54820430.35
FR,2009,F,20-249,TFP,10768.1104,467849533.06,4730.4867,95935753.11
FR,2009,F,250+,TFP,1656.6324,601520828.22,6082.0543,123345968.29
FR,2009,F,mancante,TFP,1690.4412,27279856.16,275.8301,5593921.46
FR,2009,G,1-19,Totale,166949.6934,193982595520.0,4796.69,17974466356.0
FR,2009,G,20-249,Totale,25533.4825,339469542160.0,8394.2075,31455316123.0
FR,2009,G,250+,Totale,3928.2281,436460839920.0,10792.5525,40442549301.0
FR,2009,G,mancante,Totale,4008.396,19794142400.0,489.4582,1834129220.0
FR,2009,G,1-19,TFP,100169.816,116389557312.0,2878.014,10784679813.6
FR,2009,G,20-249,TFP,15320.0895,203681725296.0,5036.5245,18873189673.8
FR,2009,G,250+,TFP,2356.9368,261876503952.0,6475.5315,24265529580.6
FR,2009,G,mancante,TFP,2405.0376,11876485440.0,293.6749,1100477532.0
FR,2009,H,1-19,Totale,23306.0061,27820945600.0,4535.9382,8611117900.0
FR,2009,H,20-249,Totale,1513.8259,48686654800.0,7937.8919,15069456325.0
FR,2009,H,250+,Totale,92.944,62597127600.0,10205.861,19375015275.0
FR,2009,H,mancante,Totale,508.424,2838872000.0,462.8508,878685500.0
FR,2009,H,1-19,TFP,13983.6036,16692567360.0,2721.5629,5166670740.0
FR,2009,H,20-249,TFP,908.2955,29211992880.0,4762.7351,9041673795.0
FR,2009,H,250+,TFP,55.7664,37558276560.0,6123.5166,11625009165.0
FR,2009,H,mancante,TFP,305.0544,1703323200.0,277.7105,527211300.0
FR,2009,I,1-19,Totale,84076.7603,11609597440.0,364.0555,3722517260.0
FR,2009,I,20-249,Totale,1627.6756,20316795520.0,637.0971,6514405205.0
FR,2009,I,250+,Totale,44.1921,26121594240.0,819.1249,8375663835.0
FR,2009,I,mancante,Totale,1749.972,1184652800.0,37.1485,379848700.0
FR,2009,I,1-19,TFP,50446.0562,6965758464.0,218.4333,2233510356.0
FR,2009,I,20-249,TFP,976.6054,12190077312.0,382.2583,3908643123.0
FR,2009,I,250+,TFP,26.5152,15672956544.0,491.4749,5025398301.0
FR,2009,I,mancante,TFP,1049.9832,710791680.0,22.2891,227909220.0
FR,2009,J,1-19,Totale,18754.593,26438487040.0,9173.4706,6812076040.0
FR,2009,J,20-249,Totale,782.6209,46267352320.0,16053.5736,11921133070.0
FR,2009,J,250+,Totale,70.0381,59486595840.0,20640.3089,15327171090.0
FR,2009,J,mancante,Totale,400.148,2697804800.0,936.0684,695109800.0
FR,2009,J,1-19,TFP,11252.7558,15863092224.0,5504.0824,4087245624.0
FR,2009,J,20-249,TFP,469.5725,27760411392.0,9632.1441,7152679842.0
FR,2009,J,250+,TFP,42.0229,35691957504.0,12384.1853,9196302654.0
FR,2009,J,mancante,TFP,240.0888,1618682880.0,561.6411,417065880.0
FR,2009,K,1-19,Totale,14887.1261,607315565.33,6977.1609,123527233.63
FR,2009,K,20-249,Totale,2276.8546,1062802239.32,12210.0316,216172658.85
FR,2009,K,250+,Totale,350.2853,1366460021.99,15698.6121,277936275.66
FR,2009,K,mancante,Totale,357.434,61970976.05,711.9552,12604819.76
FR,2009,K,1-19,TFP,8932.2757,364389339.2,4186.2966,74116340.18
FR,2009,K,20-249,TFP,1366.1127,637681343.59,7326.019,129703595.31
FR,2009,K,250+,TFP,210.1712,819876013.19,9419.1673,166761765.4
FR,2009,K,mancante,TFP,214.4604,37182585.63,427.1731,7562891.85
FR,2009,L,1-19,Totale,23159.1584,29439778672.31,9384.9668,4336838489.57
FR,2009,L,20-249,Totale,182.5381,15017768851.86,16423.6919,2212300530.83
FR,2009,L,250+,Totale,14.5455,10095054075.83,21116.1753,1487124599.6
FR,2009,L,mancante,Totale,476.658,1113318400.0,957.6497,164005380.0
FR,2009,L,1-19,TFP,13895.4951,17663867203.38,5630.9801,2602103093.74
FR,2009,L,20-249,TFP,109.5228,9010661311.12,9854.2151,1327380318.5
FR,2009,L,250+,TFP,8.7273,6057032445.5,12669.7052,892274759.76
FR,2009,L,mancante,TFP,285.9948,667991040.0,574.5898,98403228.0
FR,2009,M,1-19,Totale,71279.4645,28737880640.0,5513.6622,10001709872.0
FR,2009,M,20-249,Totale,1369.9897,50291291120.0,9648.9088,17502992276.0
FR,2009,M,250+,Totale,80.9518,64660231440.0,12405.7399,22503847212.0
FR,2009,M,mancante,Totale,1484.294,2932436800.0,562.6186,1020582640.0
FR,2009,M,1-19,TFP,42767.6787,17242728384.0,3308.1973,6001025923.2
FR,2009,M,20-249,TFP,821.9938,30174774672.0,5789.3453,10501795365.6
FR,2009,M,250+,TFP,48.5711,38796138864.0,7443.444,13502308327.2
FR,2009,M,mancante,TFP,890.5764,1759462080.0,337.5712,612349584.0
FR,2009,N,1-19,Totale,40732.3912,19320660800.0,3582.7399,7312572036.0
FR,2009,N,20-249,Totale,1552.1284,33811156400.0,6269.7948,12797001063.0
FR,2009,N,250+,Totale,108.2224,43471486800.0,8061.1647,16453287081.0
FR,2009,N,mancante,Totale,865.158,1971496000.0,365.5857,746180820.0
FR,2009,N,1-19,TFP,24439.4347,11592396480.0,2149.6439,4387543221.6
FR,2009,N,20-249,TFP,931.277,20286693840.0,3761.8769,7678200637.8
FR,2009,N,250+,TFP,64.9334,26082892080.0,4836.6988,9871972248.6
FR,2009,N,mancante,TFP,519.0948,1182897600.0,219.3514,447708492.0
FR,2009,O,1-19,Totale,3098.5604,762002776.02,1943.855,112788585.24
FR,2009,O,20-249,Totale,473.8975,1333504858.03,3401.7462,197380024.17
FR,2009,O,250+,Totale,72.9073,1714506246.04,4373.6736,253774316.79
FR,2009,O,mancante,Totale,74.3952,77755385.31,198.3525,11509039.31
FR,2009,O,1-19,TFP,1859.1363,457201665.61,1166.313,67673151.14
FR,2009,O,20-249,TFP,284.3385,800102914.82,2041.0477,118428014.5
FR,2009,O,250+,TFP,43.7444,1028703747.63,2624.2042,152264590.07
FR,2009,O,mancante,TFP,44.6371,46653231.18,119.0115,6905423.59
FR,2009,P,1-19,Totale,8137.7436,600149059.15,8273.996,42084800.05
FR,2009,P,20-249,Totale,1244.5961,1050260853.52,14479.493,73648400.08
FR,2009,P,250+,Totale,191.4763,1350335383.09,18616.491,94690800.1
FR,2009,P,mancante,Totale,195.384,61239699.91,844.2853,4294367.35
FR,2009,P,1-19,TFP,4882.6462,360089435.49,4964.3976,25250880.03
FR,2009,P,20-249,TFP,746.7576,630156512.11,8687.6958,44189040.05
FR,2009,P,250+,TFP,114.8858,810201229.86,11169.8946,56814480.06
FR,2009,P,mancante,TFP,117.2304,36743819.95,506.5712,2576620.41
FR,2009,Q,1-19,Totale,33292.0945,816388110.31,9248.6448,152836728.63
FR,2009,Q,20-249,Totale,5091.7321,1428679193.04,16185.1284,267464275.11
FR,2009,Q,250+,Totale,783.3434,1836873248.19,20809.4508,343882639.42
FR,2009,Q,mancante,Totale,799.33,83304909.22,943.7393,15595584.55
FR,2009,Q,1-19,TFP,19975.2567,489832866.18,5549.1869,91702037.18
FR,2009,Q,20-249,TFP,3055.0393,857207515.82,9711.0771,160478565.06
FR,2009,Q,250+,TFP,470.006,1102123948.92,12485.6705,206329583.65
FR,2009,Q,mancante,TFP,479.598,49982945.53,566.2436,9357350.73
FR,2009,R,1-19,Totale,5649.6559,433685331.52,1665.7517,113117257.2
FR,2009,R,20-249,Totale,864.065,758949330.16,2915.0654,197955200.1
FR,2009,R,250+,Totale,132.9331,975791995.92,3747.9413,254513828.7
FR,2009,R,mancante,Totale,135.646,44253605.26,169.9747,11542577.27
FR,2009,R,1-19,TFP,3389.7935,260211198.91,999.451,67870354.32
FR,2009,R,20-249,TFP,518.439,455369598.09,1749.0393,118773120.06
FR,2009,R,250+,TFP,79.7598,585475197.55,2248.7648,152708297.22
FR,2009,R,mancante,TFP,81.3876,26552163.15,101.9848,6925546.36
FR,2009,S,1-19,Totale,35999.4278,327215218.04,6931.4583,69091675.61
FR,2009,S,20-249,Totale,5505.7948,572626631.57,12130.052,120910432.32
FR,2009,S,250+,Totale,847.0454,736234240.59,15595.7812,155456270.13
FR,2009,S,mancante,Totale,864.332,33389307.96,707.2917,7050170.98
FR,2009,S,1-19,TFP,21599.6567,196329130.83,4158.875,41455005.37
FR,2009,S,20-249,TFP,3303.4769,343575978.94,7278.0312,72546259.39
FR,2009,S,250+,TFP,508.2272,441740544.36,9357.4687,93273762.08
FR,2009,S,mancante,TFP,518.5992,20033584.78,424.375,4230102.59
FR,2010,A,1-19,Totale,3800.7067,732420201.19,3945.0173,94172562.65
FR,2010,A,20-249,Totale,581.2846,1281735352.08,6903.7803,164801984.63
FR,2010,A,250+,Totale,89.4284,1647945452.68,8876.2889,211888265.96
FR,2010,A,mancante,Totale,91.2535,74736755.22,402.5528,9609445.17
FR,2010,A,1-19,TFP,2280.424,439452120.71,2367.0104,56503537.59
FR,2010,A,20-249,TFP,348.7707,769041211.25,4142.2682,98881190.78
FR,2010,A,250+,TFP,53.657,988767271.61,5325.7734,127132959.57
FR,2010,A,mancante,TFP,54.7521,44842053.13,241.5317,5765667.1
FR,2010,B,1-19,Totale,732.9567,1189970880.0,3101.3472,201297096.0
FR,2010,B,20-249,Totale,112.0993,2082449040.0,5427.3576,352269918.0
FR,2010,B,250+,Totale,17.246,2677434480.0,6978.0312,452918466.0
FR,2010,B,mancante,Totale,17.598,121425600.0,316.464,20540520.0
FR,2010,B,1-19,TFP,439.774,713982528.0,1860.8083,120778257.6
FR,2010,B,20-249,TFP,67.2596,1249469424.0,3256.4146,211361950.8
FR,2010,B,250+,TFP,10.3476,1606460688.0,4186.8187,271751079.6
FR,2010,B,mancante,TFP,10.5588,72855360.0,189.8784,12324312.0
FR,2010,C,1-19,Totale,73564.0692,75394334038.45,410324.3563,12600512003.34
FR,2010,C,20-249,Totale,6236.6572,186014723194.09,616356.7602,31088287764.56
FR,2010,C,250+,Totale,579.9515,403561240367.46,799048.2995,67446424432.1
FR,2010,C,mancante,Totale,1640.422,13570822400.0,37259.784,2268065800.0
FR,2010,C,1-19,TFP,44138.4415,45236600423.07,246194.6138,7560307202.0
FR,2010,C,20-249,TFP,3741.9943,111608833916.45,369814.0561,18652972658.74
FR,2010,C,250+,TFP,347.9709,242136744220.48,479428.9797,40467854659.26
FR,2010,C,mancante,TFP,984.2532,8142493440.0,22355.8704,1360839480.0
FR,2010,D,1-19,Totale,483.973,6709472000.0,20014.8144,707877226.48
FR,2010,D,20-249,Totale,74.0194,5417048000.0,35025.9252,571521114.32
FR,2010,D,250+,Totale,11.3876,73837982400.0,45033.3324,7790214519.19
FR,2010,D,mancante,Totale,11.62,1754377600.0,2042.328,185094140.0
FR,2010,D,1-19,TFP,290.3838,4025683200.0,12008.8886,424726335.89
FR,2010,D,20-249,TFP,44.4116,3250228800.0,21015.5551,342912668.59
FR,2010,D,250+,TFP,6.8326,44302789440.0,27019.9994,4674128711.51
FR,2010,D,mancante,TFP,6.972,1052626560.0,1225.3968,111056484.0
FR,2010,E,1-19,Totale,2556.7552,5979898192.58,17123.2587,1081320786.9
FR,2010,E,20-249,Totale,167.2286,9489719131.37,29530.1389,1715987501.49
FR,2010,E,250+,Totale,19.3302,12785429076.06,44289.0344,2311937391.61
FR,2010,E,mancante,Totale,55.986,576633600.0,1855.968,104270320.0
FR,2010,E,1-19,TFP,1534.0531,3587938915.55,10273.9552,648792472.14
FR,2010,E,20-249,TFP,100.3372,5693831478.82,17718.0834,1029592500.89
FR,2010,E,250+,TFP,11.5981,7671257445.63,26573.4206,1387162434.97
FR,2010,E,mancante,TFP,33.5916,345980160.0,1113.5808,62562192.0
FR,2010,F,1-19,Totale,133816.4964,105578222400.0,633640.3253,27165993550.17
FR,2010,F,20-249,Totale,2920.9268,57018360000.0,263915.7152,14671211209.95
FR,2010,F,250+,Totale,95.5667,39007684800.0,156894.3635,10036942179.88
FR,2010,F,mancante,Totale,2792.51,4114372800.0,21519.396,1058656060.0
FR,2010,F,1-19,TFP,80289.8979,63346933440.0,380184.1952,16299596130.1
FR,2010,F,20-249,TFP,1752.5561,34211016000.0,158349.4291,8802726725.97
FR,2010,F,250+,TFP,57.34,23404610880.0,94136.6181,6022165307.93
FR,2010,F,mancante,TFP,1675.506,2468623680.0,12911.6376,635193636.0
FR,2010,G,1-19,Totale,191311.7684,335808916800.0,835311.036,30595595303.85
FR,2010,G,20-249,Totale,4634.6607,339945300800.0,536228.952,30972461803.08
FR,2010,G,250+,Totale,246.8269,337266843200.0,623668.08,30728427173.07
FR,2010,G,mancante,Totale,4003.944,20673899200.0,40718.532,1883601720.0
FR,2010,G,1-19,TFP,114787.0611,201485350080.0,501186.6216,18357357182.31
FR,2010,G,20-249,TFP,2780.7964,203967180480.0,321737.3712,18583477081.85
FR,2010,G,250+,TFP,148.0961,202360105920.0,374200.848,18437056303.84
FR,2010,G,mancante,TFP,2402.3664,12404339520.0,24431.1192,1130161032.0
FR,2010,H,1-19,Totale,23816.067,24158398628.88,146100.36,7055953793.84
FR,2010,H,20-249,Totale,1472.3624,37403836536.45,201286.512,10924554494.2
FR,2010,H,250+,Totale,94.2566,89102024034.67,464186.604,26024066171.96
FR,2010,H,mancante,Totale,518.014,3074780800.0,16562.724,898052540.0
FR,2010,H,1-19,TFP,14289.6402,14495039177.33,87660.216,4233572276.31
FR,2010,H,20-249,TFP,883.4174,22442301921.87,120771.9072,6554732696.52
FR,2010,H,250+,TFP,56.5539,53461214420.8,278511.9624,15614439703.18
FR,2010,H,mancante,TFP,310.8084,1844868480.0,9937.6344,538831524.0
FR,2010,I,1-19,Totale,85245.9627,38869544000.0,368592.504,12455663104.12
FR,2010,I,20-249,Totale,1481.4647,12242787200.0,114881.088,3923175245.35
FR,2010,I,250+,Totale,41.2826,11860744000.0,100164.624,3800750310.53
FR,2010,I,mancante,Totale,1770.79,1285164800.0,11910.984,411828340.0
FR,2010,I,1-19,TFP,51147.5776,23321726400.0,221155.5024,7473397862.47
FR,2010,I,20-249,TFP,888.8788,7345672320.0,68928.6528,2353905147.21
FR,2010,I,250+,TFP,24.7695,7116446400.0,60098.7744,2280450186.32
FR,2010,I,mancante,TFP,1062.474,771098880.0,7146.5904,247097004.0
FR,2010,J,1-19,Totale,19377.3016,22175311500.74,99519.0,5649084547.87
FR,2010,J,20-249,Totale,591.7704,29420631131.85,111461.28,7494804873.88
FR,2010,J,250+,Totale,52.524,87212041367.41,241602.144,22216968418.25
FR,2010,J,mancante,Totale,408.604,2832816000.0,9236.376,721650160.0
FR,2010,J,1-19,TFP,11626.381,13305186900.44,59711.4,3389450728.72
FR,2010,J,20-249,TFP,355.0622,17652378679.11,66876.768,4496882924.33
FR,2010,J,250+,TFP,31.5144,52327224820.45,144961.2864,13330181050.95
FR,2010,J,mancante,TFP,245.1624,1699689600.0,5541.8256,432990096.0
FR,2010,K,1-19,Totale,15246.8988,449121613.5,701.9526,170431184.53
FR,2010,K,20-249,Totale,2331.8786,785962823.62,1228.417,298254572.93
FR,2010,K,250+,Totale,358.7506,1010523630.37,1579.3933,383470165.2
FR,2010,K,mancante,Totale,366.072,45828736.07,71.6278,17390937.2
FR,2010,K,1-19,TFP,9148.1393,269472968.1,421.1715,102258710.72
FR,2010,K,20-249,TFP,1399.1272,471577694.17,737.0502,178952743.76
FR,2010,K,250+,TFP,215.2503,606314178.22,947.636,230082099.12
FR,2010,K,mancante,TFP,219.6432,27497241.64,42.9767,10434562.32
FR,2010,L,1-19,Totale,23376.1635,32555967676.84,88849.74,4591685530.33
FR,2010,L,20-249,Totale,181.0544,15020204491.33,46551.96,2118445880.95
FR,2010,L,250+,Totale,15.1141,12942277431.84,40523.784,1825375568.72
FR,2010,L,mancante,Totale,481.068,1235070400.0,3590.316,174194020.0
FR,2010,L,1-19,TFP,14025.6981,19533580606.1,53309.844,2755011318.2
FR,2010,L,20-249,TFP,108.6326,9012122694.8,27931.176,1271067528.57
FR,2010,L,250+,TFP,9.0685,7765366459.1,24314.2704,1095225341.23
FR,2010,L,mancante,TFP,288.6408,741042240.0,2154.1896,104516412.0
FR,2010,M,1-19,Totale,72642.892,79786824154.87,396828.264,26638046811.18
FR,2010,M,20-249,Totale,1127.2033,43871573477.22,202999.356,14647193196.93
FR,2010,M,250+,Totale,62.7128,40489955967.92,160366.416,13518188671.89
FR,2010,M,mancante,Totale,1506.792,3349966400.0,15514.164,1118437320.0
FR,2010,M,1-19,TFP,43585.7352,47872094492.92,238096.9584,15982828086.71
FR,2010,M,20-249,TFP,676.322,26322944086.33,121799.6136,8788315918.16
FR,2010,M,250+,TFP,37.6277,24293973580.75,96219.8496,8110913203.13
FR,2010,M,mancante,TFP,904.0752,2009979840.0,9308.4984,671062392.0
FR,2010,N,1-19,Totale,40951.6535,41618342390.07,268280.88,15928595533.42
FR,2010,N,20-249,Totale,1375.7254,28214891191.15,243166.812,10798690288.79
FR,2010,N,250+,Totale,95.5471,33870836818.79,565169.136,12963391357.79
FR,2010,N,mancante,Totale,865.774,2116409600.0,21971.772,810013820.0
FR,2010,N,1-19,TFP,24570.9921,24971005434.04,160968.528,9557157320.05
FR,2010,N,20-249,TFP,825.4352,16928934714.69,145900.0872,6479214173.27
FR,2010,N,250+,TFP,57.3283,20322502091.27,339101.4816,7778034814.67
FR,2010,N,mancante,TFP,519.4644,1269845760.0,13183.0632,486008292.0
FR,2010,O,1-19,Totale,85.3916,243593426.9,2998.26,139565491.62
FR,2010,O,20-249,Totale,13.0599,426288497.07,5246.9551,244239610.33
FR,2010,O,250+,Totale,2.0092,548085210.52,6746.0851,314022356.14
FR,2010,O,mancante,Totale,2.0502,24856472.13,305.9449,14241376.7
FR,2010,O,1-19,TFP,51.235,146156056.14,1798.956,83739294.97
FR,2010,O,20-249,TFP,7.8359,255773098.24,3148.173,146543766.2
FR,2010,O,250+,TFP,1.2055,328851126.31,4047.651,188413413.69
FR,2010,O,mancante,TFP,1.2301,14913883.28,183.5669,8544826.02
FR,2010,P,1-19,Totale,8294.5975,766554855.71,4921.4084,124568350.81
FR,2010,P,20-249,Totale,1268.5855,1341470997.49,8612.4648,217994613.91
FR,2010,P,250+,Totale,195.167,1724748425.34,11073.169,280278789.31
FR,2010,P,mancante,Totale,199.15,78219883.24,502.1845,12711056.2
FR,2010,P,1-19,TFP,4976.7585,459932913.42,2952.8451,74741010.48
FR,2010,P,20-249,TFP,761.1513,804882598.49,5167.4789,130796768.35
FR,2010,P,250+,TFP,117.1002,1034849055.2,6643.9014,168167273.59
FR,2010,P,mancante,TFP,119.49,46931929.94,301.3107,7626633.72
FR,2010,Q,1-19,Totale,33385.3905,394581000.57,3108.051,169382772.0
FR,2010,Q,20-249,Totale,5106.0009,690516751.0,5439.0893,296419850.99
FR,2010,Q,250+,Totale,785.5386,887807251.29,6993.1148,381111236.99
FR,2010,Q,mancante,Totale,801.57,40263367.41,317.1481,17283956.33
FR,2010,Q,1-19,TFP,20031.2343,236748600.34,1864.8306,101629663.2
FR,2010,Q,20-249,TFP,3063.6005,414310050.6,3263.4536,177851910.6
FR,2010,Q,250+,TFP,471.3232,532684350.77,4195.8689,228666742.2
FR,2010,Q,mancante,TFP,480.942,24158020.44,190.2888,10370373.8
FR,2010,R,1-19,Totale,5817.0056,886864835.2,6332.2033,74278208.26
FR,2010,R,20-249,Totale,889.6597,1552013461.6,11081.3557,129986864.46
FR,2010,R,250+,Totale,136.8707,1995445879.2,14247.4573,167125968.59
FR,2010,R,mancante,Totale,139.664,90496411.76,646.1432,7579409.01
FR,2010,R,1-19,TFP,3490.2034,532118901.12,3799.322,44566924.96
FR,2010,R,20-249,TFP,533.7958,931208076.96,6648.8134,77992118.68
FR,2010,R,250+,TFP,82.1224,1197267527.52,8548.4744,100275581.16
FR,2010,R,mancante,TFP,83.7984,54297847.05,387.6859,4547645.4
FR,2010,S,1-19,Totale,36313.7187,186173738.34,832.4994,62517822.02
FR,2010,S,20-249,Totale,5553.8629,325804042.1,1456.8739,109406188.54
FR,2010,S,250+,Totale,854.4404,418890911.27,1873.1236,140665099.55
FR,2010,S,mancante,Totale,871.878,18997320.24,84.9489,6379369.59
FR,2010,S,1-19,TFP,21788.2312,111704243.01,499.4996,37510693.21
FR,2010,S,20-249,TFP,3332.3177,195482425.26,874.1244,65643713.12
FR,2010,S,250+,TFP,512.6643,251334546.76,1123.8742,84399059.73
FR,2010,S,mancante,TFP,523.1268,11398392.14,50.9694,3827621.76
FR,2019,A,1-19,Totale,2236.6463,746177838.41,2677.4246,60079688.89
FR,2019,A,20-249,Totale,342.0753,1305811217.21,4685.4931,105139455.57
FR,2019,A,250+,Totale,52.627,1678900136.42,6024.2054,135179300.01
FR,2019,A,mancante,Totale,53.701,76140595.76,273.2066,6130580.5
FR,2019,A,1-19,TFP,1341.9878,447706703.05,1606.4548,36047813.34
FR,2019,A,20-249,TFP,205.2452,783486730.33,2811.2958,63083673.34
FR,2019,A,250+,TFP,31.5762,1007340081.85,3614.5232,81107580.01
FR,2019,A,mancante,TFP,32.2206,45684357.45,163.924,3678348.3
FR,2019,B,1-19,Totale,605.9623,815124800.0,1827.3831,156109580.37
FR,2019,B,20-249,Totale,77.4837,1513982400.0,3534.2342,289952111.81
FR,2019,B,250+,Totale,5.298,1551928000.0,3526.0027,297219307.82
FR,2019,B,mancante,Totale,14.056,79204800.0,181.38,15169000.0
FR,2019,B,1-19,TFP,363.5774,489074880.0,1096.4299,93665748.22
FR,2019,B,20-249,TFP,46.4902,908389440.0,2120.5405,173971267.09
FR,2019,B,250+,TFP,3.1788,931156800.0,2115.6016,178331584.69
FR,2019,B,mancante,TFP,8.4336,47522880.0,108.828,9101400.0
FR,2019,C,1-19,Totale,71844.7842,50605318400.0,289724.1564,8399568029.92
FR,2019,C,20-249,Totale,4583.3741,123991795200.0,424413.2434,20580396524.77
FR,2019,C,250+,Totale,531.4377,663178308800.0,1129573.0562,110075610565.31
FR,2019,C,mancante,Totale,1570.604,17097457600.0,37626.744,2837868880.0
FR,2019,C,1-19,TFP,43106.8705,30363191040.0,173834.4938,5039740817.95
FR,2019,C,20-249,TFP,2750.0245,74395077120.0,254647.946,12348237914.86
FR,2019,C,250+,TFP,318.8626,397906985280.0,677743.8337,66045366339.19
FR,2019,C,mancante,TFP,942.3624,10258474560.0,22576.0464,1702721328.0
FR,2019,D,1-19,Totale,935.6501,5430140800.0,9348.612,696381823.47
FR,2019,D,20-249,Totale,2.8065,5509168000.0,2872.968,706516570.93
FR,2019,D,250+,Totale,0.6774,83218150400.0,112325.052,10672210805.6
FR,2019,D,mancante,Totale,19.166,1921580800.0,2541.768,246430800.0
FR,2019,D,1-19,TFP,561.3901,3258084480.0,5609.1672,417829094.08
FR,2019,D,20-249,TFP,1.6839,3305500800.0,1723.7808,423909942.56
FR,2019,D,250+,TFP,0.4065,49930890240.0,67395.0312,6403326483.36
FR,2019,D,mancante,TFP,11.4996,1152948480.0,1525.0608,147858480.0
FR,2019,E,1-19,Totale,3892.7015,3294610772.25,13238.232,710338781.25
FR,2019,E,20-249,Totale,213.514,5439561302.15,18339.132,1172803591.38
FR,2019,E,250+,Totale,18.0164,25376883925.6,91085.904,5471415607.38
FR,2019,E,mancante,Totale,84.168,696144000.0,2503.332,150093020.0
FR,2019,E,1-19,TFP,2335.6209,1976766463.35,7942.9392,426203268.75
FR,2019,E,20-249,TFP,128.1084,3263736781.29,11003.4792,703682154.83
FR,2019,E,250+,TFP,10.8099,15226130355.36,54651.5424,3282849364.43
FR,2019,E,mancante,TFP,50.5008,417686400.0,1501.9992,90055812.0
FR,2019,F,1-19,Totale,147179.7079,104712059200.0,529723.908,24749830234.97
FR,2019,F,20-249,Totale,2925.0745,62612592000.0,233439.528,14799164818.37
FR,2019,F,250+,Totale,74.3375,92426544000.0,271296.732,21846015546.65
FR,2019,F,mancante,Totale,3064.88,5301044800.0,21111.432,1252959400.0
FR,2019,F,1-19,TFP,88307.8247,62827235520.0,317834.3448,14849898140.98
FR,2019,F,20-249,TFP,1755.0447,37567555200.0,140063.7168,8879498891.02
FR,2019,F,250+,TFP,44.6025,55455926400.0,162778.0392,13107609327.99
FR,2019,F,mancante,TFP,1838.928,3180626880.0,12666.8592,751775640.0
FR,2019,G,1-19,Totale,207717.7853,256785655363.17,677768.784,25500808521.84
FR,2019,G,20-249,Totale,4596.1215,257705836229.69,451307.052,25592189623.52
FR,2019,G,250+,Totale,340.6052,570021039607.13,849136.092,56607513234.65
FR,2019,G,mancante,Totale,4339.888,22132908800.0,40371.672,2197969620.0
FR,2019,G,1-19,TFP,124630.6712,154071393217.9,406661.2704,15300485113.1
FR,2019,G,20-249,TFP,2757.6729,154623501737.82,270784.2312,15355313774.11
FR,2019,G,250+,TFP,204.3631,342012623764.28,509481.6552,33964507940.79
FR,2019,G,mancante,TFP,2603.9328,13279745280.0,24223.0032,1318781772.0
FR,2019,H,1-19,Totale,31251.5866,20123084800.0,130496.604,5769693076.5
FR,2019,H,20-249,Totale,1044.4084,26815073600.0,144235.224,7688420837.72
FR,2019,H,250+,Totale,79.775,129045537600.0,551889.744,36999950665.78
FR,2019,H,mancante,Totale,660.73,3591504000.0,16869.828,1029756420.0
FR,2019,H,1-19,TFP,18750.952,12073850880.0,78297.9624,3461815845.9
FR,2019,H,20-249,TFP,626.645,16089044160.0,86541.1344,4613052502.63
FR,2019,H,250+,TFP,47.865,77427322560.0,331133.8464,22199970399.47
FR,2019,H,mancante,TFP,396.438,2154902400.0,10121.8968,617853852.0
FR,2019,I,1-19,Totale,108535.2565,38790951683.79,352984.632,12237726181.29
FR,2019,I,20-249,Totale,2301.3125,20889190474.28,151429.404,6590098517.23
FR,2019,I,250+,Totale,82.085,25948651441.94,158747.652,8186251621.48
FR,2019,I,mancante,Totale,2263.646,1747526400.0,13533.912,551307680.0
FR,2019,I,1-19,TFP,65121.1539,23274571010.27,211790.7792,7342635708.78
FR,2019,I,20-249,TFP,1380.7875,12533514284.57,90857.6424,3954059110.34
FR,2019,I,250+,TFP,49.251,15569190865.16,95248.5912,4911750972.89
FR,2019,I,mancante,TFP,1358.1876,1048515840.0,8120.3472,330784608.0
FR,2019,J,1-19,Totale,30785.9534,18306643874.93,101588.172,5385991758.01
FR,2019,J,20-249,Totale,748.5256,26921318357.15,114791.712,7920512343.88
FR,2019,J,250+,Totale,67.483,120218930567.91,330320.76,35369572578.1
FR,2019,J,mancante,Totale,644.938,3376467200.0,11157.156,993389320.0
FR,2019,J,1-19,TFP,18471.5721,10983986324.96,60952.9032,3231595054.81
FR,2019,J,20-249,TFP,449.1154,16152791014.29,68875.0272,4752307406.33
FR,2019,J,250+,TFP,40.4898,72131358340.75,198192.456,21221743546.86
FR,2019,J,mancante,TFP,386.9628,2025880320.0,6694.2936,596033592.0
FR,2019,K,1-19,Totale,14564.6718,776434774.39,9622.6511,170177640.69
FR,2019,K,20-249,Totale,2227.538,1358760855.19,16839.6394,297810871.21
FR,2019,K,250+,Totale,342.6982,1746978242.38,21650.965,382899691.55
FR,2019,K,mancante,Totale,349.692,79228038.2,981.9032,17365065.38
FR,2019,K,1-19,TFP,8738.8031,465860864.64,5773.5907,102106584.41
FR,2019,K,20-249,TFP,1336.5228,815256513.11,10103.7837,178686522.72
FR,2019,K,250+,TFP,205.6189,1048186945.43,12990.579,229739814.93
FR,2019,K,mancante,TFP,209.8152,47536822.92,589.1419,10419039.23
FR,2019,L,1-19,Totale,28148.0503,29163937600.0,83102.628,4464455640.27
FR,2019,L,20-249,Totale,126.0047,12940704000.0,36554.784,1980980749.39
FR,2019,L,250+,Totale,13.155,20361264000.0,49392.588,3116930270.34
FR,2019,L,mancante,Totale,577.29,1274814400.0,3450.0,195150340.0
FR,2019,L,1-19,TFP,16888.8302,17498362560.0,49861.5768,2678673384.16
FR,2019,L,20-249,TFP,75.6028,7764422400.0,21932.8704,1188588449.63
FR,2019,L,250+,TFP,7.893,12216758400.0,29635.5528,1870158162.21
FR,2019,L,mancante,TFP,346.374,764888640.0,2070.0,117090204.0
FR,2019,M,1-19,Totale,98884.6662,65739340800.0,397681.4558,24348730792.78
FR,2019,M,20-249,Totale,1334.5316,39744252800.0,192881.339,14720593486.5
FR,2019,M,250+,Totale,63.7121,48523014400.0,199662.1651,17972097080.72
FR,2019,M,mancante,Totale,2046.59,3142992000.0,16127.04,1164110640.0
FR,2019,M,1-19,TFP,59330.7997,39443604480.0,238608.8735,14609238475.67
FR,2019,M,20-249,TFP,800.719,23846551680.0,115728.8034,8832356091.9
FR,2019,M,250+,TFP,38.2273,29113808640.0,119797.2991,10783258248.43
FR,2019,M,mancante,TFP,1227.954,1885795200.0,9676.224,698466384.0
FR,2019,N,1-19,Totale,46937.6424,29458191013.92,174838.272,12257655879.9
FR,2019,N,20-249,Totale,1524.2132,28629345701.45,230691.216,11912770458.62
FR,2019,N,250+,Totale,134.3844,68712311284.63,798943.824,28591432041.48
FR,2019,N,mancante,Totale,991.76,2587752000.0,24581.088,1076772620.0
FR,2019,N,1-19,TFP,28162.5854,17674914608.35,104902.9632,7354593527.94
FR,2019,N,20-249,TFP,914.5279,17177607420.87,138414.7296,7147662275.17
FR,2019,N,250+,TFP,80.6306,41227386770.78,479366.2944,17154859224.89
FR,2019,N,mancante,TFP,595.056,1552651200.0,14748.6528,646063572.0
FR,2019,O,1-19,Totale,691.6308,600679986.97,6399.2195,71906594.84
FR,2019,O,20-249,Totale,105.7788,1051189977.2,11198.6342,125836540.97
FR,2019,O,250+,Totale,16.2737,1351529970.69,14398.2439,161789838.39
FR,2019,O,mancante,Totale,16.6058,61293876.22,652.9816,7337407.64
FR,2019,O,1-19,TFP,414.9785,360407992.18,3839.5317,43143956.9
FR,2019,O,20-249,TFP,63.4673,630713986.32,6719.1805,75501924.58
FR,2019,O,250+,TFP,9.7642,810917982.41,8638.9464,97073903.03
FR,2019,O,mancante,TFP,9.9635,36776325.73,391.789,4402444.58
FR,2019,P,1-19,Totale,15295.8792,652890626.36,1671.353,159167377.44
FR,2019,P,20-249,Totale,2339.3698,1142558596.13,2924.8677,278542910.52
FR,2019,P,250+,Totale,359.903,1469003909.31,3760.5442,358126599.24
FR,2019,P,mancante,Totale,367.248,66621492.49,170.5462,16241569.13
FR,2019,P,1-19,TFP,9177.5275,391734375.82,1002.8118,95500426.46
FR,2019,P,20-249,TFP,1403.6219,685535157.68,1754.9206,167125746.31
FR,2019,P,250+,TFP,215.9418,881402345.59,2256.3265,214875959.54
FR,2019,P,mancante,TFP,220.3488,39972895.49,102.3277,9744941.48
FR,2019,Q,1-19,Totale,38314.3348,228157517.5,6611.1035,28062237.18
FR,2019,Q,20-249,Totale,5859.8394,399275655.63,11569.4311,49108915.06
FR,2019,Q,250+,Totale,901.5138,513354414.38,14874.9828,63140033.64
FR,2019,Q,mancante,Totale,919.912,23281379.34,674.6024,2863493.59
FR,2019,Q,1-19,TFP,22988.6009,136894510.5,3966.6621,16837342.31
FR,2019,Q,20-249,TFP,3515.9037,239565393.38,6941.6587,29465349.03
FR,2019,Q,250+,TFP,540.9083,308012648.63,8924.9897,37884020.19
FR,2019,Q,mancante,TFP,551.9472,13968827.6,404.7614,1718096.15
FR,2019,R,1-19,Totale,9663.7163,704142982.51,2092.7964,122332200.91
FR,2019,R,20-249,Totale,1477.9801,1232250219.39,3662.3938,214081351.6
FR,2019,R,250+,Totale,227.3816,1584321710.64,4708.792,275247452.05
FR,2019,R,mancante,Totale,232.022,71851324.75,213.5507,12482877.64
FR,2019,R,1-19,TFP,5798.2298,422485789.5,1255.6779,73399320.55
FR,2019,R,20-249,TFP,886.7881,739350131.63,2197.4363,128448810.96
FR,2019,R,250+,TFP,136.4289,950593026.38,2825.2752,165148471.23
FR,2019,R,mancante,TFP,139.2132,43110794.85,128.1304,7489726.59
FR,2019,S,1-19,Totale,40140.604,838669280.62,443.8076,73957196.87
FR,2019,S,20-249,Totale,6139.1512,1467671241.08,776.6632,129425094.52
FR,2019,S,250+,Totale,944.4848,1887005881.39,998.567,166403692.95
FR,2019,S,mancante,Totale,963.76,85578498.02,45.2865,7546652.74
FR,2019,S,1-19,TFP,24084.3624,503201568.37,266.2845,44374318.12
FR,2019,S,20-249,TFP,3683.4907,880602744.65,465.9979,77655056.71
FR,2019,S,250+,TFP,566.6909,1132203528.84,599.1402,99842215.77
FR,2019,S,mancante,TFP,578.256,51347098.81,27.1719,4527991.64
FR,2020,A,1-19,Totale,4046.7765,213187204.23,2786.2197,74423296.88
FR,2020,A,20-249,Totale,618.9188,373077607.4,4875.8844,130240769.54
FR,2020,A,250+,Totale,95.2183,479671209.51,6268.9942,167452417.98
FR,2020,A,mancante,Totale,97.1615,21753796.35,284.3081,7594213.97
FR,2020,A,1-19,TFP,2428.0659,127912322.54,1671.7318,44653978.13
FR,2020,A,20-249,TFP,371.3513,223846564.44,2925.5306,78144461.73
FR,2020,A,250+,TFP,57.131,287802725.71,3761.3965,100471450.79
FR,2020,A,mancante,TFP,58.2969,13052277.81,170.5849,4556528.38
FR,2020,B,1-19,Totale,571.9268,828391690.58,1797.6343,166105631.58
FR,2020,B,20-249,Totale,71.1674,1443609331.69,3528.2322,289466495.76
FR,2020,B,250+,Totale,5.1758,1484142977.73,3610.5576,297594132.66
FR,2020,B,mancante,Totale,13.23,76656000.0,182.376,15370740.0
FR,2020,B,1-19,TFP,343.1561,497035014.35,1078.5806,99663378.95
FR,2020,B,20-249,TFP,42.7004,866165599.01,2116.9393,173679897.46
FR,2020,B,250+,TFP,3.1055,890485786.64,2166.3345,178556479.6
FR,2020,B,mancante,TFP,7.938,45993600.0,109.4256,9222444.0
FR,2020,C,1-19,Totale,66350.9114,46061019200.0,303519.72,8330235883.81
FR,2020,C,20-249,Totale,4026.7195,115112132800.0,422101.68,20818280532.38
FR,2020,C,250+,Totale,475.8791,574616179200.0,1144455.564,103920590523.8
FR,2020,C,mancante,Totale,1445.99,15016108800.0,38164.836,2715696060.0
FR,2020,C,1-19,TFP,39810.5468,27636611520.0,182111.832,4998141530.29
FR,2020,C,20-249,TFP,2416.0317,69067279680.0,253261.008,12490968319.43
FR,2020,C,250+,TFP,285.5275,344769707520.0,686673.3384,62352354314.28
FR,2020,C,mancante,TFP,867.594,9009665280.0,22898.9016,1629417636.0
FR,2020,D,1-19,Totale,677.6674,5255142596.04,9751.98,699358389.35
FR,2020,D,20-249,Totale,2.3212,5282504147.08,3079.944,702999685.45
FR,2020,D,250+,Totale,0.5234,77085721256.88,104000.736,10258626645.2
FR,2020,D,mancante,Totale,13.888,1788232000.0,2384.34,237979280.0
FR,2020,D,1-19,TFP,406.6005,3153085557.63,5851.188,419615033.61
FR,2020,D,20-249,TFP,1.3927,3169502488.25,1847.9664,421799811.27
FR,2020,D,250+,TFP,0.314,46251432754.13,62400.4416,6155175987.12
FR,2020,D,mancante,TFP,8.3328,1072939200.0,1430.604,142787568.0
FR,2020,E,1-19,Totale,3093.5004,3084248452.22,13648.0041,702478192.04
FR,2020,E,20-249,Totale,162.5192,4970077437.22,17736.3489,1132000572.09
FR,2020,E,250+,Totale,14.8284,23982266110.56,94150.119,5462276855.87
FR,2020,E,mancante,Totale,66.752,653808000.0,2561.928,148913380.0
FR,2020,E,1-19,TFP,1856.1002,1850549071.33,8188.8024,421486915.22
FR,2020,E,20-249,TFP,97.5115,2982046462.33,10641.8094,679200343.25
FR,2020,E,250+,TFP,8.897,14389359666.34,56490.0714,3277366113.52
FR,2020,E,mancante,TFP,40.0512,392284800.0,1537.1568,89348028.0
FR,2020,F,1-19,Totale,132677.1177,100228003030.44,566128.4489,24676346909.76
FR,2020,F,20-249,Totale,2636.8493,60881852934.88,247011.6117,14989241310.87
FR,2020,F,250+,Totale,64.0169,85756848034.68,285004.0354,21113517859.36
FR,2020,F,mancante,Totale,2762.816,5038096000.0,22411.104,1240389920.0
FR,2020,F,1-19,TFP,79606.2706,60136801818.26,339677.0693,14805808145.86
FR,2020,F,20-249,TFP,1582.1096,36529111760.93,148206.967,8993544786.52
FR,2020,F,250+,TFP,38.4102,51454108820.81,171002.4212,12668110715.62
FR,2020,F,mancante,TFP,1657.6896,3022857600.0,13446.6624,744233952.0
FR,2020,G,1-19,Totale,182409.8159,242480869412.34,718962.3,24391024902.89
FR,2020,G,20-249,Totale,4045.6592,254393515107.08,472119.312,25589311755.39
FR,2020,G,250+,Totale,301.8509,546950820280.58,905639.364,55017499361.71
FR,2020,G,mancante,Totale,3811.374,21302555200.0,42790.224,2142812980.0
FR,2020,G,1-19,TFP,109445.8895,145488521647.4,431377.38,14634614941.74
FR,2020,G,20-249,TFP,2427.3955,152636109064.25,283271.5872,15353587053.24
FR,2020,G,250+,TFP,181.1105,328170492168.35,543383.6184,33010499617.03
FR,2020,G,mancante,TFP,2286.8244,12781533120.0,25674.1344,1285687788.0
FR,2020,H,1-19,Totale,26441.4027,17426604040.12,138260.0606,5308047486.16
FR,2020,H,20-249,Totale,808.0153,24206012279.16,152705.4662,7373017848.61
FR,2020,H,250+,Totale,63.6719,112918009280.73,587288.3252,34394202905.23
FR,2020,H,mancante,Totale,557.41,3154094400.0,17923.548,960719760.0
FR,2020,H,1-19,TFP,15864.8416,10455962424.07,82956.0363,3184828491.7
FR,2020,H,20-249,TFP,484.8092,14523607367.49,91623.2797,4423810709.16
FR,2020,H,250+,TFP,38.2032,67750805568.44,352372.9951,20636521743.14
FR,2020,H,mancante,TFP,334.446,1892456640.0,10754.1288,576431856.0
FR,2020,I,1-19,Totale,93376.1034,28665116397.44,349074.1637,9594512122.56
FR,2020,I,20-249,Totale,1688.7656,13005244439.28,135936.9045,4352990362.9
FR,2020,I,250+,Totale,73.0411,17474285563.28,156940.8718,5848824834.53
FR,2020,I,mancante,Totale,1941.59,1207033600.0,13101.06,404006680.0
FR,2020,I,1-19,TFP,56025.662,17199069838.46,209444.4982,5756707273.54
FR,2020,I,20-249,TFP,1013.2593,7803146663.57,81562.1427,2611794217.74
FR,2020,I,250+,TFP,43.8246,10484571337.97,94164.5231,3509294900.72
FR,2020,I,mancante,TFP,1164.954,724220160.0,7860.636,242404008.0
FR,2020,J,1-19,Totale,26558.6257,17945124273.34,108306.7732,5395699070.94
FR,2020,J,20-249,Totale,641.2421,27384950187.99,117427.2507,8234044414.31
FR,2020,J,250+,Totale,53.5403,119669781538.67,336949.6361,35982037194.75
FR,2020,J,mancante,Totale,556.192,3367344000.0,11483.34,1012485320.0
FR,2020,J,1-19,TFP,15935.1754,10767074564.0,64984.0639,3237419442.56
FR,2020,J,20-249,TFP,384.7452,16430970112.79,70456.3504,4940426648.59
FR,2020,J,250+,TFP,32.1242,71801868923.2,202169.7817,21589222316.85
FR,2020,J,mancante,TFP,333.7152,2020406400.0,6890.004,607491192.0
FR,2020,K,1-19,Totale,12996.1328,419412312.85,6827.4655,62049312.27
FR,2020,K,20-249,Totale,1987.6438,733971547.49,11948.0646,108586296.47
FR,2020,K,250+,Totale,305.7914,943677703.91,15361.7973,139610952.6
FR,2020,K,mancante,Totale,312.032,42797174.78,696.6802,6331562.48
FR,2020,K,1-19,TFP,7797.6797,251647387.71,4096.4793,37229587.36
FR,2020,K,20-249,TFP,1192.5863,440382928.49,7168.8388,65151777.88
FR,2020,K,250+,TFP,183.4748,566206622.35,9217.0784,83766571.56
FR,2020,K,mancante,TFP,187.2192,25678304.87,418.0081,3798937.49
FR,2020,L,1-19,Totale,21567.6638,30178081578.12,88669.224,4907238695.95
FR,2020,L,20-249,Totale,91.3482,11887776864.82,35535.78,1933063852.61
FR,2020,L,250+,Totale,9.67,19512637557.06,56476.812,3172937611.43
FR,2020,L,mancante,Totale,442.218,1256704000.0,3687.384,204351840.0
FR,2020,L,1-19,TFP,12940.5983,18106848946.87,53201.5344,2944343217.57
FR,2020,L,20-249,TFP,54.8089,7132666118.89,21321.468,1159838311.57
FR,2020,L,250+,TFP,5.802,11707582534.24,33886.0872,1903762566.86
FR,2020,L,mancante,TFP,265.3308,754022400.0,2212.4304,122611104.0
FR,2020,M,1-19,Totale,85274.1451,61586884800.0,396339.9293,23494200706.43
FR,2020,M,20-249,Totale,1087.5945,37778529600.0,189097.1314,14411775489.19
FR,2020,M,250+,Totale,57.7964,44821358400.0,205305.3393,17098477924.38
FR,2020,M,mancante,Totale,1763.664,2942587200.0,16137.6,1122539880.0
FR,2020,M,1-19,TFP,51164.4871,36952130880.0,237803.9576,14096520423.86
FR,2020,M,20-249,TFP,652.5567,22667117760.0,113458.2788,8647065293.51
FR,2020,M,250+,TFP,34.6779,26892815040.0,123183.2036,10259086754.63
FR,2020,M,mancante,TFP,1058.1984,1765552320.0,9682.56,673523928.0
FR,2020,N,1-19,Totale,42978.8752,23476566400.0,184195.609,10314544108.27
FR,2020,N,20-249,Totale,1363.6789,24259939200.0,236468.194,10658722773.97
FR,2020,N,250+,Totale,119.1638,58272838400.0,719208.301,25602456157.76
FR,2020,N,mancante,Totale,907.382,2163456000.0,23262.696,950524960.0
FR,2020,N,1-19,TFP,25787.3251,14085939840.0,110517.3654,6188726464.96
FR,2020,N,20-249,TFP,818.2073,14555963520.0,141880.9164,6395233664.38
FR,2020,N,250+,TFP,71.4983,34963703040.0,431524.9806,15361473694.66
FR,2020,N,mancante,TFP,544.4292,1298073600.0,13957.6176,570314976.0
FR,2020,O,1-19,Totale,2489.7713,316219824.43,3967.8504,116040585.16
FR,2020,O,20-249,Totale,380.7886,553384692.76,6943.7382,203071024.03
FR,2020,O,250+,Totale,58.5829,711494604.98,8927.6634,261091316.61
FR,2020,O,mancante,Totale,59.7784,32267329.02,404.8827,11840876.04
FR,2020,O,1-19,TFP,1493.8628,189731894.66,2380.7102,69624351.1
FR,2020,O,20-249,TFP,228.4731,332030815.66,4166.2429,121842614.42
FR,2020,O,250+,TFP,35.1497,426896762.99,5356.598,156654789.97
FR,2020,O,mancante,TFP,35.8671,19360397.41,242.9296,7104525.62
FR,2020,P,1-19,Totale,11947.1359,450789125.53,1945.8508,150185131.09
FR,2020,P,20-249,Totale,1827.209,788880969.68,3405.2389,262823979.41
FR,2020,P,250+,Totale,281.1091,1014275532.45,4378.1643,337916544.95
FR,2020,P,mancante,Totale,286.846,45998890.36,198.5562,15325013.38
FR,2020,P,1-19,TFP,7168.2815,270473475.32,1167.5105,90111078.65
FR,2020,P,20-249,TFP,1096.3254,473328581.81,2043.1434,157694387.64
FR,2020,P,250+,TFP,168.6654,608565319.47,2626.8986,202749926.97
FR,2020,P,mancante,TFP,172.1076,27599334.22,119.1337,9195008.03
FR,2020,Q,1-19,Totale,31818.6008,590386308.9,5897.7304,133874710.4
FR,2020,Q,20-249,Totale,4866.3742,1033176040.58,10321.0282,234280743.2
FR,2020,Q,250+,Totale,748.673,1328369195.03,13269.8934,301218098.4
FR,2020,Q,mancante,Totale,763.952,60243500.91,601.8092,13660684.73
FR,2020,Q,1-19,TFP,19091.1605,354231785.34,3538.6382,80324826.24
FR,2020,Q,20-249,TFP,2919.8245,619905624.35,6192.6169,140568445.92
FR,2020,Q,250+,TFP,449.2038,797021517.02,7961.9361,180730859.04
FR,2020,Q,mancante,TFP,458.3712,36146100.55,361.0855,8196410.84
FR,2020,R,1-19,Totale,7928.9938,284587796.49,9329.802,143681368.01
FR,2020,R,20-249,Totale,1212.6696,498028643.85,16327.1535,251442394.02
FR,2020,R,250+,Totale,186.5646,640322542.1,20992.0546,323283078.02
FR,2020,R,mancante,Totale,190.372,29039571.07,952.0206,14661364.08
FR,2020,R,1-19,TFP,4757.3963,170752677.89,5597.8812,86208820.81
FR,2020,R,20-249,TFP,727.6018,298817186.31,9796.2921,150865436.41
FR,2020,R,250+,TFP,111.9387,384193525.26,12595.2327,193969846.81
FR,2020,R,mancante,TFP,114.2232,17423742.64,571.2124,8796818.45
FR,2020,S,1-19,Totale,34162.6628,799650986.52,7378.9386,51736506.74
FR,2020,S,20-249,Totale,5224.8778,1399389226.4,12913.1426,90538886.8
FR,2020,S,250+,Totale,803.8274,1799214719.66,16602.6119,116407140.17
FR,2020,S,mancante,Totale,820.232,81597039.44,752.9529,5279235.38
FR,2020,S,1-19,TFP,20497.5977,479790591.91,4427.3632,31041904.04
FR,2020,S,20-249,TFP,3134.9267,839633535.84,7747.8856,54323332.08
FR,2020,S,250+,TFP,482.2964,1079528831.8,9961.5672,69844284.1
FR,2020,S,mancante,TFP,492.1392,48958223.66,451.7718,3167541.23
FR,2021,A,1-19,Totale,3720.6818,672949584.64,2534.5586,102574537.99
FR,2021,A,20-249,Totale,569.0454,1177661773.12,4435.4775,179505441.48
FR,2021,A,250+,Totale,87.5455,1514136565.44,5702.7568,230792710.48
FR,2021,A,mancante,Totale,89.3321,68668324.96,258.6284,10466789.59
FR,2021,A,1-19,TFP,2232.4091,403769750.79,1520.7352,61544722.79
FR,2021,A,20-249,TFP,341.4273,706597063.87,2661.2865,107703264.89
FR,2021,A,250+,TFP,52.5273,908481939.27,3421.6541,138475626.29
FR,2021,A,mancante,TFP,53.5993,41200994.98,155.1771,6280073.75
FR,2021,B,1-19,Totale,412.2517,841989344.0,1858.5504,168633480.4
FR,2021,B,20-249,Totale,63.0503,1473481352.0,3252.4632,295108590.7
FR,2021,B,250+,Totale,9.7,1894476024.0,4181.7384,379425330.9
FR,2021,B,mancante,Totale,9.898,85917280.0,189.648,17207498.0
FR,2021,B,1-19,TFP,247.351,505193606.4,1115.1302,101180088.24
FR,2021,B,20-249,TFP,37.8302,884088811.2,1951.4779,177065154.42
FR,2021,B,250+,TFP,5.82,1136685614.4,2509.043,227655198.54
FR,2021,B,mancante,TFP,5.9388,51550368.0,113.7888,10324498.8
FR,2021,C,1-19,Totale,66352.6122,50141535360.0,324417.7249,8479222662.77
FR,2021,C,20-249,Totale,3812.3618,131537066080.0,424676.397,22243676099.9
FR,2021,C,250+,Totale,445.006,635856622240.0,1100302.8822,107527020121.33
FR,2021,C,mancante,Totale,1441.02,16684392320.0,37742.796,2821426916.0
FR,2021,C,1-19,TFP,39811.5673,30084921216.0,194650.6349,5087533597.66
FR,2021,C,20-249,TFP,2287.4171,78922239648.0,254805.8382,13346205659.94
FR,2021,C,250+,TFP,267.0036,381513973344.0,660181.7293,64516212072.8
FR,2021,C,mancante,TFP,864.612,10010635392.0,22645.6776,1692856149.6
FR,2021,D,1-19,Totale,988.9376,5204889760.0,26547.2592,571510595.59
FR,2021,D,20-249,Totale,151.2493,7456239840.0,46457.7036,818714760.22
FR,2021,D,250+,Totale,23.2691,111986661920.0,59731.3332,12296430242.19
FR,2021,D,mancante,Totale,23.744,2543832480.0,2708.904,279319502.0
FR,2021,D,1-19,TFP,593.3626,3122933856.0,15928.3555,342906357.35
FR,2021,D,20-249,TFP,90.7496,4473743904.0,27874.6222,491228856.13
FR,2021,D,250+,TFP,13.9615,67191997152.0,35838.7999,7377858145.31
FR,2021,D,mancante,TFP,14.2464,1526299488.0,1625.3424,167591701.2
FR,2021,E,1-19,Totale,3059.8033,7478873920.0,24863.9328,1542065848.4
FR,2021,E,20-249,Totale,158.7768,13088029360.0,43511.8824,2698615234.7
FR,2021,E,250+,Totale,14.5379,16827466320.0,55943.8488,3469648158.9
FR,2021,E,mancante,Totale,65.982,763150400.0,2537.136,157353658.0
FR,2021,E,1-19,TFP,1835.882,4487324352.0,14918.3597,925239509.04
FR,2021,E,20-249,TFP,95.2661,7852817616.0,26107.1294,1619169140.82
FR,2021,E,250+,TFP,8.7227,10096479792.0,33566.3093,2081788895.34
FR,2021,E,mancante,TFP,39.5892,457890240.0,1522.2816,94412194.8
FR,2021,F,1-19,Totale,139053.0232,56425845728.0,234563.3136,13252454230.4
FR,2021,F,20-249,Totale,21266.933,98745230024.0,410485.7988,23191794903.2
FR,2021,F,250+,Totale,3271.8358,126958152888.0,527767.4556,29818022018.4
FR,2021,F,mancante,Totale,3338.608,5757739360.0,23935.032,1352291248.0
FR,2021,F,1-19,TFP,83431.8139,33855507436.8,140737.9882,7951472538.24
FR,2021,F,20-249,TFP,12760.1598,59247138014.4,246291.4793,13915076941.92
FR,2021,F,250+,TFP,1963.1015,76174891732.8,316660.4734,17890813211.04
FR,2021,F,mancante,TFP,2003.1648,3454643616.0,14361.0192,811374748.8
FR,2021,G,1-19,Totale,206063.1016,274001447604.22,784381.6304,27172097952.41
FR,2021,G,20-249,Totale,4506.0128,288380423221.0,487371.5772,28598028133.91
FR,2021,G,250+,Totale,327.8656,602433012854.79,879329.5444,59741906395.68
FR,2021,G,mancante,Totale,4304.02,23771732320.0,43899.648,2357388418.0
FR,2021,G,1-19,TFP,123637.861,164400868562.53,470628.9782,16303258771.44
FR,2021,G,20-249,TFP,2703.6077,173028253932.6,292422.9463,17158816880.35
FR,2021,G,250+,TFP,196.7194,361459807712.87,527597.7266,35845143837.41
FR,2021,G,mancante,TFP,2582.412,14263039392.0,26339.7888,1414433050.8
FR,2021,H,1-19,Totale,30862.5186,19879716385.67,139948.116,5198539986.36
FR,2021,H,20-249,Totale,843.6908,27988385698.77,150667.944,7318954626.22
FR,2021,H,250+,Totale,65.8806,132173138875.56,546897.624,34563236931.42
FR,2021,H,mancante,Totale,648.41,3674311040.0,17092.116,960831256.0
FR,2021,H,1-19,TFP,18517.5111,11927829831.4,83968.8696,3119123991.82
FR,2021,H,20-249,TFP,506.2145,16793031419.26,90400.7664,4391372775.73
FR,2021,H,250+,TFP,39.5283,79303883325.33,328138.5744,20737942158.85
FR,2021,H,mancante,TFP,389.046,2204586624.0,10255.2696,576498753.6
FR,2021,I,1-19,Totale,119174.4456,32516882130.81,424151.1969,11035545135.52
FR,2021,I,20-249,Totale,2368.6033,14751271808.45,155307.3874,5006271056.17
FR,2021,I,250+,Totale,97.0991,17284877260.74,160839.8838,5866123400.31
FR,2021,I,mancante,Totale,2482.452,1317408800.0,15108.132,447100808.0
FR,2021,I,1-19,TFP,71504.6673,19510129278.48,254490.7181,6621327081.31
FR,2021,I,20-249,TFP,1421.162,8850763085.07,93184.4324,3003762633.7
FR,2021,I,250+,TFP,58.2595,10370926356.45,96503.9303,3519674040.19
FR,2021,I,mancante,TFP,1489.4712,790445280.0,9064.8792,268260484.8
FR,2021,J,1-19,Totale,33568.6904,21275705920.0,118841.1476,6396837853.68
FR,2021,J,20-249,Totale,765.5353,32652902240.0,120312.3221,9817550678.07
FR,2021,J,250+,Totale,64.5583,124156231360.0,341034.3624,37329303362.25
FR,2021,J,mancante,Totale,702.016,3634384480.0,11840.568,1092728406.0
FR,2021,J,1-19,TFP,20141.2143,12765423552.0,71304.6885,3838102712.21
FR,2021,J,20-249,TFP,459.3212,19591741344.0,72187.3932,5890530406.84
FR,2021,J,250+,TFP,38.735,74493738816.0,204620.6174,22397582017.35
FR,2021,J,mancante,TFP,421.2096,2180630688.0,7104.3408,655637043.6
FR,2021,K,1-19,Totale,22432.0054,51307304160.0,52981.8729,6700881449.96
FR,2021,K,20-249,Totale,161.1827,37626417920.0,36600.1518,4914118369.63
FR,2021,K,250+,Totale,60.5899,312132548000.0,379238.0193,40765408260.41
FR,2021,K,mancante,Totale,462.322,8185025920.0,9567.756,1068987920.0
FR,2021,K,1-19,TFP,13459.2032,30784382496.0,31789.1237,4020528869.98
FR,2021,K,20-249,TFP,96.7096,22575850752.0,21960.0911,2948471021.78
FR,2021,K,250+,TFP,36.354,187279528800.0,227542.8116,24459244956.24
FR,2021,K,mancante,TFP,277.3932,4911015552.0,5740.6536,641392752.0
FR,2021,L,1-19,Totale,25592.1652,32270216160.0,78789.648,5677644986.95
FR,2021,L,20-249,Totale,98.8695,12539868320.0,35728.644,2206273430.31
FR,2021,L,250+,Totale,9.9553,26855778880.0,86668.848,4725025006.74
FR,2021,L,mancante,Totale,524.51,1462568640.0,4105.86,257325376.0
FR,2021,L,1-19,TFP,15355.2991,19362129696.0,47273.7888,3406586992.17
FR,2021,L,20-249,TFP,59.3217,7523920992.0,21437.1864,1323764058.19
FR,2021,L,250+,TFP,5.9732,16113467328.0,52001.3088,2835015004.04
FR,2021,L,mancante,TFP,314.706,877541184.0,2463.516,154395225.6
FR,2021,M,1-19,Totale,96359.4482,69978526217.85,418010.679,25455643340.88
FR,2021,M,20-249,Totale,1191.5971,43443935192.2,197694.5633,15803323953.04
FR,2021,M,250+,Totale,59.2087,50944291069.95,195562.4737,18531680700.07
FR,2021,M,mancante,Totale,1992.046,3354423520.0,16556.484,1220217306.0
FR,2021,M,1-19,TFP,57815.6689,41987115730.71,250806.4074,15273386004.53
FR,2021,M,20-249,TFP,714.9582,26066361115.32,118616.738,9481994371.83
FR,2021,M,250+,TFP,35.5252,30566574641.97,117337.4842,11119008420.04
FR,2021,M,mancante,TFP,1195.2276,2012654112.0,9933.8904,732130383.6
FR,2021,N,1-19,Totale,47973.7685,25586114400.0,193593.7991,11071427418.07
FR,2021,N,20-249,Totale,1414.1007,27219978240.0,244372.327,11778420462.53
FR,2021,N,250+,Totale,133.0988,69549706240.0,811316.9019,30095016091.4
FR,2021,N,mancante,Totale,1010.632,2497057120.0,25495.572,1080507428.0
FR,2021,N,1-19,TFP,28784.2611,15351668640.0,116156.2795,6642856450.84
FR,2021,N,20-249,TFP,848.4604,16331986944.0,146623.3962,7067052277.52
FR,2021,N,250+,TFP,79.8593,41729823744.0,486790.1411,18057009654.84
FR,2021,N,mancante,TFP,606.3792,1498234272.0,15297.3432,648304456.8
FR,2021,O,1-19,Totale,4061.8816,568826624.11,831.9547,136354534.75
FR,2021,O,20-249,Totale,621.2289,995446592.2,1455.9207,238620435.81
FR,2021,O,250+,Totale,95.5737,1279859904.25,1871.898,306797703.18
FR,2021,O,mancante,Totale,97.5242,58043533.07,84.8933,13913728.04
FR,2021,O,1-19,TFP,2437.1289,341295974.47,499.1728,81812720.85
FR,2021,O,20-249,TFP,372.7374,597267955.32,873.5524,143172261.48
FR,2021,O,250+,TFP,57.3442,767915942.55,1123.1388,184078621.91
FR,2021,O,mancante,TFP,58.5145,34826119.84,50.936,8348236.82
FR,2021,P,1-19,Totale,17808.5976,7314135933.71,91282.296,2432682724.4
FR,2021,P,20-249,Totale,114.0727,3593191532.5,32067.756,1195096050.42
FR,2021,P,250+,Totale,6.6257,3669945173.78,28188.72,1220624323.18
FR,2021,P,mancante,Totale,365.904,297495360.0,3092.628,98947002.0
FR,2021,P,1-19,TFP,10685.1585,4388481560.23,54769.3776,1459609634.64
FR,2021,P,20-249,TFP,68.4436,2155914919.5,19240.6536,717057630.25
FR,2021,P,250+,TFP,3.9754,2201967104.27,16913.232,732374593.91
FR,2021,P,mancante,TFP,219.5424,178497216.0,1855.5768,59368201.2
FR,2021,Q,1-19,Totale,52984.5449,52697641920.0,348096.0,17538001109.78
FR,2021,Q,20-249,Totale,387.56,11380779200.0,124136.208,3787572099.39
FR,2021,Q,250+,Totale,26.8211,23922450720.0,236512.416,7961494138.83
FR,2021,Q,mancante,Totale,1089.774,1795936160.0,14464.176,597695252.0
FR,2021,Q,1-19,TFP,31790.7269,31618585152.0,208857.6,10522800665.87
FR,2021,Q,20-249,TFP,232.536,6828467520.0,74481.7248,2272543259.63
FR,2021,Q,250+,TFP,16.0927,14353470432.0,141907.4496,4776896483.3
FR,2021,Q,mancante,TFP,653.8644,1077561696.0,8678.5056,358617151.2
FR,2021,R,1-19,Totale,12616.5037,5574545760.0,57344.112,1447879078.26
FR,2021,R,20-249,Totale,67.3757,3693988480.0,23954.532,959441157.32
FR,2021,R,250+,Totale,3.6906,9929704960.0,29980.944,2579046380.42
FR,2021,R,mancante,Totale,258.93,391800800.0,2271.012,101762584.0
FR,2021,R,1-19,TFP,7569.9022,3344727456.0,34406.4672,868727446.95
FR,2021,R,20-249,TFP,40.4254,2216393088.0,14372.7192,575664694.39
FR,2021,R,250+,TFP,2.2144,5957822976.0,17988.5664,1547427828.25
FR,2021,R,mancante,TFP,155.358,235080480.0,1362.6072,61057550.4
FR,2021,S,1-19,Totale,1247.6327,786855562.94,6578.6678,31481864.88
FR,2021,S,20-249,Totale,190.8144,1376997235.15,11512.6687,55093263.54
FR,2021,S,250+,Totale,29.3561,1770425016.62,14802.0027,70834195.98
FR,2021,S,mancante,Totale,29.9552,80291383.97,671.2926,3212435.19
FR,2021,S,1-19,TFP,748.5796,472113337.76,3947.2007,18889118.93
FR,2021,S,20-249,TFP,114.4887,826198341.09,6907.6012,33055958.12
FR,2021,S,250+,TFP,17.6136,1062255009.97,8881.2016,42500517.59
FR,2021,S,mancante,TFP,17.9731,48174830.38,402.7756,1927461.12
FR,2022,A,1-19,Totale,3432.586,141900098.68,4119.9517,119411409.54
FR,2022,A,20-249,Totale,524.9837,248325172.68,7209.9154,208969966.7
FR,2022,A,250+,Totale,80.7667,319275222.02,9269.8912,268675671.47
FR,2022,A,mancante,Totale,82.415,14479601.91,420.4032,12184837.71
FR,2022,A,1-19,TFP,2059.5516,85140059.21,2471.971,71646845.73
FR,2022,A,20-249,TFP,314.9902,148995103.61,4325.9492,125381980.02
FR,2022,A,250+,TFP,48.46,191565133.21,5561.9347,161205402.88
FR,2022,A,mancante,TFP,49.449,8687761.14,252.2419,7310902.63
FR,2022,B,1-19,Totale,391.8432,591181948.19,1710.1392,119678140.05
FR,2022,B,20-249,Totale,59.929,1657780618.36,2992.7436,335599051.39
FR,2022,B,250+,Totale,9.2198,1996154393.45,3847.8132,404099018.56
FR,2022,B,mancante,Totale,9.408,86635040.0,174.504,17538290.0
FR,2022,B,1-19,TFP,235.1059,354709168.91,1026.0835,71806884.03
FR,2022,B,20-249,TFP,35.9574,994668371.02,1795.6462,201359430.83
FR,2022,B,250+,TFP,5.5319,1197692636.07,2308.6879,242459411.14
FR,2022,B,mancante,TFP,5.6448,51981024.0,104.7024,10522974.0
FR,2022,C,1-19,Totale,67480.0386,53259706755.89,331528.615,8183794028.53
FR,2022,C,20-249,Totale,3567.6486,143178398646.09,424827.192,22000544036.51
FR,2022,C,250+,Totale,428.7107,743765474438.02,1136218.037,114285710888.96
FR,2022,C,mancante,Totale,1458.702,19187828160.0,38623.956,2948368346.0
FR,2022,C,1-19,TFP,40488.0232,31955824053.53,198917.169,4910276417.12
FR,2022,C,20-249,TFP,2140.5892,85907039187.65,254896.3152,13200326421.91
FR,2022,C,250+,TFP,257.2264,446259284662.81,681730.8222,68571426533.37
FR,2022,C,mancante,TFP,875.2212,11512696896.0,23174.3736,1769021007.6
FR,2022,D,1-19,Totale,1055.411,8823292151.06,3333.96,598526485.41
FR,2022,D,20-249,Totale,161.4158,10571212182.5,3825.528,717096336.13
FR,2022,D,250+,Totale,24.8332,193798592146.43,127253.196,13146293724.46
FR,2022,D,mancante,Totale,25.34,4350879520.0,2743.116,295141154.0
FR,2022,D,1-19,TFP,633.2466,5293975290.64,2000.376,359115891.25
FR,2022,D,20-249,TFP,96.8495,6342727309.5,2295.3168,430257801.68
FR,2022,D,250+,TFP,14.8999,116279155287.86,76351.9176,7887776234.68
FR,2022,D,mancante,TFP,15.204,2610527712.0,1645.8696,177084692.4
FR,2022,E,1-19,Totale,3233.9834,4486072385.43,25419.24,880836071.35
FR,2022,E,20-249,Totale,153.7984,6601242073.48,44483.67,1296147639.74
FR,2022,E,250+,Totale,15.4642,29552289861.09,57193.29,5802564172.91
FR,2022,E,mancante,Totale,69.454,829379680.0,2593.8,162847916.0
FR,2022,E,1-19,TFP,1940.3901,2691643431.26,15251.544,528501642.81
FR,2022,E,20-249,TFP,92.279,3960745244.09,26690.202,777688583.84
FR,2022,E,250+,TFP,9.2785,17731373916.65,34315.974,3481538503.74
FR,2022,E,mancante,TFP,41.6724,497627808.0,1556.28,97708749.6
FR,2022,F,1-19,Totale,145184.9028,125784630720.0,661843.6573,28800029664.39
FR,2022,F,20-249,Totale,22204.7498,74211809280.0,250487.8779,16991760412.05
FR,2022,F,250+,Totale,3416.1154,104135309600.0,293460.0729,23843135591.56
FR,2022,F,mancante,Totale,3485.832,6206770400.0,24607.992,1421120932.0
FR,2022,F,1-19,TFP,87110.9417,75470778432.0,397106.1944,17280017798.64
FR,2022,F,20-249,TFP,13322.8499,44527085568.0,150292.7267,10195056247.23
FR,2022,F,250+,TFP,2049.6692,62481185760.0,176076.0437,14305881354.93
FR,2022,F,mancante,TFP,2091.4992,3724062240.0,14764.7952,852672559.2
FR,2022,G,1-19,Totale,211222.3622,299540363360.0,807365.5324,27937003835.77
FR,2022,G,20-249,Totale,4678.983,322968016000.0,502792.7857,30122012942.14
FR,2022,G,250+,Totale,339.5748,682343314240.0,891651.7819,63639596258.1
FR,2022,G,mancante,Totale,4413.08,26629626400.0,44934.9,2483645164.0
FR,2022,G,1-19,TFP,126733.4173,179724218016.0,484419.3194,16762202301.46
FR,2022,G,20-249,TFP,2807.3898,193780809600.0,301675.6714,18073207765.28
FR,2022,G,250+,TFP,203.7449,409405988544.0,534991.0691,38183757754.86
FR,2022,G,mancante,TFP,2647.848,15977775840.0,26960.94,1490187098.4
FR,2022,H,1-19,Totale,32039.5153,22010964640.0,143999.5324,5157477216.94
FR,2022,H,20-249,Totale,861.4954,32447854880.0,154400.6713,7602986739.53
FR,2022,H,250+,Totale,68.8353,169702954400.0,580048.2763,39763778429.53
FR,2022,H,mancante,Totale,672.854,4574730080.0,17927.52,1071923314.0
FR,2022,H,1-19,TFP,19223.7092,13206578784.0,86399.7194,3094486330.16
FR,2022,H,20-249,TFP,516.8972,19468712928.0,92640.4028,4561792043.72
FR,2022,H,250+,TFP,41.3012,101821772640.0,348028.9658,23858267057.72
FR,2022,H,mancante,TFP,403.7124,2744838048.0,10756.512,643153988.4
FR,2022,I,1-19,Totale,124730.799,46166855152.66,445355.904,14731523645.52
FR,2022,I,20-249,Totale,2797.459,23304550874.49,182374.668,7436320735.31
FR,2022,I,250+,Totale,121.936,25962499252.85,182602.812,8284453649.17
FR,2022,I,mancante,Totale,2605.106,1947630720.0,16537.416,621475470.0
FR,2022,I,1-19,TFP,74838.4794,27700113091.59,267213.5424,8838914187.31
FR,2022,I,20-249,TFP,1678.4754,13982730524.7,109424.8008,4461792441.19
FR,2022,I,250+,TFP,73.1616,15577499551.71,109561.6872,4970672189.5
FR,2022,I,mancante,TFP,1563.0636,1168578432.0,9922.4496,372885282.0
FR,2022,J,1-19,Totale,35887.1211,23238418560.0,131818.3015,6839002282.47
FR,2022,J,20-249,Totale,755.2119,36370669440.0,129552.1516,10703787380.07
FR,2022,J,250+,Totale,64.155,133908093760.0,351197.9509,39408781475.46
FR,2022,J,mancante,Totale,749.112,3949330240.0,12501.396,1162276962.0
FR,2022,J,1-19,TFP,21532.2727,13943051136.0,79090.9809,4103401369.48
FR,2022,J,20-249,TFP,453.1271,21822401664.0,77731.291,6422272428.04
FR,2022,J,250+,TFP,38.493,80344856256.0,210718.7705,23645268885.28
FR,2022,J,mancante,TFP,449.4672,2369598144.0,7500.8376,697366177.2
FR,2022,K,1-19,Totale,20102.9556,80881802176.0,98790.5856,11077072221.6
FR,2022,K,20-249,Totale,3074.5697,141543153808.0,172883.5248,19384876387.8
FR,2022,K,250+,Totale,473.0107,181984054896.0,222278.8176,24923412498.6
FR,2022,K,mancante,Totale,482.664,8253245120.0,10080.672,1130313492.0
FR,2022,K,1-19,TFP,12061.7734,48529081305.6,59274.3514,6646243332.96
FR,2022,K,20-249,TFP,1844.7418,84925892284.8,103730.1149,11630925832.68
FR,2022,K,250+,TFP,283.8064,109190432937.6,133367.2906,14954047499.16
FR,2022,K,mancante,TFP,289.5984,4951947072.0,6048.4032,678188095.2
FR,2022,L,1-19,Totale,26623.7603,36204422240.0,37176.1824,5628378291.89
FR,2022,L,20-249,Totale,102.1447,13985266400.0,65058.3192,2174164506.49
FR,2022,L,250+,Totale,9.5731,25381043520.0,83646.4104,3945764233.62
FR,2022,L,mancante,Totale,545.622,1542259840.0,3793.488,239761368.0
FR,2022,L,1-19,TFP,15974.2562,21722653344.0,22305.7094,3377026975.13
FR,2022,L,20-249,TFP,61.2868,8391159840.0,39034.9915,1304498703.89
FR,2022,L,250+,TFP,5.7438,15228626112.0,50187.8462,2367458540.17
FR,2022,L,mancante,TFP,327.3732,925355904.0,2276.0928,143856820.8
FR,2022,M,1-19,Totale,101120.4484,75052332412.56,452174.94,27147371401.36
FR,2022,M,20-249,Totale,1159.6964,47539907690.33,215113.92,17195781782.79
FR,2022,M,250+,Totale,60.0792,57490937017.11,213696.84,20795194089.85
FR,2022,M,mancante,Totale,2088.576,3675166880.0,17979.3,1329354026.0
FR,2022,M,1-19,TFP,60672.2691,45031399447.54,271304.964,16288422840.82
FR,2022,M,20-249,TFP,695.8178,28523944614.2,129068.352,10317469069.67
FR,2022,M,250+,TFP,36.0475,34494562210.26,128218.104,12477116453.91
FR,2022,M,mancante,TFP,1253.1456,2205100128.0,10787.58,797612415.6
FR,2022,N,1-19,Totale,50541.1429,29676030720.0,210892.763,12401178050.05
FR,2022,N,20-249,Totale,1350.8792,32064400480.0,256985.5158,13399242748.21
FR,2022,N,250+,Totale,124.6139,75875864960.0,837247.1092,31707411275.74
FR,2022,N,mancante,Totale,1061.564,2808495840.0,26635.212,1173629226.0
FR,2022,N,1-19,TFP,30324.6858,17805618432.0,126535.6578,7440706830.03
FR,2022,N,20-249,TFP,810.5275,19238640288.0,154191.3095,8039545648.93
FR,2022,N,250+,TFP,74.7683,45525518976.0,502348.2655,19024446765.44
FR,2022,N,mancante,TFP,636.9384,1685097504.0,15981.1272,704177535.6
FR,2022,O,1-19,Totale,291.7502,433021867.08,3771.9765,50376791.07
FR,2022,O,20-249,Totale,44.6206,757788267.39,6600.959,88159384.37
FR,2022,O,250+,Totale,6.8647,974299200.93,8486.9472,113347779.9
FR,2022,O,mancante,Totale,7.0048,44185904.8,384.8956,5140488.88
FR,2022,O,1-19,TFP,175.0501,259813120.25,2263.1859,30226074.64
FR,2022,O,20-249,TFP,26.7724,454672960.43,3960.5754,52895630.62
FR,2022,O,250+,TFP,4.1188,584579520.56,5092.1683,68008667.94
FR,2022,O,mancante,TFP,4.2029,26511542.88,230.9373,3084293.33
FR,2022,P,1-19,Totale,18952.1466,3214056608.0,104494.656,1083033613.2
FR,2022,P,20-249,Totale,101.9334,5624599064.0,33113.808,1895308823.1
FR,2022,P,250+,Totale,6.4299,7231627368.0,33791.772,2436825629.7
FR,2022,P,mancante,Totale,388.99,327964960.0,3497.964,110513634.0
FR,2022,P,1-19,TFP,11371.288,1928433964.8,62696.7936,649820167.92
FR,2022,P,20-249,TFP,61.1601,3374759438.4,19868.2848,1137185293.86
FR,2022,P,250+,TFP,3.858,4338976420.8,20275.0632,1462095377.82
FR,2022,P,mancante,TFP,233.394,196778976.0,2098.7784,66308180.4
FR,2022,Q,1-19,Totale,53413.7973,18073987904.0,356926.8843,6389951290.8
FR,2022,Q,20-249,Totale,368.5261,31629478832.0,120434.0629,11182414758.9
FR,2022,Q,250+,Totale,25.4587,40666472784.0,252124.2008,14377390404.3
FR,2022,Q,mancante,Totale,1098.118,1844284480.0,14887.452,652035846.0
FR,2022,Q,1-19,TFP,32048.2784,10844392742.4,214156.1306,3833970774.48
FR,2022,Q,20-249,TFP,221.1156,18977687299.2,72260.4378,6709448855.34
FR,2022,Q,250+,TFP,15.2752,24399883670.4,151274.5205,8626434242.58
FR,2022,Q,mancante,TFP,658.8708,1106570688.0,8932.4712,391221507.6
FR,2022,R,1-19,Totale,13473.3708,7672819840.0,26722.3656,2074940514.64
FR,2022,R,20-249,Totale,79.5303,5150872160.0,46764.1398,1392936828.1
FR,2022,R,250+,Totale,4.5169,12780720960.0,60125.3226,3456256797.26
FR,2022,R,mancante,Totale,276.682,522539040.0,2726.772,141308860.0
FR,2022,R,1-19,TFP,8084.0225,4603691904.0,16033.4194,1244964308.78
FR,2022,R,20-249,TFP,47.7182,3090523296.0,28058.4839,835762096.86
FR,2022,R,250+,TFP,2.7102,7668432576.0,36075.1936,2073754078.36
FR,2022,R,mancante,TFP,166.0092,313523424.0,1636.0632,84785316.0
FR,2022,S,1-19,Totale,2943.9679,707050745.77,4392.4207,110031442.41
FR,2022,S,20-249,Totale,450.2539,1237338805.09,7686.7361,192555024.21
FR,2022,S,250+,Totale,69.2698,1590864177.98,9882.9465,247570745.42
FR,2022,S,mancante,Totale,70.6835,72148035.28,448.2062,11227698.2
FR,2022,S,1-19,TFP,1766.3808,424230447.46,2635.4524,66018865.44
FR,2022,S,20-249,TFP,270.1524,742403283.06,4612.0417,115533014.53
FR,2022,S,250+,TFP,41.5619,954518506.79,5929.7679,148542447.25
FR,2022,S,mancante,TFP,42.4101,43288821.17,268.9237,6736618.92
FR,2023,A,1-19,Totale,2284.1429,450861608.68,8357.9571,94970507.79
FR,2023,A,20-249,Totale,349.3395,789007815.19,14626.4249,166198388.62
FR,2023,A,250+,Totale,53.7445,1014438619.53,18805.4034,213683642.52
FR,2023,A,mancante,Totale,54.8414,46006286.6,852.8528,9690868.14
FR,2023,A,1-19,TFP,1370.4858,270516965.21,5014.7742,56982304.67
FR,2023,A,20-249,TFP,209.6037,473404689.12,8775.8549,99719033.17
FR,2023,A,250+,TFP,32.2467,608663171.72,11283.2421,128210185.51
FR,2023,A,mancante,TFP,32.9048,27603771.96,511.7117,5814520.88
FR,2023,B,1-19,Totale,376.0995,589033850.21,1811.1576,121072220.63
FR,2023,B,20-249,Totale,57.5211,1737678082.06,3169.5258,357168852.11
FR,2023,B,250+,Totale,8.8494,2157705347.74,4075.1046,443502827.26
FR,2023,B,mancante,Totale,9.03,91518720.0,184.812,18811100.0
FR,2023,B,1-19,TFP,225.6597,353420310.12,1086.6946,72643332.38
FR,2023,B,20-249,TFP,34.5127,1042606849.24,1901.7155,214301311.27
FR,2023,B,250+,TFP,5.3096,1294623208.64,2445.0628,266101696.35
FR,2023,B,mancante,TFP,5.418,54911232.0,110.8872,11286660.0
FR,2023,C,1-19,Totale,66813.8074,54937944999.34,328579.5912,8623842814.05
FR,2023,C,20-249,Totale,3284.6043,143935601565.49,423643.2861,22594183369.29
FR,2023,C,250+,Totale,407.2962,778557293275.17,1165068.7227,122213448628.65
FR,2023,C,mancante,Totale,1438.892,19947568160.0,39128.4,3131254588.0
FR,2023,C,1-19,TFP,40088.2845,32962766999.6,197147.7547,5174305688.43
FR,2023,C,20-249,TFP,1970.7626,86361360939.29,254185.9716,13556510021.57
FR,2023,C,250+,TFP,244.3777,467134375965.1,699041.2336,73328069177.19
FR,2023,C,mancante,TFP,863.3352,11968540896.0,23477.04,1878752752.8
FR,2023,D,1-19,Totale,1160.369,8262599520.0,3592.6645,673741293.1
FR,2023,D,20-249,Totale,177.4682,10390297120.0,4161.846,847236054.51
FR,2023,D,250+,Totale,27.3028,169622860960.0,128506.8455,13831231370.4
FR,2023,D,mancante,Totale,27.86,3842362400.0,2780.844,313310382.0
FR,2023,D,1-19,TFP,696.2214,4957559712.0,2155.5987,404244775.86
FR,2023,D,20-249,TFP,106.4809,6234178272.0,2497.1076,508341632.7
FR,2023,D,250+,TFP,16.3817,101773716576.0,77104.1073,8298738822.24
FR,2023,D,mancante,TFP,16.716,2305417440.0,1668.5064,187986229.2
FR,2023,E,1-19,Totale,3271.3056,4598144320.0,26198.1048,964936583.9
FR,2023,E,20-249,Totale,149.3161,6336891680.0,45846.6834,1329818767.03
FR,2023,E,250+,Totale,16.9243,29676046400.0,58945.7358,6227621589.07
FR,2023,E,mancante,Totale,70.154,828797600.0,2673.276,173926060.0
FR,2023,E,1-19,TFP,1962.7834,2758886592.0,15718.8629,578961950.34
FR,2023,E,20-249,TFP,89.5897,3802135008.0,27508.01,797891260.22
FR,2023,E,250+,TFP,10.1546,17805627840.0,35367.4415,3736572953.44
FR,2023,E,mancante,TFP,42.0924,497278560.0,1603.9656,104355636.0
FR,2023,F,1-19,Totale,145039.1278,131009391646.42,661122.8254,29842600232.27
FR,2023,F,20-249,Totale,22182.4548,75960260685.15,248189.6287,17302970914.36
FR,2023,F,250+,Totale,3412.6854,110670150708.43,300034.7899,25209529055.37
FR,2023,F,mancante,Totale,3482.332,6482444960.0,24680.556,1476634698.0
FR,2023,F,1-19,TFP,87023.4767,78605634987.85,396673.6953,17905560139.36
FR,2023,F,20-249,TFP,13309.4729,45576156411.09,148913.7772,10381782548.62
FR,2023,F,250+,TFP,2047.6112,66402090425.06,180020.8739,15125717433.22
FR,2023,F,mancante,TFP,2089.3992,3889466976.0,14808.3336,885980818.8
FR,2023,G,1-19,Totale,209114.0952,305499586560.0,802031.412,28703487691.83
FR,2023,G,20-249,Totale,4587.0611,325901806720.0,503682.564,30620396587.99
FR,2023,G,250+,Totale,341.1337,723862848800.0,902268.948,68011183272.18
FR,2023,G,mancante,Totale,4368.21,27658453920.0,45060.876,2598674848.0
FR,2023,G,1-19,TFP,125468.4571,183299751936.0,481218.8472,17222092615.1
FR,2023,G,20-249,TFP,2752.2367,195541084032.0,302209.5384,18372237952.79
FR,2023,G,250+,TFP,204.6802,434317709280.0,541361.3688,40806709963.31
FR,2023,G,mancante,TFP,2620.926,16595072352.0,27036.5256,1559204908.8
FR,2023,H,1-19,Totale,32224.4414,22366304800.0,141626.856,5907067849.57
FR,2023,H,20-249,Totale,822.0731,33315452800.0,153319.824,8798799886.19
FR,2023,H,250+,Totale,66.7056,153956910240.0,578494.392,40660892482.24
FR,2023,H,mancante,Totale,675.78,4278340160.0,17825.328,1129933882.0
FR,2023,H,1-19,TFP,19334.6648,13419782880.0,84976.1136,3544240709.74
FR,2023,H,20-249,TFP,493.2438,19989271680.0,91991.8944,5279279931.71
FR,2023,H,250+,TFP,40.0233,92374146144.0,347096.6352,24396535489.34
FR,2023,H,mancante,TFP,405.468,2567004096.0,10695.1968,677960329.2
FR,2023,I,1-19,Totale,124425.8809,50852035360.0,445527.2841,15868815416.81
FR,2023,I,20-249,Totale,2920.6069,26026518560.0,193795.2546,8121799177.69
FR,2023,I,250+,Totale,132.8921,29502892160.0,189985.0173,9206631487.5
FR,2023,I,mancante,Totale,2601.62,2171049920.0,16924.644,677494818.0
FR,2023,I,1-19,TFP,74655.5285,30511221216.0,267316.3705,9521289250.08
FR,2023,I,20-249,TFP,1752.3642,15615911136.0,116277.1528,4873079506.61
FR,2023,I,250+,TFP,79.7353,17701735296.0,113991.0104,5523978892.5
FR,2023,I,mancante,TFP,1560.972,1302629952.0,10154.7864,406496890.8
FR,2023,J,1-19,Totale,36943.6674,25865233121.53,135823.884,7531682973.99
FR,2023,J,20-249,Totale,719.9076,36708164399.73,132850.368,10689030155.53
FR,2023,J,250+,Totale,65.0529,148997132558.73,371871.78,43386392892.47
FR,2023,J,mancante,Totale,769.972,4317765920.0,13072.368,1257287878.0
FR,2023,J,1-19,TFP,22166.2004,15519139872.92,81494.3304,4519009784.4
FR,2023,J,20-249,TFP,431.9446,22024898639.84,79710.2208,6413418093.32
FR,2023,J,250+,TFP,39.0318,89398279535.24,223123.068,26031835735.48
FR,2023,J,mancante,TFP,461.9832,2590659552.0,7843.4208,754372726.8
FR,2023,K,1-19,Totale,20274.9701,82584562368.0,101356.8528,11619818271.6
FR,2023,K,20-249,Totale,3100.8778,144522984144.0,177374.4924,20334681975.3
FR,2023,K,250+,Totale,477.0581,185815265328.0,228052.9188,26144591111.1
FR,2023,K,mancante,Totale,486.794,8426996160.0,10342.536,1185695742.0
FR,2023,K,1-19,TFP,12164.9821,49550737420.8,60814.1117,6971890962.96
FR,2023,K,20-249,TFP,1860.5267,86713790486.4,106424.6954,12200809185.18
FR,2023,K,250+,TFP,286.2349,111489159196.8,136831.7513,15686754666.66
FR,2023,K,mancante,TFP,292.0764,5056197696.0,6205.5216,711417445.2
FR,2023,L,1-19,Totale,26691.3798,32764445383.86,37504.992,5290953617.7
FR,2023,L,20-249,Totale,99.7,14242874625.76,65633.736,2300005025.1
FR,2023,L,250+,Totale,9.5681,27150808790.38,84386.232,4384437713.2
FR,2023,L,mancante,Totale,546.952,1513431200.0,3827.04,244395844.0
FR,2023,L,1-19,TFP,16014.8279,19658667230.31,22502.9952,3174572170.62
FR,2023,L,20-249,TFP,59.82,8545724775.45,39380.2416,1380003015.06
FR,2023,L,250+,TFP,5.7409,16290485274.23,50631.7392,2630662627.92
FR,2023,L,mancante,TFP,328.1712,908058720.0,2296.224,146637506.4
FR,2023,M,1-19,Totale,102527.007,79630182240.0,459831.288,28764583116.11
FR,2023,M,20-249,Totale,1114.159,50354524640.0,222071.724,18189421002.63
FR,2023,M,250+,Totale,55.2799,59846396960.0,229903.884,21618142909.27
FR,2023,M,mancante,Totale,2116.254,3874104160.0,18608.304,1399431572.0
FR,2023,M,1-19,TFP,61516.2042,47778109344.0,275898.7728,17258749869.66
FR,2023,M,20-249,TFP,668.4954,30212714784.0,133243.0344,10913652601.58
FR,2023,M,250+,TFP,33.168,35907838176.0,137942.3304,12970885745.56
FR,2023,M,mancante,TFP,1269.7524,2324462496.0,11164.9824,839658943.2
FR,2023,N,1-19,Totale,51689.5222,31801586315.74,224902.944,13022448878.88
FR,2023,N,20-249,Totale,1236.4388,35147690298.52,258150.228,14392646818.9
FR,2023,N,250+,Totale,116.245,81082577145.74,834417.864,33202548620.22
FR,2023,N,mancante,Totale,1082.494,3021058240.0,26887.164,1237094782.0
FR,2023,N,1-19,TFP,31013.7133,19080951789.44,134941.7664,7813469327.33
FR,2023,N,20-249,TFP,741.8633,21088614179.11,154890.1368,8635588091.34
FR,2023,N,250+,TFP,69.747,48649546287.44,500650.7184,19921529172.13
FR,2023,N,mancante,TFP,649.4964,1812634944.0,16132.2984,742256869.2
FR,2023,O,1-19,Totale,1190.8764,817452217.78,3071.7879,134348903.79
FR,2023,O,20-249,Totale,182.134,1430541381.12,5375.6288,235110581.63
FR,2023,O,250+,Totale,28.0206,1839267490.01,6911.5227,302285033.53
FR,2023,O,mancante,Totale,28.5925,83413491.61,313.4477,13709071.82
FR,2023,O,1-19,TFP,714.5258,490471330.67,1843.0727,80609342.27
FR,2023,O,20-249,TFP,109.2804,858324828.67,3225.3773,141066348.98
FR,2023,O,250+,TFP,16.8124,1103560494.0,4146.9136,181371020.12
FR,2023,O,mancante,TFP,17.1555,50048094.97,188.0686,8225443.09
FR,2023,P,1-19,Totale,19401.3572,3532500160.0,35837.7768,1153253670.8
FR,2023,P,20-249,Totale,94.3824,6181875280.0,62716.1094,2018193923.9
FR,2023,P,250+,Totale,6.5543,7948125360.0,80634.9978,2594820759.3
FR,2023,P,mancante,Totale,398.006,360459200.0,3656.916,117678946.0
FR,2023,P,1-19,TFP,11640.8143,2119500096.0,21502.6661,691952202.48
FR,2023,P,20-249,TFP,56.6295,3709125168.0,37629.6656,1210916354.34
FR,2023,P,250+,TFP,3.9326,4768875216.0,48380.9987,1556892455.58
FR,2023,P,mancante,TFP,238.8036,216275520.0,2194.1496,70607367.6
FR,2023,Q,1-19,Totale,53863.4174,18815640928.0,148107.5568,6692002578.8
FR,2023,Q,20-249,Totale,365.5753,32927371624.0,259188.2244,11711004512.9
FR,2023,Q,250+,Totale,25.3753,42335192088.0,333242.0028,15057005802.3
FR,2023,Q,mancante,Totale,1107.232,1919963360.0,15113.016,682857406.0
FR,2023,Q,1-19,TFP,32318.0504,11289384556.8,88864.5341,4015201547.28
FR,2023,Q,20-249,TFP,219.3452,19756422974.4,155512.9346,7026602707.74
FR,2023,Q,250+,TFP,15.2252,25401115252.8,199945.2017,9034203481.38
FR,2023,Q,mancante,TFP,664.3392,1151978016.0,9067.8096,409714443.6
FR,2023,R,1-19,Totale,13735.7035,8773540160.0,69948.1897,2266926954.59
FR,2023,R,20-249,Totale,81.8883,6175732640.0,31790.6761,1595699629.87
FR,2023,R,250+,Totale,3.9362,13855240000.0,39956.1982,3579947939.54
FR,2023,R,mancante,Totale,282.072,587847200.0,2891.736,151889276.0
FR,2023,R,1-19,TFP,8241.4221,5264124096.0,41968.9138,1360156172.75
FR,2023,R,20-249,TFP,49.133,3705439584.0,19074.4056,957419777.92
FR,2023,R,250+,TFP,2.3617,8313144000.0,23973.7189,2147968763.73
FR,2023,R,mancante,TFP,169.2432,352708320.0,1735.0416,91133565.6
FR,2023,S,1-19,Totale,2017.3522,769469065.6,6082.6639,169543743.17
FR,2023,S,20-249,Totale,308.5362,1346570864.79,10644.6619,296701550.55
FR,2023,S,250+,Totale,47.4671,1731305397.59,13685.9938,381473422.14
FR,2023,S,mancante,Totale,48.4358,78517251.59,620.68,17300381.96
FR,2023,S,1-19,TFP,1210.4113,461681439.36,3649.5984,101726245.9
FR,2023,S,20-249,TFP,185.1217,807942518.88,6386.7971,178020930.33
FR,2023,S,250+,TFP,28.4803,1038783238.56,8211.5963,228884053.28
FR,2023,S,mancante,TFP,29.0615,47110350.95,372.408,10380229.17
ES,2005,A,1-19,Totale,2292.3885,739461759.02,813.9164,131827689.43
ES,2005,A,20-249,Totale,350.6006,1294058078.28,1424.3536,230698456.5
ES,2005,A,250+,Totale,53.9386,1663788957.79,1831.3118,296612301.21
ES,2005,A,mancante,Totale,55.0393,75455281.53,83.0527,13451805.04
ES,2005,A,1-19,TFP,1375.4331,443677055.41,488.3498,79096613.66
ES,2005,A,20-249,TFP,210.3604,776434846.97,854.6122,138419073.9
ES,2005,A,250+,TFP,32.3631,998273374.68,1098.7871,177967380.73
ES,2005,A,mancante,TFP,33.0236,45273168.92,49.8316,8071083.03
ES,2005,B,1-19,Totale,841.1634,858623080.0,6195.0112,205676324.0
ES,2005,B,20-249,Totale,128.6485,1502590390.0,10841.2696,359933567.0
ES,2005,B,250+,Totale,19.7921,1931901930.0,13938.7752,462771729.0
ES,2005,B,mancante,Totale,20.196,87614600.0,632.144,20987380.0
ES,2005,B,1-19,TFP,504.698,515173848.0,3717.0067,123405794.4
ES,2005,B,20-249,TFP,77.1891,901554234.0,6504.7618,215960140.2
ES,2005,B,250+,TFP,11.8752,1159141158.0,8363.2651,277663037.4
ES,2005,B,mancante,TFP,12.1176,52568760.0,379.2864,12592428.0
ES,2005,C,1-19,Totale,67137.3126,59673549964.48,636818.896,8771437549.81
ES,2005,C,20-249,Totale,7898.2654,149754188478.41,875426.944,22012424480.24
ES,2005,C,250+,Totale,341.4651,195873409557.12,525569.296,28791506129.95
ES,2005,C,mancante,Totale,1538.307,8271452000.0,41588.064,1215823840.0
ES,2005,C,1-19,TFP,40282.3875,35804129978.69,382091.3376,5262862529.89
ES,2005,C,20-249,TFP,4738.9592,89852513087.04,525256.1664,13207454688.14
ES,2005,C,250+,TFP,204.879,117524045734.27,315341.5776,17274903677.97
ES,2005,C,mancante,TFP,922.9842,4962871200.0,24952.8384,729494304.0
ES,2005,D,1-19,Totale,746.3264,8871599940.0,10312.4224,523683188.0
ES,2005,D,20-249,Totale,114.144,15525299895.0,18046.7392,916445579.0
ES,2005,D,250+,Totale,17.5606,19961099865.0,23202.9504,1178287173.0
ES,2005,D,mancante,Totale,17.919,905265300.0,1052.288,53437060.0
ES,2005,D,1-19,TFP,447.7958,5322959964.0,6187.4534,314209912.8
ES,2005,D,20-249,TFP,68.4864,9315179937.0,10828.0435,549867347.4
ES,2005,D,250+,TFP,10.5364,11976659919.0,13921.7702,706972303.8
ES,2005,D,mancante,TFP,10.7514,543159180.0,631.3728,32062236.0
ES,2005,E,1-19,Totale,2141.8556,301594568.09,7893.9062,50503148.13
ES,2005,E,20-249,Totale,327.5779,527790494.15,13814.3358,88380509.23
ES,2005,E,250+,Totale,50.3966,678587778.2,17761.2889,113632083.29
ES,2005,E,mancante,Totale,51.4251,30774955.93,805.5006,5153382.46
ES,2005,E,1-19,TFP,1285.1134,180956740.85,4736.3437,30301888.88
ES,2005,E,20-249,TFP,196.5467,316674296.49,8288.6015,53028305.54
ES,2005,E,250+,TFP,30.238,407152666.92,10656.7734,68179249.98
ES,2005,E,mancante,TFP,30.8551,18464973.56,483.3004,3092029.48
ES,2005,F,1-19,Totale,96845.8711,42649483380.0,416718.2656,9243819228.0
ES,2005,F,20-249,Totale,14811.7215,74636595915.0,729256.9648,16176683649.0
ES,2005,F,250+,Totale,2278.7264,95961337605.0,937616.0976,20798593263.0
ES,2005,F,mancante,Totale,2325.231,4351988100.0,42522.272,943246860.0
ES,2005,F,1-19,TFP,58107.5227,25589690028.0,250030.9594,5546291536.8
ES,2005,F,20-249,TFP,8887.0329,44781957549.0,437554.1789,9706010189.4
ES,2005,F,250+,TFP,1367.2358,57576802563.0,562569.6586,12479155957.8
ES,2005,F,mancante,TFP,1395.1386,2611192860.0,25513.3632,565948116.0
ES,2005,G,1-19,Totale,166301.8277,113029070280.0,515215.3216,9256882432.0
ES,2005,G,20-249,Totale,25434.3972,197800872990.0,901626.8128,16199544256.0
ES,2005,G,250+,Totale,3912.9842,254315408130.0,1159234.4736,20827985472.0
ES,2005,G,mancante,Totale,3992.841,11533578600.0,52572.992,944579840.0
ES,2005,G,1-19,TFP,99781.0966,67817442168.0,309129.193,5554129459.2
ES,2005,G,20-249,TFP,15260.6383,118680523794.0,540976.0877,9719726553.6
ES,2005,G,250+,TFP,2347.7905,152589244878.0,695540.6842,12496791283.2
ES,2005,G,mancante,TFP,2395.7046,6920147160.0,31543.7952,566747904.0
ES,2005,H,1-19,Totale,38324.2892,23020688040.0,161148.848,4113445140.0
ES,2005,H,20-249,Totale,5861.3619,40286204070.0,282010.484,7198528995.0
ES,2005,H,250+,Totale,901.748,51796548090.0,362584.908,9255251565.0
ES,2005,H,mancante,Totale,920.151,2349049800.0,16443.76,419739300.0
ES,2005,H,1-19,TFP,22994.5735,13812412824.0,96689.3088,2468067084.0
ES,2005,H,20-249,TFP,3516.8171,24171722442.0,169206.2904,4319117397.0
ES,2005,H,250+,TFP,541.0488,31077928854.0,217550.9448,5553150939.0
ES,2005,H,mancante,TFP,552.0906,1409429880.0,9866.256,251843580.0
ES,2005,I,1-19,Totale,67204.2326,8969177560.0,188018.5664,2521247176.0
ES,2005,I,20-249,Totale,10278.2944,15696060730.0,329032.4912,4412182558.0
ES,2005,I,250+,Totale,1581.2761,20180649510.0,423041.7744,5672806146.0
ES,2005,I,mancante,Totale,1613.547,915222200.0,19185.568,257270120.0
ES,2005,I,1-19,TFP,40322.5395,5381506536.0,112811.1398,1512748305.6
ES,2005,I,20-249,TFP,6166.9766,9417636438.0,197419.4947,2647309534.8
ES,2005,I,250+,TFP,948.7656,12108389706.0,253825.0646,3403683687.6
ES,2005,I,mancante,TFP,968.1282,549133320.0,11511.3408,154362072.0
ES,2005,J,1-19,Totale,549.6123,666530268.83,1048.6723,108489047.82
ES,2005,J,20-249,Totale,84.0584,1166427970.45,1835.1765,189855833.68
ES,2005,J,250+,Totale,12.9321,1499693104.86,2359.5127,244100357.59
ES,2005,J,mancante,Totale,13.196,68013292.74,107.0074,11070311.0
ES,2005,J,1-19,TFP,329.7674,399918161.3,629.2034,65093428.69
ES,2005,J,20-249,TFP,50.435,699856782.27,1101.1059,113913500.21
ES,2005,J,250+,TFP,7.7592,899815862.92,1415.7076,146460214.55
ES,2005,J,mancante,TFP,7.9176,40807975.64,64.2044,6642186.6
ES,2005,K,1-19,Totale,7188.4984,902360004.35,2349.1748,109614885.55
ES,2005,K,20-249,Totale,1099.4174,1579130007.61,4111.056,191826049.72
ES,2005,K,250+,Totale,169.1411,2030310009.79,5285.6434,246633492.49
ES,2005,K,mancante,Totale,172.593,92077551.46,239.7117,11185192.4
ES,2005,K,1-19,TFP,4313.0991,541416002.61,1409.5049,65768931.33
ES,2005,K,20-249,TFP,659.6504,947478004.57,2466.6336,115095629.83
ES,2005,K,250+,TFP,101.4847,1218186005.87,3171.386,147980095.49
ES,2005,K,mancante,TFP,103.5558,55246530.88,143.827,6711115.44
ES,2005,L,1-19,Totale,100670.4657,34771119320.0,393881.4432,7501500160.0
ES,2005,L,20-249,Totale,15396.6595,60849458810.0,689292.5256,13127625280.0
ES,2005,L,250+,Totale,2368.7168,78235018470.0,886233.2472,16878375360.0
ES,2005,L,mancante,Totale,2417.058,3548073400.0,40191.984,765459200.0
ES,2005,L,1-19,TFP,60402.2794,20862671592.0,236328.8659,4500900096.0
ES,2005,L,20-249,TFP,9237.9957,36509675286.0,413575.5154,7876575168.0
ES,2005,L,250+,TFP,1421.2301,46941011082.0,531739.9483,10127025216.0
ES,2005,L,mancante,TFP,1450.2348,2128844040.0,24115.1904,459275520.0
ES,2005,M,1-19,Totale,1640.8603,925601651.44,4475.4795,21343399.37
ES,2005,M,20-249,Totale,250.9551,1619802890.02,7832.0892,37350948.9
ES,2005,M,250+,Totale,38.6085,2082603715.74,10069.8289,48022648.59
ES,2005,M,mancante,Totale,39.3964,94449148.11,456.6816,2177897.9
ES,2005,M,1-19,TFP,984.5162,555360990.86,2685.2877,12806039.62
ES,2005,M,20-249,TFP,150.5731,971881734.01,4699.2535,22410569.34
ES,2005,M,250+,TFP,23.1651,1249562229.44,6041.8974,28813589.15
ES,2005,M,mancante,TFP,23.6378,56669488.86,274.009,1306738.74
ES,2005,N,1-19,Totale,468.7571,621577503.68,5394.0233,170559740.76
ES,2005,N,20-249,Totale,71.6923,1087760631.44,9439.5407,298479546.33
ES,2005,N,250+,Totale,11.0296,1398549383.28,12136.5523,383759416.71
ES,2005,N,mancante,Totale,11.2547,63426275.89,550.4105,17404055.18
ES,2005,N,1-19,TFP,281.2543,372946502.21,3236.414,102335844.45
ES,2005,N,20-249,TFP,43.0154,652656378.86,5663.7244,179087727.8
ES,2005,N,250+,TFP,6.6177,839129629.97,7281.9314,230255650.02
ES,2005,N,mancante,TFP,6.7528,38055765.53,330.2463,10442433.11
ES,2005,O,1-19,Totale,3415.2589,199136257.76,3849.2725,87990654.61
ES,2005,O,20-249,Totale,522.3337,348488451.08,6736.2268,153983645.57
ES,2005,O,250+,Totale,80.359,448056579.96,8660.8631,197978972.87
ES,2005,O,mancante,Totale,81.999,20320026.3,392.7829,8978638.23
ES,2005,O,1-19,TFP,2049.1553,119481754.66,2309.5635,52794392.77
ES,2005,O,20-249,TFP,313.4002,209093070.65,4041.7361,92390187.34
ES,2005,O,250+,TFP,48.2154,268833947.98,5196.5178,118787383.72
ES,2005,O,mancante,TFP,49.1994,12192015.78,235.6697,5387182.94
ES,2005,P,1-19,Totale,1905.2873,251639371.41,415.9398,129473562.91
ES,2005,P,20-249,Totale,291.3969,440368899.96,727.8947,226578735.09
ES,2005,P,250+,Totale,44.8303,566188585.66,935.8646,291315516.55
ES,2005,P,mancante,Totale,45.7452,25677486.88,42.4428,13211588.05
ES,2005,P,1-19,TFP,1143.1724,150983622.84,249.5639,77684137.75
ES,2005,P,20-249,TFP,174.8381,264221339.98,436.7368,135947241.05
ES,2005,P,250+,TFP,26.8982,339713151.4,561.5188,174789309.93
ES,2005,P,mancante,TFP,27.4471,15406492.13,25.4657,7926952.83
ES,2005,Q,1-19,Totale,2031.6596,134046970.51,9127.233,26718103.2
ES,2005,Q,20-249,Totale,310.7244,234582198.4,15972.6578,46756680.6
ES,2005,Q,250+,Totale,47.8038,301605683.66,20536.2743,60115732.19
ES,2005,Q,mancante,Totale,48.7793,13678262.3,931.3503,2726337.06
ES,2005,Q,1-19,TFP,1218.9958,80428182.31,5476.3398,16030861.92
ES,2005,Q,20-249,TFP,186.4346,140749319.04,9583.5947,28054008.36
ES,2005,Q,250+,TFP,28.6823,180963410.2,12321.7646,36069439.32
ES,2005,Q,mancante,TFP,29.2676,8206957.38,558.8102,1635802.24
ES,2005,R,1-19,Totale,942.9246,416370924.04,9362.3447,85766227.7
ES,2005,R,20-249,Totale,144.212,728649117.07,16384.1031,150090898.48
ES,2005,R,250+,Totale,22.1865,936834579.09,21065.2755,192974012.33
ES,2005,R,mancante,Totale,22.6392,42486828.98,955.3413,8751655.89
ES,2005,R,1-19,TFP,565.7548,249822554.42,5617.4068,51459736.62
ES,2005,R,20-249,TFP,86.5272,437189470.24,9830.4619,90054539.09
ES,2005,R,250+,TFP,13.3119,562100747.45,12639.1653,115784407.4
ES,2005,R,mancante,TFP,13.5835,25492097.39,573.2048,5250993.53
ES,2005,S,1-19,Totale,638.6396,856941758.16,5208.3891,44601921.8
ES,2005,S,20-249,Totale,97.6743,1499648076.78,9114.681,78053363.15
ES,2005,S,250+,Totale,15.0268,1928118955.86,11718.8756,100354324.05
ES,2005,S,mancante,Totale,15.3335,87443036.55,531.4683,4551216.51
ES,2005,S,1-19,TFP,383.1838,514165054.9,3125.0335,26761153.08
ES,2005,S,20-249,TFP,58.6046,899788846.07,5468.8086,46832017.89
ES,2005,S,250+,TFP,9.0161,1156871373.52,7031.3253,60212594.43
ES,2005,S,mancante,TFP,9.2001,52465821.93,318.881,2730729.91
ES,2006,A,1-19,Totale,2866.5471,627540713.62,778.9296,73886295.42
ES,2006,A,20-249,Totale,438.4131,1098196248.84,1363.1267,129301016.98
ES,2006,A,250+,Totale,67.4482,1411966605.65,1752.5915,166244164.69
ES,2006,A,mancante,Totale,68.8247,64034766.7,79.4826,7539417.9
ES,2006,A,1-19,TFP,1719.9283,376524428.17,467.3577,44331777.25
ES,2006,A,20-249,TFP,263.0479,658917749.3,817.876,77580610.19
ES,2006,A,250+,TFP,40.4689,847179963.39,1051.5549,99746498.81
ES,2006,A,mancante,TFP,41.2948,38420860.02,47.6896,4523650.74
ES,2006,B,1-19,Totale,841.1634,941823120.0,6057.968,206148096.0
ES,2006,B,20-249,Totale,128.6485,1648190460.0,10601.444,360759168.0
ES,2006,B,250+,Totale,19.7921,2119102020.0,13630.428,463833216.0
ES,2006,B,mancante,Totale,20.196,96104400.0,618.16,21035520.0
ES,2006,B,1-19,TFP,504.698,565093872.0,3634.7808,123688857.6
ES,2006,B,20-249,TFP,77.1891,988914276.0,6360.8664,216455500.8
ES,2006,B,250+,TFP,11.8752,1271461212.0,8178.2568,278299929.6
ES,2006,B,mancante,TFP,12.1176,57662640.0,370.896,12621312.0
ES,2006,C,1-19,Totale,66160.9364,60383515025.29,627646.1108,8514629160.89
ES,2006,C,20-249,Totale,7764.0949,165530209420.3,875454.8589,23341276961.9
ES,2006,C,250+,Totale,334.9588,214333189654.41,527136.0223,30222944557.2
ES,2006,C,mancante,Totale,1515.51,8984630900.0,41433.408,1266915320.0
ES,2006,C,1-19,TFP,39696.5618,36230109015.17,376587.6665,5108777496.53
ES,2006,C,20-249,TFP,4658.4569,99318125652.18,525272.9153,14004766177.14
ES,2006,C,250+,TFP,200.9753,128599913792.65,316281.6134,18133766734.32
ES,2006,C,mancante,TFP,909.306,5390778540.0,24860.0448,760149192.0
ES,2006,D,1-19,Totale,778.9383,9858954840.0,10921.5904,549305288.0
ES,2006,D,20-249,Totale,119.1317,17253170970.0,19112.7832,961284254.0
ES,2006,D,250+,Totale,18.328,22182648390.0,24573.5784,1235936898.0
ES,2006,D,mancante,Totale,18.702,1006015800.0,1114.448,56051560.0
ES,2006,D,1-19,TFP,467.363,5915372904.0,6552.9542,329583172.8
ES,2006,D,20-249,TFP,71.479,10351902582.0,11467.6699,576770552.4
ES,2006,D,250+,TFP,10.9968,13309589034.0,14744.147,741562138.8
ES,2006,D,mancante,TFP,11.2212,603609480.0,668.6688,33630936.0
ES,2006,E,1-19,Totale,161.7512,729291980.13,6515.7897,41612432.62
ES,2006,E,20-249,Totale,24.7384,1276260965.23,11402.6319,72821757.09
ES,2006,E,250+,Totale,3.8059,1640906955.3,14660.5268,93627973.4
ES,2006,E,mancante,Totale,3.8836,74417548.99,664.8765,4246166.59
ES,2006,E,1-19,TFP,97.0507,437575188.08,3909.4738,24967459.57
ES,2006,E,20-249,TFP,14.843,765756579.14,6841.5792,43693054.26
ES,2006,E,250+,TFP,2.2835,984544173.18,8796.3161,56176784.04
ES,2006,E,mancante,TFP,2.3301,44650529.4,398.9259,2547699.96
ES,2006,F,1-19,Totale,104353.3669,49079360400.0,438648.1568,10378056724.0
ES,2006,F,20-249,Totale,15959.9267,85888880700.0,767634.2744,18161599267.0
ES,2006,F,250+,Totale,2455.3733,110428560900.0,986958.3528,23350627629.0
ES,2006,F,mancante,Totale,2505.483,5008098000.0,44760.016,1058985380.0
ES,2006,F,1-19,TFP,62612.0202,29447616240.0,263188.8941,6226834034.4
ES,2006,F,20-249,TFP,9575.956,51533328420.0,460580.5646,10896959560.2
ES,2006,F,250+,TFP,1473.224,66257136540.0,592175.0117,14010376577.4
ES,2006,F,mancante,TFP,1503.2898,3004858800.0,26856.0096,635391228.0
ES,2006,G,1-19,Totale,168858.3047,120370199320.0,526599.9424,9960701184.0
ES,2006,G,20-249,Totale,25825.3878,210647848810.0,921549.8992,17431227072.0
ES,2006,G,250+,Totale,3973.1366,270832948470.0,1184849.8704,22411577664.0
ES,2006,G,mancante,Totale,4054.221,12282673400.0,53734.688,1016398080.0
ES,2006,G,1-19,TFP,101314.9828,72222119592.0,315959.9654,5976420710.4
ES,2006,G,20-249,TFP,15495.2327,126388709286.0,552929.9395,10458736243.2
ES,2006,G,250+,TFP,2383.8819,162499769082.0,710909.9222,13446946598.4
ES,2006,G,mancante,TFP,2432.5326,7369604040.0,32240.8128,609838848.0
ES,2006,H,1-19,Totale,40745.4453,25047310400.0,165185.8208,4408660536.0
ES,2006,H,20-249,Totale,6231.6563,43832793200.0,289075.1864,7715155938.0
ES,2006,H,250+,Totale,958.7164,56356448400.0,371668.0968,9919486206.0
ES,2006,H,mancante,Totale,978.282,2555848000.0,16855.696,449863320.0
ES,2006,H,1-19,TFP,24447.2672,15028386240.0,99111.4925,2645196321.6
ES,2006,H,20-249,TFP,3738.9938,26299675920.0,173445.1118,4629093562.8
ES,2006,H,250+,TFP,575.2298,33813869040.0,223000.8581,5951691723.6
ES,2006,H,mancante,TFP,586.9692,1533508800.0,10113.4176,269917992.0
ES,2006,I,1-19,Totale,69779.4521,9730472920.0,197466.7072,2773856680.0
ES,2006,I,20-249,Totale,10672.1515,17028327610.0,345566.7376,4854249190.0
ES,2006,I,250+,Totale,1641.8695,21893564070.0,444300.0912,6241177530.0
ES,2006,I,mancante,Totale,1675.377,992905400.0,20149.664,283046600.0
ES,2006,I,1-19,TFP,41867.6712,5838283752.0,118480.0243,1664314008.0
ES,2006,I,20-249,TFP,6403.2909,10216996566.0,207340.0426,2912549514.0
ES,2006,I,250+,TFP,985.1217,13136138442.0,266580.0547,3744706518.0
ES,2006,I,mancante,TFP,1005.2262,595743240.0,12089.7984,169827960.0
ES,2006,J,1-19,Totale,603.7125,669766986.04,3840.8286,106079707.92
ES,2006,J,20-249,Totale,92.3325,1172092225.57,6721.4501,185639488.86
ES,2006,J,250+,Totale,14.205,1506975718.59,8641.8644,238679342.82
ES,2006,J,mancante,Totale,14.4949,68343570.0,391.9213,10824459.99
ES,2006,J,1-19,TFP,362.2275,401860191.62,2304.4972,63647824.75
ES,2006,J,20-249,TFP,55.3995,703255335.34,4032.87,111383693.31
ES,2006,J,250+,TFP,8.523,904185431.15,5185.1186,143207605.69
ES,2006,J,mancante,TFP,8.6969,41006142.0,235.1528,6494676.0
ES,2006,K,1-19,Totale,7685.1747,222499338.09,1779.6402,131291018.99
ES,2006,K,20-249,Totale,1175.3797,389373841.66,3114.3703,229759283.24
ES,2006,K,250+,Totale,180.8276,500623510.71,4004.1904,295404792.74
ES,2006,K,mancante,Totale,184.518,22704014.09,181.5959,13397042.75
ES,2006,K,1-19,TFP,4611.1048,133499602.86,1067.7841,78774611.4
ES,2006,K,20-249,TFP,705.2278,233624305.0,1868.6222,137855569.94
ES,2006,K,250+,TFP,108.4966,300374106.43,2402.5143,177242875.64
ES,2006,K,mancante,TFP,110.7108,13622408.45,108.9576,8038225.65
ES,2006,L,1-19,Totale,109459.1988,38981501160.0,429814.3584,8574439832.0
ES,2006,L,20-249,Totale,16740.8186,68217627030.0,752175.1272,15005269706.0
ES,2006,L,250+,Totale,2575.5106,87708377610.0,967082.3064,19292489622.0
ES,2006,L,mancante,Totale,2628.072,3977704200.0,43858.608,874942840.0
ES,2006,L,1-19,TFP,65675.5193,23388900696.0,257888.615,5144663899.2
ES,2006,L,20-249,TFP,10044.4912,40930576218.0,451305.0763,9003161823.6
ES,2006,L,250+,TFP,1545.3063,52625026566.0,580249.3838,11575493773.2
ES,2006,L,mancante,TFP,1576.8432,2386622520.0,26315.1648,524965704.0
ES,2006,M,1-19,Totale,1607.0606,279586795.47,2230.6236,147695003.86
ES,2006,M,20-249,Totale,245.7857,489276892.08,3903.5913,258466256.75
ES,2006,M,250+,Totale,37.8132,629070289.82,5018.9031,332313758.68
ES,2006,M,mancante,Totale,38.5849,28529264.84,227.6147,15070918.76
ES,2006,M,1-19,TFP,964.2364,167752077.28,1338.3742,88617002.31
ES,2006,M,20-249,TFP,147.4714,293566135.25,2342.1548,155079754.05
ES,2006,M,250+,TFP,22.6879,377442173.89,3011.3419,199388255.21
ES,2006,M,mancante,TFP,23.1509,17117558.91,136.5688,9042551.26
ES,2006,N,1-19,Totale,1541.6367,812275181.87,5014.1634,109983838.78
ES,2006,N,20-249,Totale,235.7797,1421481568.28,8774.786,192471717.86
ES,2006,N,250+,Totale,36.2738,1827619159.21,11281.8677,247463637.25
ES,2006,N,mancante,Totale,37.0141,82885222.64,511.6493,11222840.69
ES,2006,N,1-19,TFP,924.982,487365109.12,3008.4981,65990303.27
ES,2006,N,20-249,TFP,141.4678,852888940.97,5264.8716,115483030.72
ES,2006,N,250+,TFP,21.7643,1096571495.53,6769.1206,148478182.35
ES,2006,N,mancante,TFP,22.2085,49731133.58,306.9896,6733704.41
ES,2006,O,1-19,Totale,3724.9705,512565327.45,4071.6274,104965097.99
ES,2006,O,20-249,Totale,569.7014,896989323.03,7125.348,183688921.48
ES,2006,O,250+,Totale,87.6464,1153271986.75,9161.1617,236171470.47
ES,2006,O,mancante,Totale,89.4351,52302584.43,415.4722,10710724.28
ES,2006,O,1-19,TFP,2234.9823,307539196.47,2442.9764,62979058.79
ES,2006,O,20-249,TFP,341.8208,538193593.82,4275.2088,110213352.89
ES,2006,O,250+,TFP,52.5878,691963192.05,5496.697,141702882.28
ES,2006,O,mancante,TFP,53.661,31381550.66,249.2833,6426434.57
ES,2006,P,1-19,Totale,151.6616,644657807.55,5774.6026,118319402.21
ES,2006,P,20-249,Totale,23.1953,1128151163.21,10105.5545,207058953.86
ES,2006,P,250+,Totale,3.5685,1450480066.99,12992.8557,266218654.97
ES,2006,P,mancante,Totale,3.6413,65781408.93,589.2452,12073408.39
ES,2006,P,1-19,TFP,90.997,386794684.53,3464.7615,70991641.33
ES,2006,P,20-249,TFP,13.9172,676890697.93,6063.3327,124235372.32
ES,2006,P,250+,TFP,2.1411,870288040.19,7795.7134,159731192.98
ES,2006,P,mancante,TFP,2.1848,39468845.36,353.5471,7244045.03
ES,2006,Q,1-19,Totale,3110.1723,301326270.76,4177.1452,172709513.61
ES,2006,Q,20-249,Totale,475.6734,527320973.83,7310.0041,302241648.82
ES,2006,Q,250+,Totale,73.1805,677984109.22,9398.5767,388596405.62
ES,2006,Q,mancante,Totale,74.674,30747578.65,426.2393,17623419.76
ES,2006,Q,1-19,TFP,1866.1034,180795762.46,2506.2871,103625708.17
ES,2006,Q,20-249,TFP,285.404,316392584.3,4386.0024,181344989.29
ES,2006,Q,250+,TFP,43.9083,406790465.53,5639.146,233157843.37
ES,2006,Q,mancante,TFP,44.8044,18448547.19,255.7436,10574051.85
ES,2006,R,1-19,Totale,1982.3153,902048920.0,5545.1567,155908981.69
ES,2006,R,20-249,Totale,303.1776,1578585609.99,9704.0242,272840717.96
ES,2006,R,250+,Totale,46.6427,2029610069.99,12476.6026,350795208.81
ES,2006,R,mancante,Totale,47.5946,92045808.16,565.8323,15909079.76
ES,2006,R,1-19,TFP,1189.3892,541229352.0,3327.094,93545389.02
ES,2006,R,20-249,TFP,181.9066,947151366.0,5822.4145,163704430.78
ES,2006,R,250+,TFP,27.9856,1217766041.99,7485.9615,210477125.29
ES,2006,R,mancante,TFP,28.5568,55227484.9,339.4994,9545447.86
ES,2006,S,1-19,Totale,2047.0411,897559690.0,9723.6949,123865699.42
ES,2006,S,20-249,Totale,313.0769,1570729457.5,17016.4661,216764973.98
ES,2006,S,250+,Totale,48.1657,2019509302.5,21878.3136,278697823.69
ES,2006,S,mancante,Totale,49.1486,91587723.47,992.2138,12639357.08
ES,2006,S,1-19,TFP,1228.2247,538535814.0,5834.217,74319419.65
ES,2006,S,20-249,TFP,187.8461,942437674.5,10209.8797,130058984.39
ES,2006,S,250+,TFP,28.8994,1211705581.5,13126.9882,167218694.21
ES,2006,S,mancante,TFP,29.4892,54952634.08,595.3283,7583614.25
ES,2007,A,1-19,Totale,2900.4187,725154547.1,9330.6,92305384.28
ES,2007,A,20-249,Totale,443.5935,1269020457.43,16328.55,161534422.48
ES,2007,A,250+,Totale,68.2451,1631597730.98,20993.8499,207687114.62
ES,2007,A,mancante,Totale,69.6379,73995361.95,952.102,9418916.76
ES,2007,A,1-19,TFP,1740.2512,435092728.26,5598.36,55383230.57
ES,2007,A,20-249,TFP,266.1561,761412274.46,9797.13,96920653.49
ES,2007,A,250+,TFP,40.9471,978958638.59,12596.31,124612268.77
ES,2007,A,mancante,TFP,41.7827,44397217.17,571.2612,5651350.06
ES,2007,B,1-19,Totale,832.167,1020991440.0,6036.8,212329936.0
ES,2007,B,20-249,Totale,127.2726,1786735020.0,10564.4,371577388.0
ES,2007,B,250+,Totale,19.5804,2297230740.0,13582.8,477742356.0
ES,2007,B,mancante,Totale,19.98,104182800.0,616.0,21666320.0
ES,2007,B,1-19,TFP,499.3002,612594864.0,3622.08,127397961.6
ES,2007,B,20-249,TFP,76.3636,1072041012.0,6338.64,222946432.8
ES,2007,B,250+,TFP,11.7482,1378338444.0,8149.68,286645413.6
ES,2007,B,mancante,TFP,11.988,62509680.0,369.6,12999792.0
ES,2007,C,1-19,Totale,65491.1176,62266916600.0,591581.8047,8439718102.75
ES,2007,C,20-249,Totale,7643.6945,175546003500.0,869904.0659,23793675108.76
ES,2007,C,250+,Totale,341.9619,233080147300.0,534074.8014,31591908608.49
ES,2007,C,mancante,Totale,1499.526,9610062600.0,40725.728,1302557180.0
ES,2007,C,1-19,TFP,39294.6706,37360149960.0,354949.0828,5063830861.65
ES,2007,C,20-249,TFP,4586.2167,105327602100.0,521942.4395,14276205065.26
ES,2007,C,250+,TFP,205.1771,139848088380.0,320444.8808,18955145165.09
ES,2007,C,mancante,TFP,899.7156,5766037560.0,24435.4368,781534308.0
ES,2007,D,1-19,Totale,904.5131,10004529920.0,11733.6576,599492068.0
ES,2007,D,20-249,Totale,138.3373,17507927360.0,20533.9008,1049111119.0
ES,2007,D,250+,Totale,21.2827,22510192320.0,26400.7296,1348857153.0
ES,2007,D,mancante,Totale,21.717,1020870400.0,1197.312,61172660.0
ES,2007,D,1-19,TFP,542.7078,6002717952.0,7040.1946,359695240.8
ES,2007,D,20-249,TFP,83.0024,10504756416.0,12320.3405,629466671.4
ES,2007,D,250+,TFP,12.7696,13506115392.0,15840.4378,809314291.8
ES,2007,D,mancante,TFP,13.0302,612522240.0,718.3872,36703596.0
ES,2007,E,1-19,Totale,3210.5649,139807632.53,5784.902,67260060.99
ES,2007,E,20-249,Totale,491.0276,244663356.93,10123.5785,117705106.74
ES,2007,E,250+,Totale,75.5427,314567173.19,13016.0295,151335137.23
ES,2007,E,mancante,Totale,77.0844,14266084.95,590.2961,6863271.53
ES,2007,E,1-19,TFP,1926.3389,83884579.52,3470.9412,40356036.6
ES,2007,E,20-249,TFP,294.6165,146798014.16,6074.1471,70623064.04
ES,2007,E,250+,TFP,45.3256,188740303.92,7809.6177,90801082.34
ES,2007,E,mancante,TFP,46.2506,8559650.97,354.1777,4117962.92
ES,2007,F,1-19,Totale,109081.35,50753773700.0,451664.4384,11094466908.0
ES,2007,F,20-249,Totale,16683.03,88819103975.0,790412.7672,19415317089.0
ES,2007,F,250+,Totale,2566.62,114195990825.0,1016244.9864,24962550543.0
ES,2007,F,mancante,Totale,2619.0,5178956500.0,46088.208,1132088460.0
ES,2007,F,1-19,TFP,65448.81,30452264220.0,270998.663,6656680144.8
ES,2007,F,20-249,TFP,10009.818,53291462385.0,474247.6603,11649190253.4
ES,2007,F,250+,TFP,1539.972,68517594495.0,609746.9918,14977530325.8
ES,2007,F,mancante,TFP,1571.4,3107373900.0,27652.9248,679253076.0
ES,2007,G,1-19,Totale,170300.7274,128640339940.0,535188.0352,10652416544.0
ES,2007,G,20-249,Totale,26045.9936,225120594895.0,936579.0616,18641728952.0
ES,2007,G,250+,Totale,4007.0759,289440764865.0,1204173.0792,23967937224.0
ES,2007,G,mancante,Totale,4088.853,13126565300.0,54611.024,1086981280.0
ES,2007,G,1-19,TFP,102180.4365,77184203964.0,321112.8211,6391449926.4
ES,2007,G,20-249,TFP,15627.5962,135072356937.0,561947.437,11185037371.2
ES,2007,G,250+,TFP,2404.2456,173664458919.0,722503.8475,14380762334.4
ES,2007,G,mancante,TFP,2453.3118,7875939180.0,32766.6144,652188768.0
ES,2007,H,1-19,Totale,42795.8748,26813370360.0,171805.9168,4776870448.0
ES,2007,H,20-249,Totale,6545.2514,46923398130.0,300660.3544,8359523284.0
ES,2007,H,250+,Totale,1006.9618,60330083310.0,386563.3128,10747958508.0
ES,2007,H,mancante,Totale,1027.512,2736058200.0,17531.216,487435760.0
ES,2007,H,1-19,TFP,25677.5249,16088022216.0,103083.5501,2866122268.8
ES,2007,H,20-249,TFP,3927.1509,28154038878.0,180396.2126,5015713970.4
ES,2007,H,250+,TFP,604.1771,36198049986.0,231937.9877,6448775104.8
ES,2007,H,mancante,TFP,616.5072,1641634920.0,10518.7296,292461456.0
ES,2007,I,1-19,Totale,71464.7777,10304959700.0,201220.656,2965526256.0
ES,2007,I,20-249,Totale,10929.9072,18033679475.0,352136.148,5189670948.0
ES,2007,I,250+,Totale,1681.5242,23186159325.0,452746.476,6672434076.0
ES,2007,I,mancante,Totale,1715.841,1051526500.0,20532.72,302604720.0
ES,2007,I,1-19,TFP,42878.8666,6182975820.0,120732.3936,1779315753.6
ES,2007,I,20-249,TFP,6557.9443,10820207685.0,211281.6888,3113802568.8
ES,2007,I,250+,TFP,1008.9145,13911695595.0,271647.8856,4003460445.6
ES,2007,I,mancante,TFP,1029.5046,630915900.0,12319.632,181562832.0
ES,2007,J,1-19,Totale,4154.3463,355549395.22,5973.8919,97728995.1
ES,2007,J,20-249,Totale,635.3706,622211441.63,10454.3108,171025741.42
ES,2007,J,250+,Totale,97.7493,799986139.24,13441.2567,219890238.97
ES,2007,J,mancante,Totale,99.7442,36280550.53,609.5808,9972346.44
ES,2007,J,1-19,TFP,2492.6078,213329637.13,3584.3351,58637397.06
ES,2007,J,20-249,TFP,381.2224,373326864.98,6272.5865,102615444.85
ES,2007,J,250+,TFP,58.6496,479991683.54,8064.754,131934143.38
ES,2007,J,mancante,TFP,59.8465,21768330.32,365.7485,5983407.86
ES,2007,K,1-19,Totale,8074.269,866622689.58,1039.9197,162792724.41
ES,2007,K,20-249,Totale,1234.8882,1516589706.77,1819.8594,284887267.72
ES,2007,K,250+,Totale,189.9828,1949901051.56,2339.8193,366283629.92
ES,2007,K,mancante,Totale,193.86,88430886.69,106.1143,16611502.49
ES,2007,K,1-19,TFP,4844.5614,519973613.75,623.9518,97675634.65
ES,2007,K,20-249,TFP,740.9329,909953824.06,1091.9157,170932360.63
ES,2007,K,250+,TFP,113.9897,1169940630.94,1403.8916,219770177.95
ES,2007,K,mancante,TFP,116.316,53058532.02,63.6686,9966901.49
ES,2007,L,1-19,Totale,116464.7704,42775732860.0,459319.1008,9580274004.0
ES,2007,L,20-249,Totale,17812.259,74857532505.0,803808.4264,16765479507.0
ES,2007,L,250+,Totale,2740.3475,96245398935.0,1033467.9768,21555616509.0
ES,2007,L,mancante,Totale,2796.273,4364870700.0,46869.296,977578980.0
ES,2007,L,1-19,TFP,69878.8623,25665439716.0,275591.4605,5748164402.4
ES,2007,L,20-249,TFP,10687.3554,44914519503.0,482285.0558,10059287704.2
ES,2007,L,250+,TFP,1644.2085,57747239361.0,620080.7861,12933369905.4
ES,2007,L,mancante,TFP,1677.7638,2618922420.0,28121.5776,586547388.0
ES,2007,M,1-19,Totale,3838.5218,773918904.89,1265.9956,136808130.17
ES,2007,M,20-249,Totale,587.068,1354358083.55,2215.4923,239414227.8
ES,2007,M,250+,Totale,90.3182,1741317535.99,2848.4901,307818292.89
ES,2007,M,mancante,Totale,92.1614,78971316.83,129.1832,13960013.28
ES,2007,M,1-19,TFP,2303.1131,464351342.93,759.5973,82084878.1
ES,2007,M,20-249,TFP,352.2408,812614850.13,1329.2954,143648536.68
ES,2007,M,250+,TFP,54.1909,1044790521.6,1709.094,184690975.73
ES,2007,M,mancante,TFP,55.2968,47382790.1,77.5099,8376007.97
ES,2007,N,1-19,Totale,1588.134,362766752.75,5532.1244,43547170.05
ES,2007,N,20-249,Totale,242.8911,634841817.31,9681.2177,76207547.59
ES,2007,N,250+,Totale,37.3679,816225193.68,12447.2799,97981132.62
ES,2007,N,mancante,Totale,38.1305,37017015.59,564.5025,4443588.78
ES,2007,N,1-19,TFP,952.8804,217660051.65,3319.2746,26128302.03
ES,2007,N,20-249,TFP,145.7347,380905090.38,5808.7306,45724528.56
ES,2007,N,250+,TFP,22.4207,489735116.21,7468.3679,58788679.57
ES,2007,N,mancante,TFP,22.8783,22210209.35,338.7015,2666153.27
ES,2007,O,1-19,Totale,4091.7508,532717253.84,4348.0335,49235916.68
ES,2007,O,20-249,Totale,625.7972,932255194.22,7609.0586,86162854.18
ES,2007,O,250+,Totale,96.2765,1198613821.14,9783.0753,110780812.52
ES,2007,O,mancante,Totale,98.2413,54358903.45,443.6769,5024073.13
ES,2007,O,1-19,TFP,2455.0505,319630352.3,2608.8201,29541550.01
ES,2007,O,20-249,TFP,375.4783,559353116.53,4565.4352,51697712.51
ES,2007,O,250+,TFP,57.7659,719168292.69,5869.8452,66468487.51
ES,2007,O,mancante,TFP,58.9448,32615342.07,266.2061,3014443.88
ES,2007,P,1-19,Totale,1098.0005,114363888.88,1890.251,66489687.76
ES,2007,P,20-249,Totale,167.9295,200136805.53,3307.9393,116356953.58
ES,2007,P,250+,Totale,25.8353,257318749.97,4253.0648,149601797.46
ES,2007,P,mancante,Totale,26.3626,11669784.58,192.8828,6784662.02
ES,2007,P,1-19,TFP,658.8003,68618333.33,1134.1506,39893812.66
ES,2007,P,20-249,TFP,100.7577,120082083.32,1984.7636,69814172.15
ES,2007,P,250+,TFP,15.5012,154391249.98,2551.8389,89761078.48
ES,2007,P,mancante,TFP,15.8175,7001870.75,115.7297,4070797.21
ES,2007,Q,1-19,Totale,1441.958,151141741.78,4064.3297,57186741.17
ES,2007,Q,20-249,Totale,220.5348,264498048.12,7112.5769,100076797.04
ES,2007,Q,250+,Totale,33.9284,340068919.01,9144.7418,128670167.63
ES,2007,Q,mancante,Totale,34.6208,15422626.71,414.7275,5835381.75
ES,2007,Q,1-19,TFP,865.1748,90685045.07,2438.5978,34312044.7
ES,2007,Q,20-249,TFP,132.3209,158698828.87,4267.5462,60046078.23
ES,2007,Q,250+,TFP,20.3571,204041351.41,5486.8451,77202100.58
ES,2007,Q,mancante,TFP,20.7725,9253576.03,248.8365,3501229.05
ES,2007,R,1-19,Totale,143.595,192821219.28,8500.8756,142851359.45
ES,2007,R,20-249,Totale,21.9616,337437133.74,14876.5323,249989879.03
ES,2007,R,250+,Totale,3.3787,433847743.38,19126.9701,321415558.76
ES,2007,R,mancante,Totale,3.4477,19675634.62,867.4363,14576669.33
ES,2007,R,1-19,TFP,86.157,115692731.57,5100.5254,85710815.67
ES,2007,R,20-249,TFP,13.177,202462280.24,8925.9194,149993927.42
ES,2007,R,250+,TFP,2.0272,260308646.03,11476.182,192849335.25
ES,2007,R,mancante,TFP,2.0686,11805380.77,520.4618,8746001.6
ES,2007,S,1-19,Totale,1534.2491,125999893.6,6594.1875,62011119.48
ES,2007,S,20-249,Totale,234.6499,220499813.79,11539.8282,108519459.09
ES,2007,S,250+,Totale,36.1,283499760.59,14836.922,139525018.83
ES,2007,S,mancante,Totale,36.8367,12857132.0,672.8763,6327665.25
ES,2007,S,1-19,TFP,920.5495,75599936.16,3956.5125,37206671.69
ES,2007,S,20-249,TFP,140.7899,132299888.28,6923.8969,65111675.46
ES,2007,S,250+,TFP,21.66,170099856.35,8902.1532,83715011.3
ES,2007,S,mancante,TFP,22.102,7714279.2,403.7258,3796599.15
ES,2008,A,1-19,Totale,1549.5835,525889200.06,9272.7932,38465078.4
ES,2008,A,20-249,Totale,236.9951,920306100.1,16227.3881,67313887.2
ES,2008,A,250+,Totale,36.4608,1183250700.13,20863.7847,86546426.4
ES,2008,A,mancante,Totale,37.2049,53662163.27,946.2034,3925008.0
ES,2008,A,1-19,TFP,929.7501,315533520.04,5563.6759,23079047.04
ES,2008,A,20-249,TFP,142.1971,552183660.06,9736.4328,40388332.32
ES,2008,A,250+,TFP,21.8765,709950420.08,12518.2708,51927855.84
ES,2008,A,mancante,TFP,22.3229,32197297.96,567.722,2355004.8
ES,2008,B,1-19,Totale,823.2937,1253520631.46,9187.696,288178514.26
ES,2008,B,20-249,Totale,145.0531,2447064199.21,13701.968,562568582.86
ES,2008,B,250+,Totale,3.6173,996285669.34,6211.632,229041402.88
ES,2008,B,mancante,Totale,19.836,95854500.0,593.904,22036500.0
ES,2008,B,1-19,TFP,493.9762,752112378.87,5512.6176,172907108.56
ES,2008,B,20-249,TFP,87.0318,1468238519.52,8221.1808,337541149.72
ES,2008,B,250+,TFP,2.1704,597771401.6,3726.9792,137424841.73
ES,2008,B,mancante,TFP,11.9016,57512700.0,356.3424,13221900.0
ES,2008,C,1-19,Totale,63633.8469,63497186043.61,587760.096,8989928054.95
ES,2008,C,20-249,Totale,7107.9869,161960553154.1,792057.168,22930366073.15
ES,2008,C,250+,Totale,323.9932,224941862202.3,508376.96,31847256291.9
ES,2008,C,mancante,Totale,1450.323,9191828600.0,38534.576,1301378580.0
ES,2008,C,1-19,TFP,38180.3081,38098311626.16,352656.0576,5393956832.97
ES,2008,C,20-249,TFP,4264.7921,97176331892.46,475234.3008,13758219643.89
ES,2008,C,250+,TFP,194.3959,134965117321.38,305026.176,19108353775.14
ES,2008,C,mancante,TFP,870.1938,5515097160.0,23120.7456,780827148.0
ES,2008,D,1-19,Totale,790.3149,6295564100.0,11716.096,216577715.79
ES,2008,D,20-249,Totale,5.178,11592444500.0,3265.36,398799076.67
ES,2008,D,250+,Totale,1.3941,44036211800.0,22354.192,1514917807.54
ES,2008,D,mancante,Totale,16.263,1263759600.0,761.952,43475400.0
ES,2008,D,1-19,TFP,474.1889,3777338460.0,7029.6576,129946629.47
ES,2008,D,20-249,TFP,3.1068,6955466700.0,1959.216,239279446.0
ES,2008,D,250+,TFP,0.8365,26421727080.0,13412.5152,908950684.52
ES,2008,D,mancante,TFP,9.7578,758255760.0,457.1712,26085240.0
ES,2008,E,1-19,Totale,1542.7148,1962964500.0,11168.7517,478702559.8
ES,2008,E,20-249,Totale,182.5635,4330850300.0,24370.3949,1056152123.35
ES,2008,E,250+,Totale,20.6407,4908869000.0,42407.7015,1197111896.85
ES,2008,E,mancante,Totale,35.631,228626200.0,1590.752,55754420.0
ES,2008,E,1-19,TFP,925.6289,1177778700.0,6701.251,287221535.88
ES,2008,E,20-249,TFP,109.5381,2598510180.0,14622.2369,633691274.01
ES,2008,E,250+,TFP,12.3844,2945321400.0,25444.6209,718267138.11
ES,2008,E,mancante,TFP,21.3786,137175720.0,954.4512,33452652.0
ES,2008,F,1-19,Totale,121093.0434,770507897.63,5852.5682,76964375.03
ES,2008,F,20-249,Totale,18520.1125,1348388820.84,10241.9944,134687656.31
ES,2008,F,250+,Totale,2849.2481,1733642769.66,13168.2786,173169843.82
ES,2008,F,mancante,Totale,2907.396,78623254.86,597.2008,7853507.66
ES,2008,F,1-19,TFP,72655.826,462304738.58,3511.5409,46178625.02
ES,2008,F,20-249,TFP,11112.0675,809033292.51,6145.1967,80812593.78
ES,2008,F,250+,TFP,1709.5488,1040185661.79,7900.9671,103901906.29
ES,2008,F,mancante,TFP,1744.4376,47173952.92,358.3205,4712104.59
ES,2008,G,1-19,Totale,164374.3489,122505361580.0,524963.4208,11102454496.0
ES,2008,G,20-249,Totale,25139.6063,214384382765.0,918685.9864,19429295368.0
ES,2008,G,250+,Totale,3867.6317,275637063555.0,1181167.6968,24980522616.0
ES,2008,G,mancante,Totale,3946.563,12500547100.0,53567.696,1132903520.0
ES,2008,G,1-19,TFP,98624.6094,73503216948.0,314978.0525,6661472697.6
ES,2008,G,20-249,TFP,15083.7638,128630629659.0,551211.5918,11657577220.8
ES,2008,G,250+,TFP,2320.579,165382238133.0,708700.6181,14988313569.6
ES,2008,G,mancante,TFP,2367.9378,7500328260.0,32140.6176,679742112.0
ES,2008,H,1-19,Totale,47212.3418,32215632011.91,365305.584,7594692003.74
ES,2008,H,20-249,Totale,1060.7822,28280464027.29,184683.744,6666993648.63
ES,2008,H,250+,Totale,42.836,29123125260.8,226762.592,6865647287.64
ES,2008,H,mancante,Totale,986.04,1828963700.0,15852.08,431170060.0
ES,2008,H,1-19,TFP,28327.4051,19329379207.14,219183.3504,4556815202.24
ES,2008,H,20-249,TFP,636.4693,16968278416.37,110810.2464,4000196189.18
ES,2008,H,250+,TFP,25.7016,17473875156.48,136057.5552,4119388372.58
ES,2008,H,mancante,TFP,591.624,1097378220.0,9511.248,258702036.0
ES,2008,I,1-19,Totale,82689.1656,30113429784.21,646471.504,9045761133.17
ES,2008,I,20-249,Totale,1729.07,13325899066.95,216891.248,4002961492.87
ES,2008,I,250+,Totale,63.6934,7898711048.84,139311.312,2372690653.96
ES,2008,I,mancante,Totale,1724.121,1047715100.0,20462.736,314722720.0
ES,2008,I,1-19,TFP,49613.4994,18068057870.53,387882.9024,5427456679.9
ES,2008,I,20-249,TFP,1037.442,7995539440.17,130134.7488,2401776895.72
ES,2008,I,250+,TFP,38.216,4739226629.3,83586.7872,1423614392.38
ES,2008,I,mancante,TFP,1034.4726,628629060.0,12277.6416,188833632.0
ES,2008,J,1-19,Totale,9818.6191,7339812900.0,89121.2,1497034851.34
ES,2008,J,20-249,Totale,476.4273,14311856300.0,100926.672,2919059104.15
ES,2008,J,250+,Totale,40.6706,49616228900.0,153933.696,10119770744.5
ES,2008,J,mancante,Totale,210.933,1454446900.0,7020.032,296650300.0
ES,2008,J,1-19,TFP,5891.1715,4403887740.0,53472.72,898220910.81
ES,2008,J,20-249,TFP,285.8564,8587113780.0,60556.0032,1751435462.49
ES,2008,J,250+,TFP,24.4024,29769737340.0,92360.2176,6071862446.7
ES,2008,J,mancante,TFP,126.5598,872668140.0,4212.0192,177990180.0
ES,2008,K,1-19,Totale,8252.6976,548447782.18,536.6742,74280636.35
ES,2008,K,20-249,Totale,1262.1773,959783618.82,939.1799,129991113.61
ES,2008,K,250+,Totale,194.1811,1234007509.91,1207.517,167131431.78
ES,2008,K,mancante,Totale,198.144,55964059.41,54.7627,7579656.77
ES,2008,K,1-19,TFP,4951.6186,329068669.31,322.0045,44568381.81
ES,2008,K,20-249,TFP,757.3064,575870171.29,563.5079,77994668.17
ES,2008,K,250+,TFP,116.5087,740404505.95,724.5102,100278859.07
ES,2008,K,mancante,TFP,118.8864,33578435.64,32.8576,4547794.06
ES,2008,L,1-19,Totale,24263.1375,14916628711.52,154745.136,2834924563.04
ES,2008,L,20-249,Totale,106.7412,2703322415.43,20870.08,513769918.49
ES,2008,L,250+,Totale,5.0733,417247773.05,7993.664,79298478.47
ES,2008,L,mancante,Totale,497.448,368106100.0,3747.12,69959040.0
ES,2008,L,1-19,TFP,14557.8825,8949977226.91,92847.0816,1700954737.82
ES,2008,L,20-249,TFP,64.0447,1621993449.26,12522.048,308261951.1
ES,2008,L,250+,TFP,3.044,250348663.83,4796.1984,47579087.08
ES,2008,L,mancante,TFP,298.4688,220863660.0,2248.272,41975424.0
ES,2008,M,1-19,Totale,61616.5123,34366786506.48,555202.144,9614453061.93
ES,2008,M,20-249,Totale,668.4852,23602555692.09,156096.752,6603051577.15
ES,2008,M,250+,Totale,33.1535,12422489801.43,109682.384,3475316060.92
ES,2008,M,mancante,Totale,1271.799,1436568000.0,16754.72,401894300.0
ES,2008,M,1-19,TFP,36969.9074,20620071903.89,333121.2864,5768671837.16
ES,2008,M,20-249,TFP,401.0911,14161533415.25,93658.0512,3961830946.29
ES,2008,M,250+,TFP,19.8921,7453493880.86,65809.4304,2085189636.55
ES,2008,M,mancante,TFP,763.0794,861940800.0,10052.832,241136580.0
ES,2008,N,1-19,Totale,31885.3735,13941316644.2,217880.656,4827787667.63
ES,2008,N,20-249,Totale,1494.0954,17727129272.12,253093.232,6138790063.14
ES,2008,N,250+,Totale,147.1151,22966607983.68,546427.616,7953187609.23
ES,2008,N,mancante,Totale,684.216,1115001100.0,20763.296,386117660.0
ES,2008,N,1-19,TFP,19131.2241,8364789986.52,130728.3936,2896672600.58
ES,2008,N,20-249,TFP,896.4573,10636277563.27,151855.9392,3683274037.88
ES,2008,N,250+,TFP,88.2691,13779964790.21,327856.5696,4771912565.54
ES,2008,N,mancante,TFP,410.5296,669000660.0,12457.9776,231670596.0
ES,2008,O,1-19,Totale,792.7655,710055087.56,361.723,96025876.33
ES,2008,O,20-249,Totale,121.2465,1242596403.22,633.0153,168045283.57
ES,2008,O,250+,Totale,18.6533,1597623947.0,813.8768,216058221.73
ES,2008,O,mancante,Totale,19.034,72454600.77,36.9105,9798558.81
ES,2008,O,1-19,TFP,475.6593,426033052.53,217.0338,57615525.8
ES,2008,O,20-249,TFP,72.7479,745557841.93,379.8092,100827170.14
ES,2008,O,250+,TFP,11.192,958574368.2,488.3261,129634933.04
ES,2008,O,mancante,TFP,11.4204,43472760.46,22.1463,5879135.29
ES,2008,P,1-19,Totale,11807.775,264538680.26,3091.5983,53336710.88
ES,2008,P,20-249,Totale,1805.895,462942690.45,5410.297,93339244.04
ES,2008,P,250+,Totale,277.83,595212030.58,6956.0962,120007599.48
ES,2008,P,mancante,Totale,283.5,26993742.88,315.4692,5442521.52
ES,2008,P,1-19,TFP,7084.665,158723208.15,1854.959,32002026.53
ES,2008,P,20-249,TFP,1083.537,277765614.27,3246.1782,56003546.42
ES,2008,P,250+,TFP,166.698,357127218.35,4173.6577,72004559.69
ES,2008,P,mancante,TFP,170.1,16196245.73,189.2815,3265512.91
ES,2008,Q,1-19,Totale,18493.9745,197513092.85,2926.7607,139480247.48
ES,2008,Q,20-249,Totale,2828.4902,345647912.48,5121.8313,244090433.08
ES,2008,Q,250+,Totale,435.1523,444404458.91,6585.2117,313830556.82
ES,2008,Q,mancante,Totale,444.033,20154397.23,298.6491,14232678.31
ES,2008,Q,1-19,TFP,11096.3847,118507855.71,1756.0564,83688148.49
ES,2008,Q,20-249,TFP,1697.0941,207388747.49,3073.0988,146454259.85
ES,2008,Q,250+,TFP,261.0914,266642675.35,3951.127,188298334.09
ES,2008,Q,mancante,TFP,266.4198,12092638.34,179.1894,8539606.99
ES,2008,R,1-19,Totale,12205.4909,612497526.39,7621.2713,150972214.47
ES,2008,R,20-249,Totale,1866.7221,1071870671.18,13337.2248,264201375.33
ES,2008,R,250+,Totale,287.188,1378119434.38,17147.8605,339687482.56
ES,2008,R,mancante,Totale,293.049,62499747.59,777.6807,15405328.01
ES,2008,R,1-19,TFP,7323.2945,367498515.83,4572.7628,90583328.68
ES,2008,R,20-249,TFP,1120.0333,643122402.71,8002.3349,158520825.2
ES,2008,R,250+,TFP,172.3128,826871660.63,10288.7163,203812489.54
ES,2008,R,mancante,TFP,175.8294,37499848.55,466.6084,9243196.8
ES,2008,S,1-19,Totale,26237.2509,729318963.6,2159.3073,79539409.47
ES,2008,S,20-249,Totale,4012.756,1276308186.3,3778.7877,139193966.57
ES,2008,S,250+,Totale,617.3471,1640967668.1,4858.4413,178963671.3
ES,2008,S,mancante,Totale,629.946,74420302.41,220.3375,8116266.27
ES,2008,S,1-19,TFP,15742.3505,437591378.16,1295.5844,47723645.68
ES,2008,S,20-249,TFP,2407.6536,765784911.78,2267.2726,83516379.94
ES,2008,S,250+,TFP,370.4082,984580600.86,2915.0648,107378202.78
ES,2008,S,mancante,TFP,377.9676,44652181.44,132.2025,4869759.76
ES,2009,A,1-19,Totale,2655.5964,361049664.57,7405.8146,116358146.89
ES,2009,A,20-249,Totale,406.15,631836913.0,12960.1755,203626757.06
ES,2009,A,250+,Totale,62.4846,812361745.29,16663.0828,261805830.51
ES,2009,A,mancante,Totale,63.7598,36841802.51,755.6954,11873280.3
ES,2009,A,1-19,TFP,1593.3578,216629798.74,4443.4888,69814888.14
ES,2009,A,20-249,TFP,243.69,379102147.8,7776.1053,122176054.24
ES,2009,A,250+,TFP,37.4908,487417047.17,9997.8497,157083498.31
ES,2009,A,mancante,TFP,38.2559,22105081.5,453.4172,7123968.18
ES,2009,B,1-19,Totale,797.3847,1176721540.94,7996.8,294283803.27
ES,2009,B,20-249,Totale,112.7868,1849966868.28,11334.288,462654304.33
ES,2009,B,250+,Totale,3.5805,781287790.78,5335.12,195390612.41
ES,2009,B,mancante,Totale,18.648,77713800.0,503.392,19435280.0
ES,2009,B,1-19,TFP,478.4308,706032924.57,4798.08,176570281.96
ES,2009,B,20-249,TFP,67.6721,1109980120.97,6800.5728,277592582.6
ES,2009,B,250+,TFP,2.1483,468772674.47,3201.072,117234367.44
ES,2009,B,mancante,TFP,11.1888,46628280.0,302.0352,11661168.0
ES,2009,C,1-19,Totale,59184.6799,50544024300.0,507049.4059,8194412495.24
ES,2009,C,20-249,Totale,6039.3227,127587777800.0,681385.0507,20685073955.3
ES,2009,C,250+,Totale,296.2493,171769014900.0,453604.9354,27847924289.46
ES,2009,C,mancante,Totale,1337.148,7140833000.0,33511.008,1157702260.0
ES,2009,C,1-19,TFP,35510.808,30326414580.0,304229.6435,4916647497.14
ES,2009,C,20-249,TFP,3623.5936,76552666680.0,408831.0304,12411044373.18
ES,2009,C,250+,TFP,177.7496,103061408940.0,272162.9613,16708754573.68
ES,2009,C,mancante,TFP,802.2888,4284499800.0,20106.6048,694621356.0
ES,2009,D,1-19,Totale,795.1131,5213913600.0,12185.712,228375304.07
ES,2009,D,20-249,Totale,5.2999,9536184000.0,3263.008,417695628.99
ES,2009,D,250+,Totale,1.325,38869779200.0,22253.056,1702540226.95
ES,2009,D,mancante,Totale,16.362,1094283200.0,769.424,47930840.0
ES,2009,D,1-19,TFP,477.0679,3128348160.0,7311.4272,137025182.44
ES,2009,D,20-249,TFP,3.1799,5721710400.0,1957.8048,250617377.39
ES,2009,D,250+,TFP,0.795,23321867520.0,13351.8336,1021524136.17
ES,2009,D,mancante,TFP,9.8172,656569920.0,461.6544,28758504.0
ES,2009,E,1-19,Totale,1976.7475,1354552446.19,10974.432,384975530.74
ES,2009,E,20-249,Totale,288.6662,3935041080.24,26366.704,1118372738.26
ES,2009,E,250+,Totale,29.9913,4833522273.57,41854.624,1373728871.0
ES,2009,E,mancante,Totale,46.845,206594200.0,1616.24,58715860.0
ES,2009,E,1-19,TFP,1186.0485,812731467.72,6584.6592,230985318.45
ES,2009,E,20-249,TFP,173.1997,2361024648.14,15820.0224,671023642.95
ES,2009,E,250+,TFP,17.9948,2900113364.14,25112.7744,824237322.6
ES,2009,E,mancante,TFP,28.107,123956520.0,969.744,35229516.0
ES,2009,F,1-19,Totale,97066.6578,864395672.76,2478.7721,62050774.05
ES,2009,F,20-249,Totale,14845.4888,1512692427.33,4337.8512,108588854.59
ES,2009,F,250+,Totale,2283.9214,1944890263.7,5577.2373,139614241.62
ES,2009,F,mancante,Totale,2330.532,88203640.08,252.9359,6331711.64
ES,2009,F,1-19,TFP,58239.9947,518637403.65,1487.2633,37230464.43
ES,2009,F,20-249,TFP,8907.2933,907615456.4,2602.7107,65153312.75
ES,2009,F,250+,TFP,1370.3528,1166934158.22,3346.3424,83768544.97
ES,2009,F,mancante,TFP,1398.3192,52922184.05,151.7616,3799026.98
ES,2009,G,1-19,Totale,158821.6959,107480140740.0,495610.4608,10596291944.0
ES,2009,G,20-249,Totale,24290.377,188090246295.0,867318.3064,18543510902.0
ES,2009,G,250+,Totale,3736.9811,241830316665.0,1115123.5368,23841656874.0
ES,2009,G,mancante,Totale,3813.246,10967361300.0,50572.496,1081254280.0
ES,2009,G,1-19,TFP,95293.0175,64488084444.0,297366.2765,6357775166.4
ES,2009,G,20-249,TFP,14574.2262,112854147777.0,520390.9838,11126106541.2
ES,2009,G,250+,TFP,2242.1886,145098189999.0,669074.1221,14304994124.4
ES,2009,G,mancante,TFP,2287.9476,6580416780.0,30343.4976,648752568.0
ES,2009,H,1-19,Totale,44125.999,29041589436.7,351678.096,7406393415.44
ES,2009,H,20-249,Totale,894.9451,24025451206.15,163979.872,6127142042.42
ES,2009,H,250+,Totale,37.3489,25885282457.16,219167.984,6601449482.14
ES,2009,H,mancante,Totale,919.557,1611271900.0,14996.448,410918060.0
ES,2009,H,1-19,TFP,26475.5994,17424953662.02,211006.8576,4443836049.26
ES,2009,H,20-249,TFP,536.9671,14415270723.69,98387.9232,3676285225.45
ES,2009,H,250+,TFP,22.4093,15531169474.3,131500.7904,3960869689.29
ES,2009,H,mancante,TFP,551.7342,966763140.0,8997.8688,246550836.0
ES,2009,I,1-19,Totale,83000.2293,29035531371.92,629930.672,8983544184.21
ES,2009,I,20-249,Totale,1690.7139,12288457092.95,202463.296,3802027792.65
ES,2009,I,250+,Totale,59.1138,7181101735.13,132904.464,2221820703.14
ES,2009,I,mancante,Totale,1729.593,989899800.0,19699.968,306273320.0
ES,2009,I,1-19,TFP,49800.1376,17421318823.15,377958.4032,5390126510.53
ES,2009,I,20-249,TFP,1014.4283,7373074255.77,121477.9776,2281216675.59
ES,2009,I,250+,TFP,35.4683,4308661041.08,79742.6784,1333092421.89
ES,2009,I,mancante,TFP,1037.7558,593939880.0,11819.9808,183763992.0
ES,2009,J,1-19,Totale,9875.0911,6930335510.98,86619.456,1493713776.69
ES,2009,J,20-249,Totale,474.3832,14794883947.37,98336.336,3188780967.64
ES,2009,J,250+,Totale,39.6037,46430007541.66,149384.144,10007183895.66
ES,2009,J,mancante,Totale,212.022,1390923000.0,6823.264,299789360.0
ES,2009,J,1-19,TFP,5925.0547,4158201306.59,51971.6736,896228266.02
ES,2009,J,20-249,TFP,284.6299,8876930368.42,59001.8016,1913268580.58
ES,2009,J,250+,TFP,23.7622,27858004525.0,89630.4864,6004310337.4
ES,2009,J,mancante,TFP,127.2132,834553800.0,4093.9584,179873616.0
ES,2009,K,1-19,Totale,7747.0249,676234678.64,8352.2591,21341479.11
ES,2009,K,20-249,Totale,1184.8391,1183410687.63,14616.4535,37347588.44
ES,2009,K,250+,Totale,182.2829,1521528026.95,18792.5831,48018327.99
ES,2009,K,mancante,Totale,186.003,69003538.64,852.2713,2177701.95
ES,2009,K,1-19,TFP,4648.215,405740807.19,5011.3555,12804887.46
ES,2009,K,20-249,TFP,710.9035,710046412.58,8769.8721,22408553.06
ES,2009,K,250+,TFP,109.3698,912916816.17,11275.5498,28810996.79
ES,2009,K,mancante,TFP,111.6018,41402123.18,511.3628,1306621.17
ES,2009,L,1-19,Totale,21927.009,13593138918.47,147140.336,2244204454.74
ES,2009,L,20-249,Totale,79.6249,2969321226.73,14840.336,490229958.26
ES,2009,L,250+,Totale,1.4711,178674054.8,2097.2,29498787.01
ES,2009,L,mancante,Totale,449.145,341655800.0,3348.528,56406800.0
ES,2009,L,1-19,TFP,13156.2054,8155883351.08,88284.2016,1346522672.84
ES,2009,L,20-249,TFP,47.7749,1781592736.04,8904.2016,294137974.95
ES,2009,L,250+,TFP,0.8827,107204432.88,1258.32,17699272.2
ES,2009,L,mancante,TFP,269.487,204993480.0,2009.1168,33844080.0
ES,2009,M,1-19,Totale,59266.8113,32496163592.88,535273.648,9680465617.82
ES,2009,M,20-249,Totale,621.7772,20415278640.36,149560.544,6081622601.12
ES,2009,M,250+,Totale,31.4045,12546780666.75,104977.6,3737631321.05
ES,2009,M,mancante,Totale,1222.857,1335882100.0,16118.608,397953460.0
ES,2009,M,1-19,TFP,35560.0868,19497698155.73,321164.1888,5808279370.69
ES,2009,M,20-249,TFP,373.0663,12249167184.22,89736.3264,3648973560.67
ES,2009,M,250+,TFP,18.8427,7528068400.05,62986.56,2242578792.63
ES,2009,M,mancante,TFP,733.7142,801529260.0,9671.1648,238772076.0
ES,2009,N,1-19,Totale,30575.3594,13885310542.93,221358.48,5078036271.23
ES,2009,N,20-249,Totale,1418.9064,14878254898.42,234090.64,5441168765.6
ES,2009,N,250+,Totale,145.8143,20732211658.64,504553.392,7582035883.17
ES,2009,N,mancante,Totale,655.92,1010117900.0,19591.888,369413080.0
ES,2009,N,1-19,TFP,18345.2156,8331186325.76,132815.088,3046821762.74
ES,2009,N,20-249,TFP,851.3438,8926952939.05,140454.384,3264701259.36
ES,2009,N,250+,TFP,87.4886,12439326995.19,302732.0352,4549221529.9
ES,2009,N,mancante,TFP,393.552,606070740.0,11755.1328,221647848.0
ES,2009,O,1-19,Totale,2702.2406,902511760.78,2765.4324,70447592.3
ES,2009,O,20-249,Totale,413.2839,1579395581.37,4839.5067,123283286.53
ES,2009,O,250+,Totale,63.5821,2030651461.76,6222.223,158507082.68
ES,2009,O,mancante,Totale,64.8797,92093036.81,282.187,7188529.83
ES,2009,O,1-19,TFP,1621.3444,541507056.47,1659.2595,42268555.38
ES,2009,O,20-249,TFP,247.9703,947637348.82,2903.704,73969971.92
ES,2009,O,250+,TFP,38.1493,1218390877.06,3733.3338,95104249.61
ES,2009,O,mancante,TFP,38.9278,55255822.09,169.3122,4313117.9
ES,2009,P,1-19,Totale,11935.9737,905803294.75,829.5277,93019709.64
ES,2009,P,20-249,Totale,1825.5019,1585155765.82,1451.6734,162784491.88
ES,2009,P,250+,Totale,280.8464,2038057413.19,1866.4373,209294346.7
ES,2009,P,mancante,Totale,286.578,92428907.63,84.6457,9491807.11
ES,2009,P,1-19,TFP,7161.5842,543481976.85,497.7166,55811825.79
ES,2009,P,20-249,TFP,1095.3011,951093459.49,871.0041,97670695.13
ES,2009,P,250+,TFP,168.5079,1222834447.92,1119.8624,125576608.02
ES,2009,P,mancante,TFP,171.9468,55457344.58,50.7874,5695084.26
ES,2009,Q,1-19,Totale,18382.644,813260363.35,4961.4743,113897254.75
ES,2009,Q,20-249,Totale,2811.4632,1423205635.86,8682.5801,199320195.81
ES,2009,Q,250+,Totale,432.5328,1829835817.54,11163.3172,256268823.19
ES,2009,Q,mancante,Totale,441.36,82985751.36,506.2729,11622168.85
ES,2009,Q,1-19,TFP,11029.5864,487956218.01,2976.8846,68338352.85
ES,2009,Q,20-249,TFP,1686.8779,853923381.52,5209.548,119592117.49
ES,2009,Q,250+,TFP,259.5197,1097901490.52,6697.9903,153761293.91
ES,2009,Q,mancante,TFP,264.816,49791450.82,303.7637,6973301.31
ES,2009,R,1-19,Totale,12022.9389,728578581.41,6227.172,21845820.69
ES,2009,R,20-249,Totale,1838.8024,1275012517.46,10897.551,38230186.21
ES,2009,R,250+,Totale,282.8927,1639301808.17,14011.137,49153096.55
ES,2009,R,mancante,Totale,288.666,74344753.2,635.4257,2229165.38
ES,2009,R,1-19,TFP,7213.7633,437147148.84,3736.3032,13107492.41
ES,2009,R,20-249,TFP,1103.2815,765007510.48,6538.5306,22938111.72
ES,2009,R,250+,TFP,169.7356,983581084.9,8406.6822,29491857.93
ES,2009,R,mancante,TFP,173.1996,44606851.92,381.2554,1337499.23
ES,2009,S,1-19,Totale,26754.1691,882228345.04,2548.4715,86721157.42
ES,2009,S,20-249,Totale,4091.8141,1543899603.82,4459.8251,151762025.49
ES,2009,S,250+,Totale,629.5099,1985013776.34,5734.0609,195122604.2
ES,2009,S,mancante,Totale,642.357,90023300.51,260.0481,8849097.7
ES,2009,S,1-19,TFP,16052.5014,529337007.02,1529.0829,52032694.45
ES,2009,S,20-249,TFP,2455.0885,926339762.29,2675.8951,91057215.29
ES,2009,S,250+,TFP,377.7059,1191008265.8,3440.4365,117073562.52
ES,2009,S,mancante,TFP,385.4142,54013980.31,156.0289,5309458.62
ES,2010,A,1-19,Totale,2558.8663,842576011.3,3559.3267,88145909.71
ES,2010,A,20-249,Totale,391.356,1474508019.78,6228.8218,154255341.99
ES,2010,A,250+,Totale,60.2086,1895796025.43,8008.4851,198328296.84
ES,2010,A,mancante,Totale,61.4374,85977144.01,363.1966,8994480.58
ES,2010,A,1-19,TFP,1535.3198,505545606.78,2135.596,52887545.83
ES,2010,A,20-249,TFP,234.8136,884704811.87,3737.2931,92553205.19
ES,2010,A,250+,TFP,36.1252,1137477615.26,4805.0911,118996978.11
ES,2010,A,mancante,TFP,36.8624,51586286.41,217.918,5396688.35
ES,2010,B,1-19,Totale,747.4084,1014071614.38,8169.7936,246896664.28
ES,2010,B,20-249,Totale,95.4767,1995157163.44,10712.2215,485762190.15
ES,2010,B,250+,Totale,2.9529,730857922.18,4808.1129,177942445.57
ES,2010,B,mancante,Totale,17.262,76328300.0,483.472,18583700.0
ES,2010,B,1-19,TFP,448.4451,608442968.63,4901.8762,148137998.57
ES,2010,B,20-249,TFP,57.286,1197094298.06,6427.3329,291457314.09
ES,2010,B,250+,TFP,1.7717,438514753.31,2884.8677,106765467.34
ES,2010,B,mancante,TFP,10.3572,45796980.0,290.0832,11150220.0
ES,2010,C,1-19,Totale,54951.5769,50868049919.02,498043.84,7600767404.68
ES,2010,C,20-249,Totale,5292.5476,135654019649.4,643255.536,20269592652.08
ES,2010,C,250+,Totale,264.1625,185792861531.57,438092.928,27761400883.24
ES,2010,C,mancante,Totale,1234.863,7598263900.0,32232.496,1135342060.0
ES,2010,C,1-19,TFP,32970.9461,30520829951.41,298826.304,4560460442.81
ES,2010,C,20-249,TFP,3175.5286,81392411789.64,385953.3216,12161755591.25
ES,2010,C,250+,TFP,158.4975,111475716918.94,262855.7568,16656840529.94
ES,2010,C,mancante,TFP,740.9178,4558958340.0,19339.4976,681205236.0
ES,2010,D,1-19,Totale,928.3802,4264467342.47,12778.6785,189438908.44
ES,2010,D,20-249,Totale,6.3617,11108656705.66,3289.7316,493475886.08
ES,2010,D,250+,Totale,1.5011,34361807351.87,22102.198,1526442285.48
ES,2010,D,mancante,Totale,19.107,1014998600.0,778.992,45088920.0
ES,2010,D,1-19,TFP,557.0281,2558680405.48,7667.2071,113663345.06
ES,2010,D,20-249,TFP,3.817,6665194023.39,1973.8389,296085531.65
ES,2010,D,250+,TFP,0.9006,20617084411.12,13261.3188,915865371.29
ES,2010,D,mancante,TFP,11.4642,608999160.0,467.3952,27053352.0
ES,2010,E,1-19,Totale,2009.2949,2056260500.0,13542.6982,546826494.52
ES,2010,E,20-249,Totale,259.5927,4870717600.0,30828.1799,1295282106.05
ES,2010,E,250+,Totale,24.3123,5427911300.0,45772.6579,1443458019.43
ES,2010,E,mancante,Totale,46.8,252140600.0,1839.664,67052380.0
ES,2010,E,1-19,TFP,1205.577,1233756300.0,8125.6189,328095896.71
ES,2010,E,20-249,TFP,155.7556,2922430560.0,18496.9079,777169263.63
ES,2010,E,250+,TFP,14.5874,3256746780.0,27463.5947,866074811.66
ES,2010,E,mancante,TFP,28.08,151284360.0,1103.7984,40231428.0
ES,2010,F,1-19,Totale,100611.0584,87652714617.44,842433.5956,17903552693.33
ES,2010,F,20-249,Totale,2622.3342,49177046848.26,331468.3437,10044684336.28
ES,2010,F,250+,Totale,52.3353,30702198934.3,127165.6606,6271094270.39
ES,2010,F,mancante,Totale,2107.872,3419019600.0,26552.4,698353700.0
ES,2010,F,1-19,TFP,60366.6351,52591628770.47,505460.1574,10742131616.0
ES,2010,F,20-249,TFP,1573.4005,29506228108.96,198881.0062,6026810601.77
ES,2010,F,250+,TFP,31.4012,18421319360.58,76299.3964,3762656562.23
ES,2010,F,mancante,TFP,1264.7232,2051411760.0,15931.44,419012220.0
ES,2010,G,1-19,Totale,177421.6034,226133745699.43,1419591.152,21532727540.6
ES,2010,G,20-249,Totale,3368.6641,166319579427.88,486104.304,15837150609.31
ES,2010,G,250+,Totale,122.0445,155933815572.69,526434.832,14848205670.09
ES,2010,G,mancante,Totale,3692.088,11191574300.0,49635.312,1065675180.0
ES,2010,G,1-19,TFP,106452.962,135680247419.66,851754.6912,12919636524.36
ES,2010,G,20-249,TFP,2021.1985,99791747656.73,291662.5824,9502290365.58
ES,2010,G,250+,TFP,73.2267,93560289343.61,315860.8992,8908923402.06
ES,2010,G,mancante,TFP,2215.2528,6714944580.0,29781.1872,639405108.0
ES,2010,H,1-19,Totale,43025.3323,29562955604.14,336705.264,7183261879.24
ES,2010,H,20-249,Totale,923.4814,25597359867.67,164287.984,6219694059.31
ES,2010,H,250+,Totale,40.9363,27752422828.19,221098.192,6743335261.45
ES,2010,H,mancante,Totale,897.75,1692096700.0,14736.56,411148800.0
ES,2010,H,1-19,TFP,25815.1994,17737773362.49,202023.1584,4309957127.54
ES,2010,H,20-249,TFP,554.0888,15358415920.6,98572.7904,3731816435.58
ES,2010,H,250+,TFP,24.5618,16651453696.91,132658.9152,4046001156.87
ES,2010,H,mancante,TFP,538.65,1015258020.0,8841.936,246689280.0
ES,2010,I,1-19,Totale,82434.0303,28013518745.35,621600.672,8757347276.11
ES,2010,I,20-249,Totale,1804.1679,12801360472.89,208333.888,4001852116.0
ES,2010,I,250+,Totale,56.3058,7383417081.77,134911.504,2308140867.89
ES,2010,I,mancante,Totale,1720.296,983638700.0,19690.736,307496740.0
ES,2010,I,1-19,TFP,49460.4182,16808111247.21,372960.4032,5254408365.67
ES,2010,I,20-249,TFP,1082.5008,7680816283.73,125000.3328,2401111269.6
ES,2010,I,250+,TFP,33.7835,4430050249.06,80946.9024,1384884520.73
ES,2010,I,mancante,TFP,1032.1776,590183220.0,11814.4416,184498044.0
ES,2010,J,1-19,Totale,9709.4148,6721860023.64,82887.616,1488928428.59
ES,2010,J,20-249,Totale,457.3321,14431736426.74,96843.6,3196707840.41
ES,2010,J,250+,Totale,40.1981,45751047649.61,153118.336,10134105031.0
ES,2010,J,mancante,Totale,208.305,1365400900.0,6792.848,302443700.0
ES,2010,J,1-19,TFP,5825.6489,4033116014.19,49732.5696,893357057.15
ES,2010,J,20-249,TFP,274.3993,8659041856.05,58106.16,1918024704.24
ES,2010,J,250+,TFP,24.1188,27450628589.77,91871.0016,6080463018.6
ES,2010,J,mancante,TFP,124.983,819240540.0,4075.7088,181466220.0
ES,2010,K,1-19,Totale,7562.5988,407008234.78,2867.638,101350449.13
ES,2010,K,20-249,Totale,1156.6328,712264410.87,5018.3665,177363285.97
ES,2010,K,250+,Totale,177.9435,915768528.26,6452.1855,228038510.54
ES,2010,K,mancante,Totale,181.575,41531452.53,292.6161,10341882.56
ES,2010,K,1-19,TFP,4537.5593,244204940.87,1720.5828,60810269.48
ES,2010,K,20-249,TFP,693.9797,427358646.52,3011.0199,106417971.58
ES,2010,K,250+,TFP,106.7661,549461116.95,3871.3113,136823106.32
ES,2010,K,mancante,TFP,108.945,24918871.52,175.5697,6205129.54
ES,2010,L,1-19,Totale,19440.5508,13926855226.73,141169.392,2166140325.62
ES,2010,L,20-249,Totale,72.848,3456265178.97,15001.056,537576879.94
ES,2010,L,250+,Totale,1.2922,367276594.3,2236.752,57125074.44
ES,2010,L,mancante,Totale,398.259,362253000.0,3232.8,56343720.0
ES,2010,L,1-19,TFP,11664.3305,8356113136.04,84701.6352,1299684195.37
ES,2010,L,20-249,TFP,43.7088,2073759107.38,9000.6336,322546127.97
ES,2010,L,250+,TFP,0.7753,220365956.58,1342.0512,34275044.67
ES,2010,L,mancante,TFP,238.9554,217351800.0,1939.68,33806232.0
ES,2010,M,1-19,Totale,55174.3125,31837722964.85,516894.336,9418597951.91
ES,2010,M,20-249,Totale,590.3948,20844775507.06,147901.6,6166538986.33
ES,2010,M,250+,Totale,29.2897,12500001428.09,102971.344,3697892841.76
ES,2010,M,mancante,Totale,1138.653,1330255100.0,15668.72,393531220.0
ES,2010,M,1-19,TFP,33104.5875,19102633778.91,310136.6016,5651158771.15
ES,2010,M,20-249,TFP,354.2369,12506865304.23,88740.96,3699923391.8
ES,2010,M,250+,TFP,17.5738,7500000856.86,61782.8064,2218735705.05
ES,2010,M,mancante,TFP,683.1918,798153060.0,9401.232,236118732.0
ES,2010,N,1-19,Totale,31256.5206,14323126046.85,200916.464,5237466875.9
ES,2010,N,20-249,Totale,1497.1761,15175119889.15,231207.872,5549011263.13
ES,2010,N,250+,Totale,153.2823,19708813364.0,522242.0,7206824600.97
ES,2010,N,mancante,Totale,671.571,1004225700.0,19476.864,367210260.0
ES,2010,N,1-19,TFP,18753.9124,8593875628.11,120549.8784,3142480125.54
ES,2010,N,20-249,TFP,898.3056,9105071933.49,138724.7232,3329406757.88
ES,2010,N,250+,TFP,91.9694,11825288018.4,313345.2,4324094760.58
ES,2010,N,mancante,TFP,402.9426,602535420.0,11686.1184,220326156.0
ES,2010,O,1-19,Totale,587.5331,255737010.36,3994.3108,52985995.86
ES,2010,O,20-249,Totale,89.858,447539768.13,6990.044,92725492.76
ES,2010,O,250+,Totale,13.8243,575408273.31,8987.1994,119218490.69
ES,2010,O,mancante,Totale,14.1064,26095613.3,407.5827,5406734.27
ES,2010,O,1-19,TFP,352.5199,153442206.22,2396.5865,31791597.52
ES,2010,O,20-249,TFP,53.9148,268523860.88,4194.0264,55635295.66
ES,2010,O,250+,TFP,8.2946,345244963.98,5392.3196,71531094.42
ES,2010,O,mancante,TFP,8.4639,15657367.98,244.5496,3244040.56
ES,2010,P,1-19,Totale,12230.2309,954098420.99,8105.6976,169899329.51
ES,2010,P,20-249,Totale,1870.5059,1669672236.73,14184.9707,297323826.64
ES,2010,P,250+,Totale,287.7701,2146721447.23,18237.8195,382273491.4
ES,2010,P,mancante,Totale,293.643,97356981.73,827.112,17336666.28
ES,2010,P,1-19,TFP,7338.1386,572459052.59,4863.4185,101939597.71
ES,2010,P,20-249,TFP,1122.3035,1001803342.04,8510.9824,178394295.98
ES,2010,P,250+,TFP,172.6621,1288032868.34,10942.6917,229364094.84
ES,2010,P,mancante,TFP,176.1858,58414189.04,496.2672,10401999.77
ES,2010,Q,1-19,Totale,18754.8701,466102957.51,2697.8657,160714160.06
ES,2010,Q,20-249,Totale,2868.3919,815680175.65,4721.265,281249780.1
ES,2010,Q,250+,Totale,441.2911,1048731654.41,6070.1979,361606860.13
ES,2010,Q,mancante,Totale,450.297,47561526.28,275.2924,16399404.09
ES,2010,Q,1-19,TFP,11252.922,279661774.51,1618.7194,96428496.04
ES,2010,Q,20-249,TFP,1721.0351,489408105.39,2832.759,168749868.06
ES,2010,Q,250+,TFP,264.7746,629238992.64,3642.1187,216964116.08
ES,2010,Q,mancante,TFP,270.1782,28536915.77,165.1755,9839642.45
ES,2010,R,1-19,Totale,12082.9149,323224704.15,4317.383,116977325.39
ES,2010,R,20-249,Totale,1847.9752,565643232.26,7555.4202,204710319.44
ES,2010,R,250+,Totale,284.3039,727255584.34,9714.1117,263198982.14
ES,2010,R,mancante,Totale,290.106,32982112.67,440.5493,11936461.77
ES,2010,R,1-19,TFP,7249.7489,193934822.49,2590.4298,70186395.24
ES,2010,R,20-249,TFP,1108.7851,339385939.36,4533.2521,122826191.66
ES,2010,R,250+,TFP,170.5823,436353350.6,5828.467,157919389.28
ES,2010,R,mancante,TFP,174.0636,19789267.6,264.3296,7161877.06
ES,2010,S,1-19,Totale,25310.2468,285037583.96,4860.2357,143628727.63
ES,2010,S,20-249,Totale,3870.9789,498815771.93,8505.4124,251350273.36
ES,2010,S,250+,Totale,595.5352,641334563.91,10935.5302,323164637.18
ES,2010,S,mancante,Totale,607.689,29085467.75,495.9424,14655992.62
ES,2010,S,1-19,TFP,15186.1481,171022550.38,2916.1414,86177236.58
ES,2010,S,20-249,TFP,2322.5874,299289463.16,5103.2474,150810164.02
ES,2010,S,250+,TFP,357.3211,384800738.35,6561.3181,193898782.31
ES,2010,S,mancante,TFP,364.6134,17451280.65,297.5654,8793595.57
ES,2019,A,1-19,Totale,1909.4908,627043695.51,3398.4096,42038050.72
ES,2019,A,20-249,Totale,292.0398,1097326467.14,5947.2168,73566588.76
ES,2019,A,250+,Totale,44.9292,1410848314.89,7646.4216,94585614.12
ES,2019,A,mancante,Totale,45.8461,63984050.56,346.7765,4289597.01
ES,2019,A,1-19,TFP,1145.6945,376226217.3,2039.0458,25222830.43
ES,2019,A,20-249,TFP,175.2239,658395880.28,3568.3301,44139953.26
ES,2019,A,250+,TFP,26.9575,846508988.94,4587.853,56751368.47
ES,2019,A,mancante,TFP,27.5077,38390430.34,208.0659,2573758.21
ES,2019,B,1-19,Totale,534.3294,690640300.0,4599.728,125128462.46
ES,2019,B,20-249,Totale,55.0956,1440173700.0,6279.84,260927027.79
ES,2019,B,250+,Totale,1.9561,1006014100.0,2958.032,182267089.75
ES,2019,B,mancante,Totale,12.069,64016900.0,282.4,11598420.0
ES,2019,B,1-19,TFP,320.5976,414384180.0,2759.8368,75077077.47
ES,2019,B,20-249,TFP,33.0574,864104220.0,3767.904,156556216.68
ES,2019,B,250+,TFP,1.1736,603608460.0,1774.8192,109360253.85
ES,2019,B,mancante,TFP,7.2414,38410140.0,169.44,6959052.0
ES,2019,C,1-19,Totale,48544.1888,44047374000.0,398178.1129,5887822617.39
ES,2019,C,20-249,Totale,4736.1253,138644436700.0,620746.4127,18532633754.22
ES,2019,C,250+,Totale,306.9189,284500321000.0,599716.3865,38029223368.4
ES,2019,C,mancante,Totale,1093.617,9534533300.0,33033.488,1274483260.0
ES,2019,C,1-19,TFP,29126.5133,26428424400.0,238906.8677,3532693570.43
ES,2019,C,20-249,TFP,2841.6752,83186662020.0,372447.8476,11119580252.53
ES,2019,C,250+,TFP,184.1514,170700192600.0,359829.8319,22817534021.04
ES,2019,C,mancante,TFP,656.1702,5720719980.0,19820.0928,764689956.0
ES,2019,D,1-19,Totale,1078.2344,9957848600.0,9786.8789,338512512.46
ES,2019,D,20-249,Totale,11.4218,14012309500.0,6433.64,476342057.88
ES,2019,D,250+,Totale,1.8188,54104849400.0,20871.3052,1839269629.66
ES,2019,D,mancante,Totale,22.275,1593367500.0,756.976,54165800.0
ES,2019,D,1-19,TFP,646.9407,5974709160.0,5872.1273,203107507.48
ES,2019,D,20-249,TFP,6.8531,8407385700.0,3860.184,285805234.73
ES,2019,D,250+,TFP,1.0913,32462909640.0,12522.7831,1103561777.79
ES,2019,D,mancante,TFP,13.365,956020500.0,454.1856,32499480.0
ES,2019,E,1-19,Totale,2098.8574,2492824947.19,14899.136,704158036.07
ES,2019,E,20-249,Totale,248.5638,5403064377.12,28839.44,1526224777.57
ES,2019,E,250+,Totale,28.2459,11237620875.69,99151.696,3174334826.36
ES,2019,E,mancante,Totale,48.483,390479800.0,2916.128,110300360.0
ES,2019,E,1-19,TFP,1259.3144,1495694968.32,8939.4816,422494821.64
ES,2019,E,20-249,TFP,149.1383,3241838626.27,17303.664,915734866.54
ES,2019,E,250+,TFP,16.9475,6742572525.41,59491.0176,1904600895.82
ES,2019,E,mancante,TFP,29.0898,234287880.0,1749.6768,66180216.0
ES,2019,F,1-19,Totale,77152.74,65817537855.4,681886.078,14612792965.15
ES,2019,F,20-249,Totale,1539.9198,40084152212.55,253409.3735,8899473249.1
ES,2019,F,250+,Totale,30.6913,24464475932.05,112919.6045,5431596705.75
ES,2019,F,mancante,Totale,1606.599,2660534000.0,21392.144,590691080.0
ES,2019,F,1-19,TFP,46291.644,39490522713.24,409131.6468,8767675779.09
ES,2019,F,20-249,TFP,923.9519,24050491327.53,152045.6241,5339683949.46
ES,2019,F,250+,TFP,18.4148,14678685559.23,67751.7627,3258958023.45
ES,2019,F,mancante,TFP,963.9594,1596320400.0,12835.2864,354414648.0
ES,2019,G,1-19,Totale,169947.9329,228555874400.0,1280571.1015,21892760569.87
ES,2019,G,20-249,Totale,3284.7505,197181929000.0,517821.1847,18887533613.54
ES,2019,G,250+,Totale,161.4606,225721175400.0,727148.4657,21621232276.59
ES,2019,G,mancante,Totale,3538.656,13295081200.0,51541.648,1273500540.0
ES,2019,G,1-19,TFP,101968.7598,137133524640.0,768342.6609,13135656341.92
ES,2019,G,20-249,TFP,1970.8503,118309157400.0,310692.7108,11332520168.12
ES,2019,G,250+,TFP,96.8764,135432705240.0,436289.0794,12972739365.95
ES,2019,G,mancante,TFP,2123.1936,7977048720.0,30924.9888,764100324.0
ES,2019,H,1-19,Totale,38004.2849,27147325582.58,305848.592,6091576664.39
ES,2019,H,20-249,Totale,848.3031,27272442284.81,163482.816,6119651547.17
ES,2019,H,250+,Totale,48.904,47523855032.61,273288.288,10663857308.44
ES,2019,H,mancante,Totale,793.908,2080482100.0,15155.504,466838480.0
ES,2019,H,1-19,TFP,22802.5709,16288395349.55,183509.1552,3654945998.63
ES,2019,H,20-249,TFP,508.9819,16363465370.89,98089.6896,3671790928.3
ES,2019,H,250+,TFP,29.3424,28514313019.57,163972.9728,6398314385.06
ES,2019,H,mancante,TFP,476.3448,1248289260.0,9093.3024,280103088.0
ES,2019,I,1-19,Totale,93669.231,33129742800.0,731393.9274,10510225459.47
ES,2019,I,20-249,Totale,3009.3876,19135009600.0,287201.7567,6070474687.33
ES,2019,I,250+,Totale,95.3034,16680991600.0,237155.9319,5291951213.2
ES,2019,I,mancante,Totale,1974.978,1407056000.0,25627.584,446380640.0
ES,2019,I,1-19,TFP,56201.5386,19877845680.0,438836.3564,6306135275.68
ES,2019,I,20-249,TFP,1805.6326,11481005760.0,172321.054,3642284812.4
ES,2019,I,250+,TFP,57.182,10008594960.0,142293.5592,3175170727.92
ES,2019,I,mancante,TFP,1184.9868,844233600.0,15376.5504,267828384.0
ES,2019,J,1-19,Totale,11896.384,9200808067.07,99909.824,2486043600.85
ES,2019,J,20-249,Totale,418.019,13748816458.32,99700.496,3714908182.65
ES,2019,J,250+,Totale,43.74,52687691774.61,215909.68,14236129916.5
ES,2019,J,mancante,Totale,252.207,1543618700.0,8480.0,417083300.0
ES,2019,J,1-19,TFP,7137.8304,5520484840.24,59945.8944,1491626160.51
ES,2019,J,20-249,TFP,250.8114,8249289874.99,59820.2976,2228944909.59
ES,2019,J,250+,TFP,26.244,31612615064.77,129545.808,8541677949.9
ES,2019,J,mancante,TFP,151.3242,926171220.0,5088.0,250249980.0
ES,2019,K,1-19,Totale,7836.2392,508764088.04,2859.4294,80607760.99
ES,2019,K,20-249,Totale,1198.4837,890337154.07,5004.0014,141063581.74
ES,2019,K,250+,Totale,184.3821,1144719198.1,6433.7161,181367462.24
ES,2019,K,mancante,Totale,188.145,51914702.86,291.7785,8225281.73
ES,2019,K,1-19,TFP,4701.7435,305258452.83,1715.6576,48364656.6
ES,2019,K,20-249,TFP,719.0902,534202292.44,3002.4008,84638149.04
ES,2019,K,250+,TFP,110.6293,686831518.86,3860.2296,108820477.34
ES,2019,K,mancante,TFP,112.887,31148821.72,175.0671,4935169.04
ES,2019,L,1-19,Totale,23071.9043,18353405700.0,196095.5553,2761780272.56
ES,2019,L,20-249,Totale,64.5523,4589746700.0,18758.0501,690655026.06
ES,2019,L,250+,Totale,2.3723,2053261700.0,7523.2905,308970321.38
ES,2019,L,mancante,Totale,472.221,510130900.0,4538.304,76763380.0
ES,2019,L,1-19,TFP,13843.1426,11012043420.0,117657.3332,1657068163.54
ES,2019,L,20-249,TFP,38.7314,2753848020.0,11254.8301,414393015.64
ES,2019,L,250+,TFP,1.4234,1231957020.0,4513.9743,185382192.83
ES,2019,L,mancante,TFP,283.3326,306078540.0,2722.9824,46058028.0
ES,2019,M,1-19,Totale,60642.3684,36639802882.25,553941.472,11431425639.4
ES,2019,M,20-249,Totale,642.4391,21612247467.57,174469.008,6742907450.12
ES,2019,M,250+,Totale,46.3855,28166118550.18,186102.0,8787680730.48
ES,2019,M,mancante,Totale,1251.657,1763636100.0,18663.52,550245180.0
ES,2019,M,1-19,TFP,36385.421,21983881729.35,332364.8832,6858855383.64
ES,2019,M,20-249,TFP,385.4635,12967348480.54,104681.4048,4045744470.07
ES,2019,M,250+,TFP,27.8313,16899671130.11,111661.2,5272608438.29
ES,2019,M,mancante,TFP,750.9942,1058181660.0,11198.112,330147108.0
ES,2019,N,1-19,Totale,33352.99,18660511600.99,246991.36,6574323904.96
ES,2019,N,20-249,Totale,1091.2334,17089142186.12,239797.376,6020711456.99
ES,2019,N,250+,Totale,118.2695,37575504412.88,734190.912,13238304618.05
ES,2019,N,mancante,Totale,705.357,1496431800.0,24917.952,527211020.0
ES,2019,N,1-19,TFP,20011.794,11196306960.6,148194.816,3944594342.98
ES,2019,N,20-249,TFP,654.7401,10253485311.67,143878.4256,3612426874.2
ES,2019,N,250+,TFP,70.9617,22545302647.73,440514.5472,7942982770.83
ES,2019,N,mancante,TFP,423.2142,897859080.0,14950.7712,316326612.0
ES,2019,O,1-19,Totale,3333.9726,432862784.02,1250.8291,161473837.9
ES,2019,O,20-249,Totale,509.9017,757509872.03,2188.9509,282579216.33
ES,2019,O,250+,Totale,78.4464,973941264.04,2814.3654,363316135.28
ES,2019,O,mancante,Totale,80.0474,44169671.84,127.6356,16476922.23
ES,2019,O,1-19,TFP,2000.3836,259717670.41,750.4974,96884302.74
ES,2019,O,20-249,TFP,305.941,454505923.22,1313.3705,169547529.8
ES,2019,O,250+,TFP,47.0678,584364758.43,1688.6192,217989681.17
ES,2019,O,mancante,TFP,48.0284,26501803.1,76.5814,9886153.34
ES,2019,P,1-19,Totale,15515.4163,632025407.22,2654.3081,106653058.94
ES,2019,P,20-249,Totale,2372.946,1106044462.63,4645.0391,186642853.15
ES,2019,P,250+,Totale,365.0686,1422057166.24,5972.1931,239969382.62
ES,2019,P,mancante,Totale,372.519,64492388.49,270.8478,10882965.2
ES,2019,P,1-19,TFP,9309.2498,379215244.33,1592.5848,63991835.37
ES,2019,P,20-249,TFP,1423.7676,663626677.58,2787.0235,111985711.89
ES,2019,P,250+,TFP,219.0412,853234299.74,3583.3159,143981629.57
ES,2019,P,mancante,TFP,223.5114,38695433.09,162.5087,6529779.12
ES,2019,Q,1-19,Totale,22017.9393,421113891.01,2230.1781,63547875.14
ES,2019,Q,20-249,Totale,3367.4495,736949309.26,3902.8117,111208781.5
ES,2019,Q,250+,Totale,518.0692,947506254.76,5017.9008,142982719.07
ES,2019,Q,mancante,Totale,528.642,42970805.2,227.5692,6484477.06
ES,2019,Q,1-19,TFP,13210.7636,252668334.6,1338.1069,38128725.08
ES,2019,Q,20-249,TFP,2020.4697,442169585.56,2341.687,66725268.9
ES,2019,Q,250+,TFP,310.8415,568503752.86,3010.7405,85789631.44
ES,2019,Q,mancante,TFP,317.1852,25782483.12,136.5415,3890686.23
ES,2019,R,1-19,Totale,16136.9176,607635982.27,3072.8388,119831494.05
ES,2019,R,20-249,Totale,2467.9992,1063362968.97,5377.4679,209705114.59
ES,2019,R,250+,Totale,379.6922,1367180960.1,6913.8873,269620861.61
ES,2019,R,mancante,Totale,387.441,62003671.66,313.555,12227703.47
ES,2019,R,1-19,TFP,9682.1506,364581589.36,1843.7033,71898896.43
ES,2019,R,20-249,TFP,1480.7995,638017781.38,3226.4807,125823068.75
ES,2019,R,250+,TFP,227.8153,820308576.06,4148.3324,161772516.97
ES,2019,R,mancante,TFP,232.4646,37202203.0,188.133,7336622.08
ES,2019,S,1-19,Totale,35332.6113,856001952.13,7294.8997,158357008.1
ES,2019,S,20-249,Totale,5403.8111,1498003416.24,12766.0745,277124764.18
ES,2019,S,250+,Totale,831.3556,1926004392.3,16413.5243,356303268.23
ES,2019,S,mancante,Totale,848.322,87347137.97,744.3775,16158878.38
ES,2019,S,1-19,TFP,21199.5668,513601171.28,4376.9398,95014204.86
ES,2019,S,20-249,TFP,3242.2867,898802049.74,7659.6447,166274858.51
ES,2019,S,250+,TFP,498.8133,1155602635.38,9848.1146,213781960.94
ES,2019,S,mancante,TFP,508.9932,52408282.78,446.6265,9695327.03
ES,2020,A,1-19,Totale,973.8425,876564525.97,7424.3507,95852946.01
ES,2020,A,20-249,Totale,148.9406,1533987920.44,12992.6137,167742655.52
ES,2020,A,250+,Totale,22.9139,1972270183.43,16704.7891,215669128.53
ES,2020,A,mancante,Totale,23.3816,89445359.79,757.5868,9780912.86
ES,2020,A,1-19,TFP,584.3055,525938715.58,4454.6104,57511767.61
ES,2020,A,20-249,TFP,89.3644,920392752.27,7795.5682,100645593.31
ES,2020,A,250+,TFP,13.7484,1183362110.06,10022.8735,129401477.12
ES,2020,A,mancante,TFP,14.0289,53667215.88,454.5521,5868547.72
ES,2020,B,1-19,Totale,523.4411,599260200.0,4636.576,117253385.47
ES,2020,B,20-249,Totale,46.8342,1221761100.0,5790.624,239054129.08
ES,2020,B,250+,Totale,2.1427,1041166700.0,3081.12,203718385.45
ES,2020,B,mancante,Totale,11.682,58412000.0,275.68,11429100.0
ES,2020,B,1-19,TFP,314.0646,359556120.0,2781.9456,70352031.28
ES,2020,B,20-249,TFP,28.1005,733056660.0,3474.3744,143432477.45
ES,2020,B,250+,TFP,1.2856,624700020.0,1848.672,122231031.27
ES,2020,B,mancante,TFP,7.0092,35047200.0,165.408,6857460.0
ES,2020,C,1-19,Totale,47741.3837,41953120260.86,399577.5554,6143156146.21
ES,2020,C,20-249,Totale,4530.2293,128782773694.52,604734.7758,18857541056.01
ES,2020,C,250+,Totale,302.202,243369730844.62,598653.2848,35636401977.79
ES,2020,C,mancante,Totale,1072.935,8451135200.0,32713.584,1237491820.0
ES,2020,C,1-19,TFP,28644.8302,25171872156.52,239746.5333,3685893687.72
ES,2020,C,20-249,TFP,2718.1376,77269664216.71,362840.8655,11314524633.61
ES,2020,C,250+,TFP,181.3212,146021838506.77,359191.9709,21381841186.67
ES,2020,C,mancante,TFP,643.761,5070681120.0,19628.1504,742495092.0
ES,2020,D,1-19,Totale,1103.2075,7793974149.23,8650.4632,300812877.21
ES,2020,D,20-249,Totale,11.9787,13792831076.04,6555.6619,532342181.46
ES,2020,D,250+,Totale,1.8668,45697103774.73,19962.547,1763705781.33
ES,2020,D,mancante,Totale,22.797,1373141000.0,717.728,52997160.0
ES,2020,D,1-19,TFP,661.9245,4676384489.54,5190.2779,180487726.32
ES,2020,D,20-249,TFP,7.1872,8275698645.62,3933.3971,319405308.88
ES,2020,D,250+,TFP,1.1201,27418262264.84,11977.5282,1058223468.8
ES,2020,D,mancante,TFP,13.6782,823884600.0,430.6368,31798296.0
ES,2020,E,1-19,Totale,2111.4358,2637254818.7,16173.92,768362710.32
ES,2020,E,20-249,Totale,246.7866,5532070973.46,31122.448,1611765771.24
ES,2020,E,250+,Totale,27.1465,10784173107.83,98434.336,3141962778.44
ES,2020,E,mancante,Totale,48.681,386806100.0,2974.096,112695740.0
ES,2020,E,1-19,TFP,1266.8615,1582352891.22,9704.352,461017626.19
ES,2020,E,20-249,TFP,148.072,3319242584.08,18673.4688,967059462.74
ES,2020,E,250+,TFP,16.2879,6470503864.7,59060.6016,1885177667.07
ES,2020,E,mancante,TFP,29.2086,232083660.0,1784.4576,67617444.0
ES,2020,F,1-19,Totale,78124.86,60833573500.0,642754.56,13891849484.33
ES,2020,F,20-249,Totale,1429.2554,32353470100.0,228361.168,7388182397.75
ES,2020,F,250+,Totale,29.1856,21517972700.0,105002.688,4913806977.92
ES,2020,F,mancante,Totale,1624.149,2340918700.0,19920.784,534568140.0
ES,2020,F,1-19,TFP,46874.916,36500144100.0,385652.736,8335109690.6
ES,2020,F,20-249,TFP,857.5532,19412082060.0,137016.7008,4432909438.65
ES,2020,F,250+,TFP,17.5114,12910783620.0,63001.6128,2948284186.75
ES,2020,F,mancante,TFP,974.4894,1404551220.0,11952.4704,320740884.0
ES,2020,G,1-19,Totale,167211.1464,210322504000.0,1219894.9846,20386250438.16
ES,2020,G,20-249,Totale,3142.4368,183930731600.0,499795.9196,17828134823.23
ES,2020,G,250+,Totale,158.6258,210963997300.0,723628.6318,20448429438.6
ES,2020,G,mancante,Totale,3479.841,12351372100.0,49863.664,1197200300.0
ES,2020,G,1-19,TFP,100326.6878,126193502400.0,731936.9907,12231750262.9
ES,2020,G,20-249,TFP,1885.4621,110358438960.0,299877.5518,10696880893.94
ES,2020,G,250+,TFP,95.1755,126578398380.0,434177.1791,12269057663.16
ES,2020,G,mancante,TFP,2087.9046,7410823260.0,29918.1984,718320180.0
ES,2020,H,1-19,Totale,37686.6908,24539680200.0,296414.72,6319524945.04
ES,2020,H,20-249,Totale,757.151,24732603000.0,161391.888,6369206947.3
ES,2020,H,250+,Totale,47.9611,34693200500.0,269346.336,8934287007.66
ES,2020,H,mancante,Totale,785.547,1713581300.0,14839.856,441286100.0
ES,2020,H,1-19,TFP,22612.0145,14723808120.0,177848.832,3791714967.02
ES,2020,H,20-249,TFP,454.2906,14839561800.0,96835.1328,3821524168.38
ES,2020,H,250+,TFP,28.7767,20815920300.0,161607.8016,5360572204.6
ES,2020,H,mancante,TFP,471.3282,1028148780.0,8903.9136,264771660.0
ES,2020,I,1-19,Totale,92978.4362,20591176900.0,661706.6687,7931528402.15
ES,2020,I,20-249,Totale,2308.7487,7745817100.0,223002.6887,2983616168.46
ES,2020,I,250+,Totale,81.2701,6660751300.0,203454.4186,2565658989.39
ES,2020,I,mancante,Totale,1946.295,714239700.0,22207.424,275118440.0
ES,2020,I,1-19,TFP,55787.0617,12354706140.0,397024.0012,4758917041.29
ES,2020,I,20-249,TFP,1385.2492,4647490260.0,133801.6132,1790169701.08
ES,2020,I,250+,TFP,48.7621,3996450780.0,122072.6512,1539395393.63
ES,2020,I,mancante,TFP,1167.777,428543820.0,13324.4544,165071064.0
ES,2020,J,1-19,Totale,12059.3876,9273622400.0,101654.824,2620907414.42
ES,2020,J,20-249,Totale,437.8315,12712662900.0,108154.9562,3592847650.51
ES,2020,J,250+,Totale,43.0569,48944414400.0,223264.7638,13832650615.07
ES,2020,J,mancante,Totale,255.924,1447565300.0,8838.256,409110320.0
ES,2020,J,1-19,TFP,7235.6326,5564173440.0,60992.8944,1572544448.65
ES,2020,J,20-249,TFP,262.6989,7627597740.0,64892.9737,2155708590.31
ES,2020,J,250+,TFP,25.8341,29366648640.0,133958.8583,8299590369.04
ES,2020,J,mancante,TFP,153.5544,868539180.0,5302.9536,245466192.0
ES,2020,K,1-19,Totale,7959.5649,146229012.59,3886.5418,37995641.96
ES,2020,K,20-249,Totale,1217.3452,255900772.03,6801.4482,66492373.43
ES,2020,K,250+,Totale,187.2839,329015278.32,8744.7192,85490194.41
ES,2020,K,mancante,Totale,191.106,14921327.82,396.5859,3877106.32
ES,2020,K,1-19,TFP,4775.7389,87737407.55,2331.9251,22797385.18
ES,2020,K,20-249,TFP,730.4071,153540463.22,4080.8689,39895424.06
ES,2020,K,250+,TFP,112.3703,197409166.99,5246.8315,51294116.65
ES,2020,K,mancante,TFP,114.6636,8952796.69,237.9515,2326263.79
ES,2020,L,1-19,Totale,22906.3384,18655534800.0,190592.6662,2774346582.05
ES,2020,L,20-249,Totale,57.4668,3587397800.0,16317.4518,533497695.54
ES,2020,L,250+,Totale,2.1518,1802278800.0,7094.442,268024802.41
ES,2020,L,mancante,Totale,468.693,490718600.0,4367.44,72976920.0
ES,2020,L,1-19,TFP,13743.803,11193320880.0,114355.5997,1664607949.23
ES,2020,L,20-249,TFP,34.4801,2152438680.0,9790.4711,320098617.32
ES,2020,L,250+,TFP,1.2911,1081367280.0,4256.6652,160814881.45
ES,2020,L,mancante,TFP,281.2158,294431160.0,2620.464,43786152.0
ES,2020,M,1-19,Totale,60715.9513,34018970300.0,541651.804,11360549284.92
ES,2020,M,20-249,Totale,635.3768,21178941700.0,173622.922,7072654135.72
ES,2020,M,250+,Totale,48.2199,25953447800.0,192169.21,8667088399.36
ES,2020,M,mancante,Totale,1253.052,1656150200.0,18519.264,553067180.0
ES,2020,M,1-19,TFP,36429.5708,20411382180.0,324991.0824,6816329570.95
ES,2020,M,20-249,TFP,381.2261,12707365020.0,104173.7532,4243592481.43
ES,2020,M,250+,TFP,28.932,15572068680.0,115301.526,5200253039.62
ES,2020,M,mancante,TFP,751.8312,993690120.0,11111.5584,331840308.0
ES,2020,N,1-19,Totale,33197.018,13942981939.78,234791.692,6408220665.77
ES,2020,N,20-249,Totale,1029.5702,11695384879.75,233052.7788,5375220839.0
ES,2020,N,250+,Totale,108.7898,27250469180.47,712164.1212,12524366775.23
ES,2020,N,mancante,Totale,700.722,1079364000.0,24081.808,496077720.0
ES,2020,N,1-19,TFP,19918.2108,8365789163.87,140875.0152,3844932399.46
ES,2020,N,20-249,TFP,617.7421,7017230927.85,139831.6673,3225132503.4
ES,2020,N,250+,TFP,65.2739,16350281508.28,427298.4727,7514620065.14
ES,2020,N,mancante,TFP,420.4332,647618400.0,14449.0848,297646632.0
ES,2020,O,1-19,Totale,4069.663,201004595.99,3055.8233,73147965.92
ES,2020,O,20-249,Totale,622.419,351758042.98,5347.6907,128008940.35
ES,2020,O,250+,Totale,95.7568,452260340.97,6875.6023,164582923.31
ES,2020,O,mancante,Totale,97.711,20510673.06,311.8187,7464078.15
ES,2020,O,1-19,TFP,2441.7978,120602757.59,1833.494,43888779.55
ES,2020,O,20-249,TFP,373.4514,211054825.79,3208.6144,76805364.21
ES,2020,O,250+,TFP,57.4541,271356204.58,4125.3614,98749753.99
ES,2020,O,mancante,TFP,58.6266,12306403.84,187.0912,4478446.89
ES,2020,P,1-19,Totale,15486.1781,222155369.43,6171.1591,24400528.58
ES,2020,P,20-249,Totale,2368.4743,388771896.5,10799.5284,42700925.01
ES,2020,P,250+,Totale,364.3807,499849581.22,13885.108,54901189.3
ES,2020,P,mancante,Totale,371.817,22668915.25,629.7101,2489849.85
ES,2020,P,1-19,TFP,9291.7068,133293221.66,3702.6955,14640317.15
ES,2020,P,20-249,TFP,1421.0846,233263137.9,6479.717,25620555.01
ES,2020,P,250+,TFP,218.6284,299909748.73,8331.0648,32940713.58
ES,2020,P,mancante,TFP,223.0902,13601349.15,377.8261,1493909.91
ES,2020,Q,1-19,Totale,22268.714,842335477.54,1245.3703,80559235.24
ES,2020,Q,20-249,Totale,3405.8033,1474087085.7,2179.3981,140978661.67
ES,2020,Q,250+,Totale,523.9697,1895254824.47,2802.0832,181258279.29
ES,2020,Q,mancante,Totale,534.663,85952599.75,127.0786,8220330.13
ES,2020,Q,1-19,TFP,13361.2284,505401286.53,747.2222,48335541.14
ES,2020,Q,20-249,TFP,2043.482,884452251.42,1307.6388,84587197.0
ES,2020,Q,250+,TFP,314.3818,1137152894.68,1681.2499,108754967.57
ES,2020,Q,mancante,TFP,320.7978,51571559.85,76.2472,4932198.08
ES,2020,R,1-19,Totale,16292.1056,531677716.85,7799.5215,94667165.98
ES,2020,R,20-249,Totale,2491.7338,930436004.49,13649.1626,165667540.47
ES,2020,R,250+,Totale,383.3437,1196274862.92,17548.9233,213001123.46
ES,2020,R,mancante,Totale,391.167,54252828.25,795.8695,9659914.9
ES,2020,R,1-19,TFP,9775.2633,319006630.11,4679.7129,56800299.59
ES,2020,R,20-249,TFP,1495.0403,558261602.69,8189.4975,99400524.28
ES,2020,R,250+,TFP,230.0062,717764917.75,10529.354,127800674.07
ES,2020,R,mancante,TFP,234.7002,32551696.95,477.5217,5795948.94
ES,2020,S,1-19,Totale,34848.3051,341101911.36,7850.3596,51041775.71
ES,2020,S,20-249,Totale,5329.7408,596928344.89,13738.1294,89323107.49
ES,2020,S,250+,Totale,819.9601,767479300.57,17663.3092,114843995.35
ES,2020,S,mancante,Totale,836.694,34806317.49,801.0571,5208344.46
ES,2020,S,1-19,TFP,20908.9831,204661146.82,4710.2158,30625065.43
ES,2020,S,20-249,TFP,3197.8445,358157006.93,8242.8776,53593864.5
ES,2020,S,250+,TFP,491.9761,460487580.34,10597.9855,68906397.21
ES,2020,S,mancante,TFP,502.0164,20883790.49,480.6343,3125006.68
ES,2021,A,1-19,Totale,3995.8523,949484721.32,6420.233,23462454.75
ES,2021,A,20-249,Totale,611.1304,1661598262.31,11235.4078,41059295.82
ES,2021,A,250+,Totale,94.0201,2136340622.97,14445.5243,52790523.2
ES,2021,A,mancante,Totale,95.9388,96886196.05,655.1258,2394128.04
ES,2021,A,1-19,TFP,2397.5114,569690832.79,3852.1398,14077472.85
ES,2021,A,20-249,TFP,366.6782,996958957.39,6741.2447,24635577.49
ES,2021,A,250+,TFP,56.412,1281804373.78,8667.3146,31674313.92
ES,2021,A,mancante,TFP,57.5633,58131717.63,393.0755,1436476.82
ES,2021,B,1-19,Totale,487.5802,684825960.0,5177.0346,118699081.11
ES,2021,B,20-249,Totale,55.6584,1432201890.0,6350.7467,248239783.89
ES,2021,B,250+,Totale,2.2784,1331750420.0,2832.7467,230828794.99
ES,2021,B,mancante,Totale,11.133,70383230.0,293.072,12199340.0
ES,2021,B,1-19,TFP,292.5481,410895576.0,3106.2208,71219448.67
ES,2021,B,20-249,TFP,33.395,859321134.0,3810.448,148943870.33
ES,2021,B,250+,TFP,1.367,799050252.0,1699.648,138497277.0
ES,2021,B,mancante,TFP,6.6798,42229938.0,175.8432,7319604.0
ES,2021,C,1-19,Totale,47445.6056,53716254900.0,422118.3433,7089929566.83
ES,2021,C,20-249,Totale,4465.9316,152825278760.0,630950.9539,20171184019.74
ES,2021,C,250+,Totale,295.8068,283420977910.0,607191.0387,37408318485.43
ES,2021,C,mancante,Totale,1065.456,9999234930.0,33882.864,1319784328.0
ES,2021,C,1-19,TFP,28467.3634,32229752940.0,253271.006,4253957740.1
ES,2021,C,20-249,TFP,2679.559,91695167256.0,378570.5724,12102710411.85
ES,2021,C,250+,TFP,177.4841,170052586746.0,364314.6232,22444991091.26
ES,2021,C,mancante,TFP,639.2736,5999540958.0,20329.7184,791870596.8
ES,2021,D,1-19,Totale,1160.3441,12225457860.0,7552.272,321643414.94
ES,2021,D,20-249,Totale,17.1611,25784148880.0,7669.088,678363280.3
ES,2021,D,250+,Totale,2.1698,60317588310.0,18061.008,1586914396.76
ES,2021,D,mancante,Totale,24.075,2006677450.0,679.232,52794308.0
ES,2021,D,1-19,TFP,696.2065,7335274716.0,4531.3632,192986048.96
ES,2021,D,20-249,TFP,10.2966,15470489328.0,4601.4528,407017968.18
ES,2021,D,250+,TFP,1.3019,36190552986.0,10836.6048,952148638.06
ES,2021,D,mancante,TFP,14.445,1204006470.0,407.5392,31676584.8
ES,2021,E,1-19,Totale,2141.1105,2847335610.0,16691.36,784390798.99
ES,2021,E,20-249,Totale,226.9654,5928386030.0,27995.072,1633165910.77
ES,2021,E,250+,Totale,23.4671,10929393160.0,98486.864,3010855272.24
ES,2021,E,mancante,Totale,48.807,402145200.0,2921.904,110783918.0
ES,2021,E,1-19,TFP,1284.6663,1708401366.0,10014.816,470634479.39
ES,2021,E,20-249,TFP,136.1792,3557031618.0,16797.0432,979899546.46
ES,2021,E,250+,TFP,14.0803,6557635896.0,59092.1184,1806513163.35
ES,2021,E,mancante,TFP,29.2842,241287120.0,1753.1424,66470350.8
ES,2021,F,1-19,Totale,81041.2285,61935161747.46,654140.3073,14212204198.45
ES,2021,F,20-249,Totale,1658.0861,38960453802.36,260795.4471,8940219246.72
ES,2021,F,250+,Totale,30.9623,26257711100.18,112127.7656,6025332644.83
ES,2021,F,mancante,Totale,1688.373,2594965850.0,20960.48,595464410.0
ES,2021,F,1-19,TFP,48624.7371,37161097048.48,392484.1844,8527322519.07
ES,2021,F,20-249,TFP,994.8517,23376272281.41,156477.2682,5364131548.03
ES,2021,F,250+,TFP,18.5774,15754626660.11,67276.6594,3615199586.9
ES,2021,F,mancante,TFP,1013.0238,1556979510.0,12576.288,357278646.0
ES,2021,G,1-19,Totale,167156.6979,227378184625.67,1177624.8497,20542476295.01
ES,2021,G,20-249,Totale,3079.1181,220326123329.55,498809.6461,19905357996.94
ES,2021,G,250+,Totale,166.5841,252677360604.78,738788.0482,22828129704.06
ES,2021,G,mancante,Totale,3477.6,14293503440.0,49290.256,1291346204.0
ES,2021,G,1-19,TFP,100294.0187,136426910775.4,706574.9098,12325485777.0
ES,2021,G,20-249,TFP,1847.4709,132195673997.73,299285.7876,11943214798.16
ES,2021,G,250+,TFP,99.9504,151606416362.87,443272.8289,13696877822.43
ES,2021,G,mancante,TFP,2086.56,8576102064.0,29574.1536,774807722.4
ES,2021,H,1-19,Totale,38232.6543,26516297570.0,291619.4545,6032599063.02
ES,2021,H,20-249,Totale,771.5994,28664404650.0,164703.3224,6521304875.89
ES,2021,H,250+,Totale,46.7373,39634023380.0,254741.7031,9016951619.09
ES,2021,H,mancante,Totale,796.959,1934994400.0,14511.52,440221542.0
ES,2021,H,1-19,TFP,22939.5926,15909778542.0,174971.6727,3619559437.81
ES,2021,H,20-249,TFP,462.9596,17198642790.0,98821.9934,3912782925.53
ES,2021,H,250+,TFP,28.0424,23780414028.0,152845.0219,5410170971.45
ES,2021,H,mancante,TFP,478.1754,1160996640.0,8706.912,264132925.2
ES,2021,I,1-19,Totale,93951.7039,27983335520.0,679864.8949,8997633786.39
ES,2021,I,20-249,Totale,2247.8196,12666989510.0,226855.2638,4072885904.03
ES,2021,I,250+,Totale,79.1556,9858171820.0,206193.7133,3169751503.58
ES,2021,I,mancante,Totale,1964.871,1030785650.0,22712.528,331434106.0
ES,2021,I,1-19,TFP,56371.0223,16790001312.0,407918.937,5398580271.84
ES,2021,I,20-249,TFP,1348.6917,7600193706.0,136113.1583,2443731542.42
ES,2021,I,250+,TFP,47.4933,5914903092.0,123716.228,1901850902.15
ES,2021,I,mancante,TFP,1178.9226,618471390.0,13627.5168,198860463.6
ES,2021,J,1-19,Totale,12659.6725,9230113790.02,105468.5727,2685052826.67
ES,2021,J,20-249,Totale,474.0092,15410706547.02,114235.2764,4482995780.6
ES,2021,J,250+,Totale,46.4853,50739723712.96,218443.1749,14760255580.73
ES,2021,J,mancante,Totale,268.983,1538378450.0,8941.776,447516412.0
ES,2021,J,1-19,TFP,7595.8035,5538068274.01,63281.1436,1611031696.0
ES,2021,J,20-249,TFP,284.4055,9246423928.21,68541.1658,2689797468.36
ES,2021,J,250+,TFP,27.8912,30443834227.77,131065.9049,8856153348.44
ES,2021,J,mancante,TFP,161.3898,923027070.0,5365.0656,268509847.2
ES,2021,K,1-19,Totale,10321.447,16497648300.0,44129.6958,2591732110.29
ES,2021,K,20-249,Totale,194.3318,19482645490.0,41371.5898,3060666404.79
ES,2021,K,250+,Totale,38.6742,82580537900.0,274096.7784,12973160044.92
ES,2021,K,mancante,Totale,215.397,2419608810.0,7338.736,380113440.0
ES,2021,K,1-19,TFP,6192.8682,9898588980.0,26477.8175,1555039266.18
ES,2021,K,20-249,TFP,116.5991,11689587294.0,24822.9539,1836399842.87
ES,2021,K,250+,TFP,23.2045,49548322740.0,164458.067,7783896026.95
ES,2021,K,mancante,TFP,129.2382,1451765286.0,4403.2416,228068064.0
ES,2021,L,1-19,Totale,23852.4711,19071474632.16,184835.84,2891476298.71
ES,2021,L,20-249,Totale,55.0059,4374650878.72,15209.6,663252295.64
ES,2021,L,250+,Totale,2.22,1882522309.12,7559.328,285414145.66
ES,2021,L,mancante,Totale,487.953,516911180.0,4236.832,78370260.0
ES,2021,L,1-19,TFP,14311.4827,11442884779.3,110901.504,1734885779.22
ES,2021,L,20-249,TFP,33.0036,2624790527.23,9125.76,397951377.38
ES,2021,L,250+,TFP,1.332,1129513385.47,4535.5968,171248487.4
ES,2021,L,mancante,TFP,292.7718,310146708.0,2542.0992,47022156.0
ES,2021,M,1-19,Totale,60864.559,35484945431.24,509037.872,11042787990.23
ES,2021,M,20-249,Totale,614.8832,23444737280.39,162516.144,7295918314.88
ES,2021,M,250+,Totale,43.1448,27468819058.37,176677.536,8548198158.89
ES,2021,M,mancante,Totale,1255.563,1763234730.0,17310.848,548712336.0
ES,2021,M,1-19,TFP,36518.7354,21290967258.74,305422.7232,6625672794.14
ES,2021,M,20-249,TFP,368.9299,14066842368.24,97509.6864,4377550988.93
ES,2021,M,250+,TFP,25.8869,16481291435.02,106006.5216,5128918895.34
ES,2021,M,mancante,TFP,753.3378,1057940838.0,10386.5088,329227401.6
ES,2021,N,1-19,Totale,33024.7614,15523227723.69,225165.584,6810113861.11
ES,2021,N,20-249,Totale,859.5033,13290971295.2,231999.712,5830812344.98
ES,2021,N,250+,Totale,95.2263,30876365201.11,746810.176,13545608321.91
ES,2021,N,mancante,Totale,693.459,1218174780.0,24570.928,534419072.0
ES,2021,N,1-19,TFP,19814.8569,9313936634.21,135099.3504,4086068316.67
ES,2021,N,20-249,TFP,515.702,7974582777.12,139199.8272,3498487406.99
ES,2021,N,250+,TFP,57.1358,18525819120.67,448086.1056,8127364993.15
ES,2021,N,mancante,TFP,416.0754,730904868.0,14742.5568,320651443.2
ES,2021,O,1-19,Totale,1798.8882,859307978.86,2142.6612,173392186.55
ES,2021,O,20-249,Totale,275.1241,1503788963.01,3749.6572,303436326.46
ES,2021,O,250+,Totale,42.3268,1933442952.44,4820.9878,390132419.73
ES,2021,O,mancante,Totale,43.1906,87684487.64,218.6389,17693080.26
ES,2021,O,1-19,TFP,1079.3329,515584787.32,1285.5967,104035311.93
ES,2021,O,20-249,TFP,165.0744,902273377.81,2249.7943,182061795.87
ES,2021,O,250+,TFP,25.3961,1160065771.47,2892.5927,234079451.84
ES,2021,O,mancante,TFP,25.9144,52610692.58,131.1833,10615848.16
ES,2021,P,1-19,Totale,17681.964,4593756141.21,154806.288,2687629145.85
ES,2021,P,20-249,Totale,564.1544,6064351869.15,174080.928,3548017860.16
ES,2021,P,250+,Totale,20.9836,3455877469.64,70653.296,2021900319.99
ES,2021,P,mancante,Totale,372.798,288040520.0,8153.888,168521374.0
ES,2021,P,1-19,TFP,10609.1784,2756253684.73,92883.7728,1612577487.51
ES,2021,P,20-249,TFP,338.4926,3638611121.49,104448.5568,2128810716.09
ES,2021,P,250+,TFP,12.5902,2073526481.78,42391.9776,1213140192.0
ES,2021,P,mancante,TFP,223.6788,172824312.0,4892.3328,101112824.4
ES,2021,Q,1-19,Totale,25998.5763,13046543061.65,233384.256,5153173684.03
ES,2021,Q,20-249,Totale,543.647,7116092509.13,159387.984,2810741548.77
ES,2021,Q,250+,Totale,50.0768,17333734879.23,267686.608,6846545173.2
ES,2021,Q,mancante,Totale,542.7,765232050.0,13478.752,302254294.0
ES,2021,Q,1-19,TFP,15599.1458,7827925836.99,140030.5536,3091904210.42
ES,2021,Q,20-249,TFP,326.1882,4269655505.48,95632.7904,1686444929.26
ES,2021,Q,250+,TFP,30.0461,10400240927.54,160611.9648,4107927103.92
ES,2021,Q,mancante,TFP,325.62,459139230.0,8087.2512,181352576.4
ES,2021,R,1-19,Totale,17939.384,7652196230.0,134283.52,1522472963.65
ES,2021,R,20-249,Totale,318.3738,6474609120.0,77023.296,1288181463.09
ES,2021,R,250+,Totale,15.0772,17940112750.0,56077.952,3569346081.27
ES,2021,R,mancante,Totale,372.915,654426900.0,5456.832,130204092.0
ES,2021,R,1-19,TFP,10763.6304,4591317738.0,80570.112,913483778.19
ES,2021,R,20-249,TFP,191.0243,3884765472.0,46213.9776,772908877.85
ES,2021,R,250+,TFP,9.0463,10764067650.0,33646.7712,2141607648.76
ES,2021,R,mancante,TFP,223.749,392656140.0,3274.0992,78122455.2
ES,2021,S,1-19,Totale,1596.3762,960404911.59,5148.0538,83322633.36
ES,2021,S,20-249,Totale,244.1517,1680708595.29,9009.0941,145814608.38
ES,2021,S,250+,Totale,37.5618,2160911051.09,11583.121,187475925.06
ES,2021,S,mancante,Totale,38.3284,98000501.18,525.3116,8502309.53
ES,2021,S,1-19,TFP,957.8257,576242946.96,3088.8323,49993580.02
ES,2021,S,20-249,TFP,146.491,1008425157.17,5405.4565,87488765.03
ES,2021,S,250+,TFP,22.5371,1296546630.65,6949.8726,112485555.04
ES,2021,S,mancante,TFP,22.997,58800300.71,315.187,5101385.72
ES,2022,A,1-19,Totale,3229.6885,753381025.4,7587.5405,147991227.74
ES,2022,A,20-249,Totale,493.9524,1318416794.45,13278.1959,258984648.54
ES,2022,A,250+,Totale,75.9927,1695107307.15,17071.9662,332980262.41
ES,2022,A,mancante,Totale,77.5435,76875614.84,774.2388,15101145.69
ES,2022,A,1-19,TFP,1937.8131,452028615.24,4552.5243,88794736.64
ES,2022,A,20-249,TFP,296.3714,791050076.67,7966.9176,155390789.12
ES,2022,A,250+,TFP,45.5956,1017064384.29,10243.1797,199788157.45
ES,2022,A,mancante,TFP,46.5261,46125368.9,464.5433,9060687.41
ES,2022,B,1-19,Totale,474.2797,1243050257.39,4839.3712,178554060.42
ES,2022,B,20-249,Totale,59.2441,1606070979.1,6488.8183,230699034.84
ES,2022,B,250+,Totale,2.2912,1609061443.51,3218.9305,231128590.74
ES,2022,B,mancante,Totale,10.935,90983320.0,296.88,13069014.0
ES,2022,B,1-19,TFP,284.5678,745830154.44,2903.6227,107132436.25
ES,2022,B,20-249,TFP,35.5464,963642587.46,3893.291,138419420.91
ES,2022,B,250+,TFP,1.3747,965436866.11,1931.3583,138677154.44
ES,2022,B,mancante,TFP,6.561,54589992.0,178.128,7841408.4
ES,2022,C,1-19,Totale,46785.3061,53361288610.0,391304.4074,6126162160.97
ES,2022,C,20-249,Totale,4622.6668,175596191750.0,640192.1461,20159384706.22
ES,2022,C,250+,Totale,315.594,360580543400.0,630818.6465,41396580526.81
ES,2022,C,mancante,Totale,1055.583,12031388240.0,33924.8,1381267906.0
ES,2022,C,1-19,TFP,28071.1837,32016773166.0,234782.6445,3675697296.58
ES,2022,C,20-249,TFP,2773.6001,105357715050.0,384115.2876,12095630823.73
ES,2022,C,250+,TFP,189.3564,216348326040.0,378491.1879,24837948316.09
ES,2022,C,mancante,TFP,633.3498,7218832944.0,20354.88,828760743.6
ES,2022,D,1-19,Totale,1208.5561,16471333830.0,9375.6467,248338910.73
ES,2022,D,20-249,Totale,19.3386,53921947590.0,7697.1402,812983202.65
ES,2022,D,250+,Totale,2.4953,87387156150.0,18051.9811,1317539392.62
ES,2022,D,mancante,Totale,25.11,3220008930.0,716.832,48548194.0
ES,2022,D,1-19,TFP,725.1337,9882800298.0,5625.388,149003346.44
ES,2022,D,20-249,TFP,11.6031,32353168554.0,4618.2841,487789921.59
ES,2022,D,250+,TFP,1.4972,52432293690.0,10831.1886,790523635.57
ES,2022,D,mancante,TFP,15.066,1932005358.0,430.0992,29128916.4
ES,2022,E,1-19,Totale,2154.3217,2865370060.0,15112.4666,773499252.02
ES,2022,E,20-249,Totale,234.529,6442380350.0,28559.7081,1739103947.34
ES,2022,E,250+,Totale,24.7423,12064972080.0,99765.3293,3256908072.64
ES,2022,E,mancante,Totale,49.257,436178010.0,2927.296,117745128.0
ES,2022,E,1-19,TFP,1292.593,1719222036.0,9067.48,464099551.21
ES,2022,E,20-249,TFP,140.7174,3865428210.0,17135.8249,1043462368.41
ES,2022,E,250+,TFP,14.8454,7238983248.0,59859.1976,1954144843.58
ES,2022,E,mancante,TFP,29.5542,261706806.0,1756.3776,70647076.8
ES,2022,F,1-19,Totale,83815.9837,79921077110.0,672146.72,15467813730.38
ES,2022,F,20-249,Totale,1582.4684,42427422240.0,250232.416,8211344090.94
ES,2022,F,250+,Totale,27.2169,22430515870.0,95804.8,4341170738.68
ES,2022,F,mancante,Totale,1743.381,2954673780.0,20779.264,571843440.0
ES,2022,F,1-19,TFP,50289.5902,47952646266.0,403288.032,9280688238.23
ES,2022,F,20-249,TFP,949.4811,25456453344.0,150139.4496,4926806454.56
ES,2022,F,250+,TFP,16.3301,13458309522.0,57482.88,2604702443.21
ES,2022,F,mancante,TFP,1046.0286,1772804268.0,12467.5584,343106064.0
ES,2022,G,1-19,Totale,167884.0592,253546357540.0,1178317.5372,21591552775.43
ES,2022,G,20-249,Totale,3263.4122,272138917540.0,505856.8617,23174861817.47
ES,2022,G,250+,Totale,178.8236,269884161470.0,776599.3292,22982850837.1
ES,2022,G,mancante,Totale,3496.455,16236110950.0,50219.872,1382638070.0
ES,2022,G,1-19,TFP,100730.4355,152127814524.0,706990.5223,12954931665.26
ES,2022,G,20-249,TFP,1958.0473,163283350524.0,303514.117,13904917090.48
ES,2022,G,250+,TFP,107.2942,161930496882.0,465959.5975,13789710502.26
ES,2022,G,mancante,TFP,2097.873,9741666570.0,30131.9232,829582842.0
ES,2022,H,1-19,Totale,38721.9381,30396728110.0,292187.392,6144857817.32
ES,2022,H,20-249,Totale,819.3738,34817317500.0,170222.864,7038503119.27
ES,2022,H,250+,Totale,50.7862,52510995530.0,277666.928,10615372819.41
ES,2022,H,mancante,Totale,808.002,2402551860.0,15103.616,485688444.0
ES,2022,H,1-19,TFP,23233.1628,18238036866.0,175312.4352,3686914690.39
ES,2022,H,20-249,TFP,491.6243,20890390500.0,102133.7184,4223101871.56
ES,2022,H,250+,TFP,30.4717,31506597318.0,166600.1568,6369223691.64
ES,2022,H,mancante,TFP,484.8012,1441531116.0,9062.1696,291413066.4
ES,2022,I,1-19,Totale,96814.7818,37217656980.0,721341.152,11336889662.43
ES,2022,I,20-249,Totale,2837.3752,21287814800.0,288514.352,6484492230.97
ES,2022,I,250+,Totale,104.689,18478872160.0,256240.992,5628858766.6
ES,2022,I,mancante,Totale,2035.854,1571109060.0,25838.704,478576340.0
ES,2022,I,1-19,TFP,58088.8691,22330594188.0,432804.6912,6802133797.46
ES,2022,I,20-249,TFP,1702.4251,12772688880.0,173108.6112,3890695338.58
ES,2022,I,250+,TFP,62.8134,11087323296.0,153744.5952,3377315259.96
ES,2022,I,mancante,TFP,1221.5124,942665436.0,15503.2224,287145804.0
ES,2022,J,1-19,Totale,13300.4607,10663483937.05,102892.3263,2994180068.64
ES,2022,J,20-249,Totale,522.0612,16810866264.9,123213.6392,4720292261.34
ES,2022,J,250+,Totale,51.7791,58178658218.04,258924.2585,16335878582.01
ES,2022,J,mancante,Totale,283.149,1748020580.0,9898.576,490823488.0
ES,2022,J,1-19,TFP,7980.2764,6398090362.23,61735.3958,1796508041.19
ES,2022,J,20-249,TFP,313.2367,10086519758.94,73928.1835,2832175356.81
ES,2022,J,250+,TFP,31.0674,34907194930.82,155354.5551,9801527149.21
ES,2022,J,mancante,TFP,169.8894,1048812348.0,5939.1456,294494092.8
ES,2022,K,1-19,Totale,10991.381,20888509277.57,42691.0582,2673018659.12
ES,2022,K,20-249,Totale,181.146,20714012426.23,40755.3665,2650688997.7
ES,2022,K,250+,Totale,39.0161,86568855896.21,273442.1353,11077868891.18
ES,2022,K,mancante,Totale,228.807,2615742400.0,7283.44,334726052.0
ES,2022,K,1-19,TFP,6594.8286,12533105566.54,25614.6349,1603811195.47
ES,2022,K,20-249,TFP,108.6876,12428407455.74,24453.2199,1590413398.62
ES,2022,K,250+,TFP,23.4096,51941313537.72,164065.2812,6646721334.71
ES,2022,K,mancante,TFP,137.2842,1569445440.0,4370.064,200835631.2
ES,2022,L,1-19,Totale,25106.7286,23054584785.34,188303.472,3254804234.98
ES,2022,L,20-249,Totale,62.5689,5125647507.19,16121.392,723629567.34
ES,2022,L,250+,Totale,2.5415,2040866097.47,8348.032,288125753.68
ES,2022,L,mancante,Totale,513.711,616757110.0,4342.304,87072644.0
ES,2022,L,1-19,TFP,15064.0371,13832750871.21,112982.0832,1952882540.99
ES,2022,L,20-249,TFP,37.5414,3075388504.31,9672.8352,434177740.4
ES,2022,L,250+,TFP,1.5249,1224519658.48,5008.8192,172875452.21
ES,2022,L,mancante,TFP,308.2266,370054266.0,2605.3824,52243586.4
ES,2022,M,1-19,Totale,62111.6731,39537267013.18,513976.288,12062634680.88
ES,2022,M,20-249,Totale,672.754,25090141091.7,176210.272,7654884339.38
ES,2022,M,250+,Totale,46.6069,31762054015.12,191603.328,9690453671.75
ES,2022,M,mancante,Totale,1282.266,1967131880.0,17995.712,600162708.0
ES,2022,M,1-19,TFP,37267.0038,23722360207.91,308385.7728,7237580808.53
ES,2022,M,20-249,TFP,403.6524,15054084655.02,105726.1632,4592930603.63
ES,2022,M,250+,TFP,27.9641,19057232409.07,114961.9968,5814272203.05
ES,2022,M,mancante,TFP,769.3596,1180279128.0,10797.4272,360097624.8
ES,2022,N,1-19,Totale,34747.3236,21204983553.47,241241.9887,7852559071.2
ES,2022,N,20-249,Totale,896.1437,17131246596.71,241202.7888,6343986333.44
ES,2022,N,250+,Totale,103.1107,39358729429.81,781584.3105,14575193941.36
ES,2022,N,mancante,Totale,729.522,1585611420.0,25796.512,587178354.0
ES,2022,N,1-19,TFP,20848.3942,12722990132.08,144745.1932,4711535442.72
ES,2022,N,20-249,TFP,537.6862,10278747958.03,144721.6733,3806391800.06
ES,2022,N,250+,TFP,61.8664,23615237657.89,468950.5863,8745116364.81
ES,2022,N,mancante,TFP,437.7132,951366852.0,15477.9072,352307012.4
ES,2022,O,1-19,Totale,1432.9204,227719796.79,693.9374,66834478.4
ES,2022,O,20-249,Totale,219.1525,398509644.38,1214.3905,116960337.2
ES,2022,O,250+,Totale,33.7158,512369542.77,1561.3592,150377576.41
ES,2022,O,mancante,Totale,34.4039,23236713.96,70.8099,6819844.73
ES,2022,O,1-19,TFP,859.7522,136631878.07,416.3625,40100687.04
ES,2022,O,20-249,TFP,131.4915,239105786.63,728.6343,70176202.32
ES,2022,O,250+,TFP,20.2295,307421725.66,936.8155,90226545.84
ES,2022,O,mancante,TFP,20.6423,13942028.37,42.486,4091906.84
ES,2022,P,1-19,Totale,18289.9671,5114103540.0,172081.0764,2849092721.69
ES,2022,P,20-249,Totale,554.1846,6003164440.0,162633.9121,3344393006.38
ES,2022,P,250+,Totale,23.5923,4055768710.0,79362.4515,2259489081.93
ES,2022,P,mancante,Totale,385.056,309653810.0,8450.56,172509690.0
ES,2022,P,1-19,TFP,10973.9803,3068462124.0,103248.6458,1709455633.01
ES,2022,P,20-249,TFP,332.5108,3601898664.0,97580.3473,2006635803.83
ES,2022,P,250+,TFP,14.1554,2433461226.0,47617.4709,1355693449.16
ES,2022,P,mancante,TFP,231.0336,185792286.0,5070.336,103505814.0
ES,2022,Q,1-19,Totale,26524.1246,14048514580.09,247708.2175,5409254685.95
ES,2022,Q,20-249,Totale,561.5926,7346545056.58,154621.4397,2828721360.27
ES,2022,Q,250+,Totale,48.5718,18956793163.33,287661.6869,7299143383.78
ES,2022,Q,mancante,Totale,553.761,823507200.0,14081.456,317084070.0
ES,2022,Q,1-19,TFP,15914.4748,8429108748.06,148624.9305,3245552811.57
ES,2022,Q,20-249,TFP,336.9555,4407927033.95,92772.8638,1697232816.16
ES,2022,Q,250+,TFP,29.1431,11374075898.0,172597.0121,4379486030.27
ES,2022,Q,mancante,TFP,332.2566,494104320.0,8448.8736,190250442.0
ES,2022,R,1-19,Totale,19843.6764,10692404660.0,136584.1541,1872034753.92
ES,2022,R,20-249,Totale,371.7946,12068120820.0,81025.8403,2112896238.78
ES,2022,R,250+,Totale,18.05,18782059170.0,65568.4535,3288377931.3
ES,2022,R,mancante,Totale,412.929,847807850.0,5779.152,148434876.0
ES,2022,R,1-19,TFP,11906.2058,6415442796.0,81950.4925,1123220852.35
ES,2022,R,20-249,TFP,223.0768,7240872492.0,48615.5042,1267737743.27
ES,2022,R,250+,TFP,10.83,11269235502.0,39341.0721,1973026758.78
ES,2022,R,mancante,TFP,247.7574,508684710.0,3467.4912,89060925.6
ES,2022,S,1-19,Totale,4065.8843,440077847.85,5664.1997,62515465.56
ES,2022,S,20-249,Totale,621.8411,770136233.73,9912.3495,109402064.72
ES,2022,S,250+,Totale,95.6679,990175157.66,12744.4494,140659797.5
ES,2022,S,mancante,Totale,97.6203,44905902.84,577.9796,6379129.14
ES,2022,S,1-19,TFP,2439.5306,264046708.71,3398.5198,37509279.33
ES,2022,S,20-249,TFP,373.1047,462081740.24,5947.4097,65641238.83
ES,2022,S,250+,TFP,57.4007,594105094.59,7646.6696,84395878.5
ES,2022,S,mancante,TFP,58.5722,26943541.7,346.7877,3827477.48
ES,2023,A,1-19,Totale,1911.9157,431064079.38,2271.6967,82261285.52
ES,2023,A,20-249,Totale,292.4106,754362138.92,3975.4691,143957249.67
ES,2023,A,250+,Totale,44.9863,969894178.61,5111.3175,185087892.43
ES,2023,A,mancante,Totale,45.9043,43986130.55,231.8058,8394008.73
ES,2023,A,1-19,TFP,1147.1494,258638447.63,1363.018,49356771.31
ES,2023,A,20-249,TFP,175.4464,452617283.35,2385.2815,86374349.8
ES,2023,A,250+,TFP,26.9918,581936507.16,3066.7905,111052735.46
ES,2023,A,mancante,TFP,27.5426,26391678.33,139.0835,5036405.24
ES,2023,B,1-19,Totale,454.5574,1128156890.0,4931.6195,143296685.1
ES,2023,B,20-249,Totale,62.1174,3108789320.0,6974.8311,394873450.84
ES,2023,B,250+,Totale,1.9412,1389685570.0,2991.1174,176515640.05
ES,2023,B,mancante,Totale,10.584,114829220.0,304.032,14585424.0
ES,2023,B,1-19,TFP,272.7344,676894134.0,2958.9717,85978011.06
ES,2023,B,20-249,TFP,37.2705,1865273592.0,4184.8986,236924070.51
ES,2023,B,250+,TFP,1.1647,833811342.0,1794.6704,105909384.03
ES,2023,B,mancante,TFP,6.3504,68897532.0,182.4192,8751254.4
ES,2023,C,1-19,Totale,45942.3205,54361188490.0,381375.4098,6825153329.17
ES,2023,C,20-249,Totale,4664.9425,169725124450.0,637209.6251,21309320681.93
ES,2023,C,250+,Totale,326.473,355562409790.0,662920.9171,44641554614.9
ES,2023,C,mancante,Totale,1039.464,11829565770.0,34316.448,1485225074.0
ES,2023,C,1-19,TFP,27565.3923,32616713094.0,228825.2459,4095091997.5
ES,2023,C,20-249,TFP,2798.9655,101835074670.0,382325.7751,12785592409.16
ES,2023,C,250+,TFP,195.8838,213337445874.0,397752.5503,26784932768.94
ES,2023,C,mancante,TFP,623.6784,7097739462.0,20589.8688,891135044.4
ES,2023,D,1-19,Totale,1276.0737,11235744749.08,8199.6741,269920583.43
ES,2023,D,20-249,Totale,22.7432,30826179007.75,8238.8732,740549060.92
ES,2023,D,250+,Totale,3.4561,71949395133.17,18893.1968,1728467773.65
ES,2023,D,mancante,Totale,26.577,2326761610.0,721.056,55896682.0
ES,2023,D,1-19,TFP,765.6442,6741446849.45,4919.8044,161952350.06
ES,2023,D,20-249,TFP,13.6459,18495707404.65,4943.3239,444329436.55
ES,2023,D,250+,TFP,2.0736,43169637079.9,11335.9181,1037080664.19
ES,2023,D,mancante,TFP,15.9462,1396056966.0,432.6336,33538009.2
ES,2023,E,1-19,Totale,2195.1687,3191789440.0,16050.048,897719532.98
ES,2023,E,20-249,Totale,239.7762,6459007030.0,30078.16,1816653912.63
ES,2023,E,250+,Totale,23.6301,11380812520.0,96429.648,3200956044.39
ES,2023,E,mancante,Totale,50.175,429216510.0,2909.344,120721010.0
ES,2023,E,1-19,TFP,1317.1012,1915073664.0,9630.0288,538631719.79
ES,2023,E,20-249,TFP,143.8657,3875404218.0,18046.896,1089992347.58
ES,2023,E,250+,TFP,14.1781,6828487512.0,57857.7888,1920573626.63
ES,2023,E,mancante,TFP,30.105,257529906.0,1745.6064,72432606.0
ES,2023,F,1-19,Totale,85077.4896,81843466180.0,679203.2252,16287090867.16
ES,2023,F,20-249,Totale,1724.2218,50382872120.0,275001.5325,10026339971.5
ES,2023,F,250+,Totale,31.6297,24899819420.0,99853.4503,4955137415.34
ES,2023,F,mancante,Totale,1772.109,3206656280.0,21511.392,638134046.0
ES,2023,F,1-19,TFP,51046.4937,49106079708.0,407521.9351,9772254520.3
ES,2023,F,20-249,TFP,1034.5331,30229723272.0,165000.9195,6015803982.9
ES,2023,F,250+,TFP,18.9778,14939891652.0,59912.0702,2973082449.2
ES,2023,F,mancante,TFP,1063.2654,1923993768.0,12906.8352,382880427.6
ES,2023,G,1-19,Totale,165084.6881,261815207010.0,1134890.176,22647826847.04
ES,2023,G,20-249,Totale,3394.9452,269468036320.0,511207.2,23309820300.67
ES,2023,G,250+,Totale,188.3137,312686625300.0,815513.664,27048362194.29
ES,2023,G,mancante,Totale,3442.203,17223874870.0,50236.96,1489918558.0
ES,2023,G,1-19,TFP,99050.8128,157089124206.0,680934.1056,13588696108.22
ES,2023,G,20-249,TFP,2036.9671,161680821792.0,306724.32,13985892180.4
ES,2023,G,250+,TFP,112.9882,187611975180.0,489308.1984,16229017316.57
ES,2023,G,mancante,TFP,2065.3218,10334324922.0,30142.176,893951134.8
ES,2023,H,1-19,Totale,39359.6886,31116323490.0,291960.032,6618785724.26
ES,2023,H,20-249,Totale,861.7939,33519503500.0,175837.872,7129968658.46
ES,2023,H,250+,Totale,52.8425,56329209300.0,295503.712,11981845043.28
ES,2023,H,mancante,Totale,821.925,2468674210.0,15577.584,525114274.0
ES,2023,H,1-19,TFP,23615.8131,18669794094.0,175176.0192,3971271434.56
ES,2023,H,20-249,TFP,517.0763,20111702100.0,105502.7232,4277981195.07
ES,2023,H,250+,TFP,31.7055,33797525580.0,177302.2272,7189107025.97
ES,2023,H,mancante,TFP,493.155,1481204526.0,9346.5504,315068564.4
ES,2023,I,1-19,Totale,97479.0547,40068703933.57,715381.5376,12156186837.44
ES,2023,I,20-249,Totale,3195.2062,24674248987.53,306673.1755,7485761986.79
ES,2023,I,250+,Totale,115.4071,22257807848.9,281076.3749,6752653423.77
ES,2023,I,mancante,Totale,2056.932,1775525730.0,26594.512,538665352.0
ES,2023,I,1-19,TFP,58487.4328,24041222360.14,429228.9226,7293712102.46
ES,2023,I,20-249,TFP,1917.1237,14804549392.52,184003.9053,4491457192.08
ES,2023,I,250+,TFP,69.2443,13354684709.34,168645.8249,4051592054.26
ES,2023,I,mancante,TFP,1234.1592,1065315438.0,15956.7072,323199211.2
ES,2023,J,1-19,Totale,13493.2098,11224199200.79,101457.5958,3385502575.58
ES,2023,J,20-249,Totale,547.5689,19822124563.04,132607.5316,5978854487.63
ES,2023,J,250+,Totale,52.2583,63470995846.17,276587.0006,19144458866.78
ES,2023,J,mancante,Totale,287.613,1928924890.0,10421.472,581812570.0
ES,2023,J,1-19,TFP,8095.9259,6734519520.47,60874.5575,2031301545.35
ES,2023,J,20-249,TFP,328.5413,11893274737.82,79564.519,3587312692.58
ES,2023,J,250+,TFP,31.355,38082597507.7,165952.2004,11486675320.07
ES,2023,J,mancante,TFP,172.5678,1157354934.0,6252.8832,349087542.0
ES,2023,K,1-19,Totale,11115.9113,25388490540.0,41476.6451,2883935208.99
ES,2023,K,20-249,Totale,184.667,24736143250.0,40471.5593,2809833626.81
ES,2023,K,250+,Totale,39.2957,103626432840.0,275664.7717,11771157398.2
ES,2023,K,mancante,Totale,231.426,3137776870.0,7298.224,356427066.0
ES,2023,K,1-19,TFP,6669.5468,15233094324.0,24885.987,1730361125.39
ES,2023,K,20-249,TFP,110.8002,14841685950.0,24282.9356,1685900176.09
ES,2023,K,250+,TFP,23.5774,62175859704.0,165398.863,7062694438.92
ES,2023,K,mancante,TFP,138.8556,1882666122.0,4378.9344,213856239.6
ES,2023,L,1-19,Totale,25912.5765,26207811035.1,182756.672,3585272003.07
ES,2023,L,20-249,Totale,66.3326,4701061689.15,16482.032,643113033.6
ES,2023,L,250+,Totale,2.6059,1747492835.75,8173.2,239059917.33
ES,2023,L,mancante,Totale,530.235,666456440.0,4232.896,91172346.0
ES,2023,L,1-19,TFP,15547.5459,15724686621.06,109654.0032,2151163201.84
ES,2023,L,20-249,TFP,39.7995,2820637013.49,9889.2192,385867820.16
ES,2023,L,250+,TFP,1.5636,1048495701.45,4903.92,143435950.4
ES,2023,L,mancante,TFP,318.141,399873864.0,2539.7376,54703407.6
ES,2023,M,1-19,Totale,62515.253,41048577318.17,510963.376,13150303326.21
ES,2023,M,20-249,Totale,742.6029,28466836011.12,191259.152,9119622475.15
ES,2023,M,250+,Totale,48.5762,33533775500.71,199880.016,10742864876.64
ES,2023,M,mancante,Totale,1291.968,2103044670.0,18410.256,673730422.0
ES,2023,M,1-19,TFP,37509.1518,24629146390.9,306578.0256,7890181995.73
ES,2023,M,20-249,TFP,445.5617,17080101606.67,114755.4912,5471773485.09
ES,2023,M,250+,TFP,29.1457,20120265300.43,119928.0096,6445718925.98
ES,2023,M,mancante,TFP,775.1808,1261826802.0,11046.1536,404238253.2
ES,2023,N,1-19,Totale,35666.2494,22945782464.19,243143.488,8141345258.14
ES,2023,N,20-249,Totale,940.4709,19047351170.65,239975.344,6758150975.04
ES,2023,N,250+,Totale,108.2936,44268189695.15,789988.976,15706704132.82
ES,2023,N,mancante,Totale,749.286,1760435170.0,25981.792,624616334.0
ES,2023,N,1-19,TFP,21399.7497,13767469478.52,145886.0928,4884807154.89
ES,2023,N,20-249,TFP,564.2826,11428410702.39,143985.2064,4054890585.02
ES,2023,N,250+,TFP,64.9762,26560913817.09,473993.3856,9424022479.69
ES,2023,N,mancante,TFP,449.5716,1056261102.0,15589.0752,374769800.4
ES,2023,O,1-19,Totale,3920.4744,582174736.46,1998.9804,89677683.52
ES,2023,O,20-249,Totale,599.602,1018805788.8,3498.2157,156935946.16
ES,2023,O,250+,Totale,92.2465,1309893157.03,4497.706,201774787.92
ES,2023,O,mancante,Totale,94.129,59405585.35,203.9776,9150784.03
ES,2023,O,1-19,TFP,2352.2846,349304841.87,1199.3883,53806610.11
ES,2023,O,20-249,TFP,359.7612,611283473.28,2098.9294,94161567.7
ES,2023,O,250+,TFP,55.3479,785935894.22,2698.6236,121064872.75
ES,2023,O,mancante,TFP,56.4774,35643351.21,122.3866,5490470.42
ES,2023,P,1-19,Totale,18475.5549,5617490986.54,165477.6251,3023359657.98
ES,2023,P,20-249,Totale,578.0574,6676391731.85,165262.8087,3593264941.83
ES,2023,P,250+,Totale,24.9297,4517448391.61,83608.2702,2431311640.19
ES,2023,P,mancante,Totale,389.358,343088390.0,8456.096,184651760.0
ES,2023,P,1-19,TFP,11085.333,3370494591.92,99286.5751,1814015794.79
ES,2023,P,20-249,TFP,346.8344,4005835039.11,99157.6852,2155958965.1
ES,2023,P,250+,TFP,14.9578,2710469034.96,50164.9621,1458786984.11
ES,2023,P,mancante,TFP,233.6148,205853034.0,5073.6576,110791056.0
ES,2023,Q,1-19,Totale,26795.894,14657856684.55,240518.9273,5808228505.57
ES,2023,Q,20-249,Totale,565.6976,7656842894.07,155327.8232,3034051575.01
ES,2023,Q,250+,Totale,50.5275,20899674421.38,299236.6735,8281571265.42
ES,2023,Q,mancante,Totale,559.431,881926000.0,14185.376,349466354.0
ES,2023,Q,1-19,TFP,16077.5364,8794714010.73,144311.3564,3484937103.34
ES,2023,Q,20-249,TFP,339.4186,4594105736.44,93196.6939,1820430945.0
ES,2023,Q,250+,TFP,30.3165,12539804652.83,179542.0041,4968942759.25
ES,2023,Q,mancante,TFP,335.6586,529155600.0,8511.2256,209679812.4
ES,2023,R,1-19,Totale,20709.948,10548297602.62,139085.52,1834809530.43
ES,2023,R,20-249,Totale,401.1848,14522557994.54,80582.656,2526106943.36
ES,2023,R,250+,Totale,20.7052,20160461302.84,71502.368,3506784500.2
ES,2023,R,mancante,Totale,431.262,923088100.0,5942.256,160565326.0
ES,2023,R,1-19,TFP,12425.9688,6328978561.57,83451.312,1100885718.26
ES,2023,R,20-249,TFP,240.7109,8713534796.72,48349.5936,1515664166.02
ES,2023,R,250+,TFP,12.4231,12096276781.7,42901.4208,2104070700.12
ES,2023,R,mancante,TFP,258.7572,553852860.0,3565.3536,96339195.6
ES,2023,S,1-19,Totale,1425.419,214047212.05,7885.1994,57768163.81
ES,2023,S,20-249,Totale,218.0053,374582621.08,13799.0989,101094286.67
ES,2023,S,250+,Totale,33.5393,481606227.1,17741.6986,129978368.58
ES,2023,S,mancante,Totale,34.2237,21841552.25,804.6122,5894710.59
ES,2023,S,1-19,TFP,855.2514,128428327.23,4731.1196,34660898.29
ES,2023,S,20-249,TFP,130.8032,224749572.65,8279.4594,60656572.0
ES,2023,S,250+,TFP,20.1236,288963736.26,10645.0192,77987021.15
ES,2023,S,mancante,TFP,20.5342,13104931.35,482.7673,3536826.36
GB,2005,A,1-19,Totale,139.2599,883227764.16,4632.6928,164957180.11
GB,2005,A,20-249,Totale,21.2986,1545648587.27,8107.2124,288675065.19
GB,2005,A,250+,Totale,3.2767,1987262469.35,10423.5588,371153655.25
GB,2005,A,mancante,Totale,3.3436,90125282.06,472.7238,16832365.32
GB,2005,A,1-19,TFP,83.5559,529936658.49,2779.6157,98974308.07
GB,2005,A,20-249,TFP,12.7791,927389152.36,4864.3275,173205039.11
GB,2005,A,250+,TFP,1.966,1192357481.61,6254.1353,222692193.15
GB,2005,A,mancante,TFP,2.0061,54075169.23,283.6343,10099419.19
GB,2005,B,1-19,Totale,2338.8238,8849002120.0,8207.5823,623577136.0
GB,2005,B,20-249,Totale,357.7025,15485753710.0,14363.2691,1091259988.0
GB,2005,B,250+,Totale,55.0311,19910254770.0,18467.0602,1403048556.0
GB,2005,B,mancante,Totale,56.1542,902959400.0,837.5084,63630320.0
GB,2005,B,1-19,TFP,1403.2943,5309401272.0,4924.5494,374146281.6
GB,2005,B,20-249,TFP,214.6215,9291452226.0,8617.9614,654755992.8
GB,2005,B,250+,TFP,33.0187,11946152862.0,11080.2361,841829133.6
GB,2005,B,mancante,TFP,33.6925,541775640.0,502.505,38178192.0
GB,2005,C,1-19,Totale,83329.5057,44680689200.0,369849.8417,7890954121.41
GB,2005,C,20-249,Totale,12896.7999,135009739200.0,743813.143,23843760627.81
GB,2005,C,250+,Totale,1207.6464,288542301600.0,858385.4488,50958794610.78
GB,2005,C,mancante,Totale,1988.448,9555770000.0,40245.8864,1687622640.0
GB,2005,C,1-19,TFP,49997.7034,26808413520.0,221909.905,4734572472.84
GB,2005,C,20-249,TFP,7738.08,81005843520.0,446287.8858,14306256376.69
GB,2005,C,250+,TFP,724.5878,173125380960.0,515031.2693,30575276766.47
GB,2005,C,mancante,TFP,1193.0688,5733462000.0,24147.5318,1012573584.0
GB,2005,D,1-19,Totale,387.2725,12440417920.0,15979.637,894068896.0
GB,2005,D,20-249,Totale,59.2299,21770731360.0,27964.3647,1564620568.0
GB,2005,D,250+,Totale,9.1123,27990940320.0,35954.1832,2011655016.0
GB,2005,D,mancante,Totale,9.2983,1269430400.0,1630.5752,91231520.0
GB,2005,D,1-19,TFP,232.3635,7464250752.0,9587.7822,536441337.6
GB,2005,D,20-249,TFP,35.5379,13062438816.0,16778.6188,938772340.8
GB,2005,D,250+,TFP,5.4674,16794564192.0,21572.5099,1206993009.6
GB,2005,D,mancante,TFP,5.579,761658240.0,978.3451,54738912.0
GB,2005,E,1-19,Totale,985.3397,543553525.6,7465.7053,41997896.09
GB,2005,E,20-249,Totale,150.699,951218669.8,13064.9842,73496318.16
GB,2005,E,250+,Totale,23.1845,1222995432.6,16797.8369,94495266.21
GB,2005,E,mancante,Totale,23.6576,55464645.47,761.8067,4285499.6
GB,2005,E,1-19,TFP,591.2038,326132115.36,4479.4232,25198737.65
GB,2005,E,20-249,TFP,90.4194,570731201.88,7838.9905,44097790.9
GB,2005,E,250+,TFP,13.9107,733797259.56,10078.7021,56697159.72
GB,2005,E,mancante,TFP,14.1946,33278787.28,457.084,2571299.76
GB,2005,F,1-19,Totale,98597.5452,33573965040.0,169156.9337,5863560304.0
GB,2005,F,20-249,Totale,15079.6246,58754438820.0,296024.6339,10261230532.0
GB,2005,F,250+,Totale,2319.9422,75541421340.0,380603.1008,13193010684.0
GB,2005,F,mancante,Totale,2367.288,3425914800.0,17260.9116,598322480.0
GB,2005,F,1-19,TFP,59158.5271,20144379024.0,101494.1602,3518136182.4
GB,2005,F,20-249,TFP,9047.7747,35252663292.0,177614.7804,6156738319.2
GB,2005,F,250+,TFP,1391.9653,45324852804.0,228361.8605,7915806410.4
GB,2005,F,mancante,TFP,1420.3728,2055548880.0,10356.547,358993488.0
GB,2005,G,1-19,Totale,186820.7418,186368007280.0,601276.8283,14714778400.0
GB,2005,G,20-249,Totale,28572.584,326144012740.0,1052234.4496,25750862200.0
GB,2005,G,250+,Totale,4395.7822,419328016380.0,1352872.8637,33108251400.0
GB,2005,G,mancante,Totale,4485.492,19017143600.0,61354.7784,1501508000.0
GB,2005,G,1-19,TFP,112092.4451,111820804368.0,360766.097,8828867040.0
GB,2005,G,20-249,TFP,17143.5504,195686407644.0,631340.6697,15450517320.0
GB,2005,G,250+,TFP,2637.4693,251596809828.0,811723.7182,19864950840.0
GB,2005,G,mancante,TFP,2691.2952,11410286160.0,36812.867,900904800.0
GB,2005,H,1-19,Totale,37585.7097,42746580800.0,198624.0754,8550605056.0
GB,2005,H,20-249,Totale,5748.4027,74806516400.0,347592.132,14963558848.0
GB,2005,H,250+,Totale,884.3696,96179806800.0,446904.1697,19238861376.0
GB,2005,H,mancante,Totale,902.418,4361896000.0,20267.7628,872510720.0
GB,2005,H,1-19,TFP,22551.4258,25647948480.0,119174.4453,5130363033.6
GB,2005,H,20-249,TFP,3449.0416,44883909840.0,208555.2792,8978135308.8
GB,2005,H,250+,TFP,530.6218,57707884080.0,268142.5018,11543316825.6
GB,2005,H,mancante,TFP,541.4508,2617137600.0,12160.6577,523506432.0
GB,2005,I,1-19,Totale,83632.5336,12388323080.0,232809.2312,3199253120.0
GB,2005,I,20-249,Totale,12790.8581,21679565390.0,407416.1546,5598692960.0
GB,2005,I,250+,Totale,1967.8243,27873726930.0,523820.7702,7198319520.0
GB,2005,I,mancante,Totale,2007.984,1264114600.0,23756.044,326454400.0
GB,2005,I,1-19,TFP,50179.5202,7432993848.0,139685.5387,1919551872.0
GB,2005,I,20-249,TFP,7674.5148,13007739234.0,244449.6928,3359215776.0
GB,2005,I,250+,TFP,1180.6946,16724236158.0,314292.4621,4318991712.0
GB,2005,I,mancante,TFP,1204.7904,758468760.0,14253.6264,195872640.0
GB,2005,J,1-19,Totale,2487.1077,839378757.77,7413.4271,109103773.54
GB,2005,J,20-249,Totale,380.3812,1468912826.1,12973.4975,190931603.7
GB,2005,J,250+,Totale,58.5202,1888602204.99,16680.2111,245483490.48
GB,2005,J,mancante,Totale,59.7145,85650893.65,756.4722,11133038.12
GB,2005,J,1-19,TFP,1492.2646,503627254.66,4448.0563,65462264.13
GB,2005,J,20-249,TFP,228.2287,881347695.66,7784.0985,114558962.22
GB,2005,J,250+,TFP,35.1121,1133161322.99,10008.1267,147290094.29
GB,2005,J,mancante,TFP,35.8287,51390536.19,453.8833,6679822.87
GB,2005,K,1-19,Totale,14615.9013,271084480.54,5151.7583,160499115.23
GB,2005,K,20-249,Totale,2235.3731,474397840.94,9015.577,280873451.65
GB,2005,K,250+,Totale,343.9036,609940081.21,11591.4561,361123009.27
GB,2005,K,mancante,Totale,350.922,27661681.69,525.6896,16377460.74
GB,2005,K,1-19,TFP,8769.5408,162650688.32,3091.055,96299469.14
GB,2005,K,20-249,TFP,1341.2239,284638704.56,5409.3462,168524070.99
GB,2005,K,250+,TFP,206.3421,365964048.73,6954.8737,216673805.56
GB,2005,K,mancante,TFP,210.5532,16597009.01,315.4138,9826476.44
GB,2005,L,1-19,Totale,372005.8881,67756261160.0,580361.6566,20176192960.0
GB,2005,L,20-249,Totale,56895.0182,118573457030.0,1015632.899,35308337680.0
GB,2005,L,250+,Totale,8753.0797,152451587610.0,1305813.7273,45396434160.0
GB,2005,L,mancante,Totale,8931.714,6913904200.0,59220.5772,2058795200.0
GB,2005,L,1-19,TFP,223203.5329,40653756696.0,348216.9939,12105715776.0
GB,2005,L,20-249,TFP,34137.0109,71144074218.0,609379.7394,21185002608.0
GB,2005,L,250+,TFP,5251.8478,91470952566.0,783488.2364,27237860496.0
GB,2005,L,mancante,TFP,5359.0284,4148342520.0,35532.3463,1235277120.0
GB,2005,M,1-19,Totale,3271.828,479583110.75,878.0215,167102954.7
GB,2005,M,20-249,Totale,500.3972,839270443.81,1536.5376,292430170.73
GB,2005,M,250+,Totale,76.9842,1079061999.18,1975.5483,375981648.08
GB,2005,M,mancante,Totale,78.5553,48937052.12,89.594,17051321.91
GB,2005,M,1-19,TFP,1963.0968,287749866.45,526.8129,100261772.82
GB,2005,M,20-249,TFP,300.2383,503562266.28,921.9225,175458102.44
GB,2005,M,250+,TFP,46.1905,647437199.51,1185.329,225588988.85
GB,2005,M,mancante,TFP,47.1332,29362231.27,53.7564,10230793.15
GB,2005,N,1-19,Totale,3691.5776,163474043.59,4217.2849,43491142.07
GB,2005,N,20-249,Totale,564.5942,286079576.28,7380.2486,76109498.63
GB,2005,N,250+,Totale,86.8606,367816598.07,9488.891,97855069.66
GB,2005,N,mancante,Totale,88.6333,16681024.86,430.3352,4437871.64
GB,2005,N,1-19,TFP,2214.9465,98084426.15,2530.3709,26094685.24
GB,2005,N,20-249,TFP,338.7565,171647745.77,4428.1491,45665699.18
GB,2005,N,250+,TFP,52.1164,220689958.84,5693.3346,58713041.8
GB,2005,N,mancante,TFP,53.18,10008614.91,258.2011,2662722.98
GB,2005,O,1-19,Totale,4124.8749,675256432.86,9125.0151,93258403.57
GB,2005,O,20-249,Totale,630.8632,1181698757.5,15968.7765,163202206.24
GB,2005,O,250+,Totale,97.0559,1519326973.93,20531.2841,209831408.02
GB,2005,O,mancante,Totale,99.0366,68903717.64,931.124,9516163.63
GB,2005,O,1-19,TFP,2474.9249,405153859.71,5475.0091,55955042.14
GB,2005,O,20-249,TFP,378.5179,709019254.5,9581.2659,97921323.74
GB,2005,O,250+,TFP,58.2335,911596184.36,12318.7704,125898844.81
GB,2005,O,mancante,TFP,59.422,41342230.58,558.6744,5709698.18
GB,2005,P,1-19,Totale,2494.7262,165137099.51,2432.456,146314151.48
GB,2005,P,20-249,Totale,381.5464,288989924.15,4256.7981,256049765.09
GB,2005,P,250+,Totale,58.6994,371558473.9,5473.0261,329206840.82
GB,2005,P,mancante,Totale,59.8974,16850724.44,248.2098,14930015.46
GB,2005,P,1-19,TFP,1496.8357,99082259.71,1459.4736,87788490.89
GB,2005,P,20-249,TFP,228.9278,173393954.49,2554.0788,153629859.05
GB,2005,P,250+,TFP,35.2197,222935084.34,3283.8156,197524104.49
GB,2005,P,mancante,TFP,35.9384,10110434.66,148.9259,8958009.27
GB,2005,Q,1-19,Totale,1994.6619,910078595.77,3782.7942,19960811.31
GB,2005,Q,20-249,Totale,305.0659,1592637542.59,6619.8899,34931419.79
GB,2005,Q,250+,Totale,46.9332,2047676840.47,8511.287,44911825.45
GB,2005,Q,mancante,Totale,47.891,92865162.83,385.9994,2036817.48
GB,2005,Q,1-19,TFP,1196.7971,546047157.46,2269.6765,11976486.79
GB,2005,Q,20-249,TFP,183.0396,955582525.55,3971.934,20958851.88
GB,2005,Q,250+,TFP,28.1599,1228606104.28,5106.7722,26947095.27
GB,2005,Q,mancante,TFP,28.7346,55719097.7,231.5996,1222090.49
GB,2005,R,1-19,Totale,909.1502,219876120.76,1709.2941,53228341.6
GB,2005,R,20-249,Totale,139.0465,384783211.32,2991.2647,93149597.8
GB,2005,R,250+,Totale,21.3918,494721271.7,3845.9118,119763768.6
GB,2005,R,mancante,Totale,21.8283,22436338.85,174.4178,5431463.43
GB,2005,R,1-19,TFP,545.4901,131925672.45,1025.5765,31937004.96
GB,2005,R,20-249,TFP,83.4279,230869926.79,1794.7588,55889758.68
GB,2005,R,250+,TFP,12.8351,296832763.02,2307.5471,71858261.16
GB,2005,R,mancante,TFP,13.097,13461803.31,104.6507,3258878.06
GB,2005,S,1-19,Totale,199.1907,469921588.69,5614.5339,149208387.96
GB,2005,S,20-249,Totale,30.4645,822362780.22,9825.4343,261114678.93
GB,2005,S,250+,Totale,4.6868,1057323574.56,12632.7013,335718872.91
GB,2005,S,mancante,Totale,4.7825,47951182.52,572.9116,15225345.71
GB,2005,S,1-19,TFP,119.5144,281952953.22,3368.7203,89525032.78
GB,2005,S,20-249,TFP,18.2787,493417668.13,5895.2606,156668807.36
GB,2005,S,250+,TFP,2.8121,634394144.74,7579.6208,201431323.75
GB,2005,S,mancante,TFP,2.8695,28770709.51,343.747,9135207.43
GB,2006,A,1-19,Totale,484.6032,152598820.57,3504.0335,85598010.53
GB,2006,A,20-249,Totale,74.1158,267047936.0,6132.0587,149796518.43
GB,2006,A,250+,Totale,11.4024,343347346.29,7884.0755,192595523.7
GB,2006,A,mancante,Totale,11.6351,15571308.22,357.5544,8734490.87
GB,2006,A,1-19,TFP,290.7619,91559292.34,2102.4201,51358806.32
GB,2006,A,20-249,TFP,44.4695,160228761.6,3679.2352,89877911.06
GB,2006,A,250+,TFP,6.8415,206008407.77,4730.4453,115557314.22
GB,2006,A,mancante,TFP,6.9811,9342784.93,214.5327,5240694.52
GB,2006,B,1-19,Totale,791.6832,9792663720.0,7975.8437,656390672.0
GB,2006,B,20-249,Totale,121.081,17137161510.0,13957.7264,1148683676.0
GB,2006,B,250+,Totale,18.6278,22033493370.0,17945.6483,1476879012.0
GB,2006,B,mancante,Totale,19.008,999251400.0,813.8616,66978640.0
GB,2006,B,1-19,TFP,475.0099,5875598232.0,4785.5062,393834403.2
GB,2006,B,20-249,TFP,72.6486,10282296906.0,8374.6359,689210205.6
GB,2006,B,250+,TFP,11.1767,13220096022.0,10767.389,886127407.2
GB,2006,B,mancante,TFP,11.4048,599550840.0,488.317,40187184.0
GB,2006,C,1-19,Totale,81397.8455,45490855200.0,354070.6437,7955497265.42
GB,2006,C,20-249,Totale,12286.5618,139733603800.0,723751.2037,24436786207.48
GB,2006,C,250+,Totale,1133.2387,302007727000.0,830756.6902,52815486447.11
GB,2006,C,mancante,Totale,1935.054,9943514000.0,38950.5824,1738934080.0
GB,2006,C,1-19,TFP,48838.7073,27294513120.0,212442.3862,4773298359.25
GB,2006,C,20-249,TFP,7371.9371,83840162280.0,434250.7222,14662071724.49
GB,2006,C,250+,TFP,679.9432,181204636200.0,498454.0141,31689291868.27
GB,2006,C,mancante,TFP,1161.0324,5966108400.0,23370.3494,1043360448.0
GB,2006,D,1-19,Totale,302.379,14846919640.0,16607.6523,951672512.0
GB,2006,D,20-249,Totale,46.2462,25982109370.0,29063.3916,1665426896.0
GB,2006,D,250+,Totale,7.1148,33405569190.0,37367.2177,2141263152.0
GB,2006,D,mancante,Totale,7.26,1514991800.0,1694.6584,97109440.0
GB,2006,D,1-19,TFP,181.4274,8908151784.0,9964.5914,571003507.2
GB,2006,D,20-249,TFP,27.7477,15589265622.0,17438.0349,999256137.6
GB,2006,D,250+,TFP,4.2689,20043341514.0,22420.3306,1284757891.2
GB,2006,D,mancante,TFP,4.356,908995080.0,1016.795,58265664.0
GB,2006,E,1-19,Totale,2747.939,776004030.47,2640.4328,174475927.01
GB,2006,E,20-249,Totale,420.273,1358007053.32,4620.7575,305332872.26
GB,2006,E,250+,Totale,64.6574,1746009068.55,5940.9739,392570835.77
GB,2006,E,mancante,Totale,65.9769,79184084.74,269.4319,17803666.02
GB,2006,E,1-19,TFP,1648.7634,465602418.28,1584.2597,104685556.2
GB,2006,E,20-249,TFP,252.1638,814804231.99,2772.4545,183199723.36
GB,2006,E,250+,TFP,38.7944,1047605441.13,3564.5843,235542501.46
GB,2006,E,mancante,TFP,39.5862,47510450.84,161.6592,10682199.61
GB,2006,F,1-19,Totale,103163.4681,35215960920.0,169333.8668,6336464400.0
GB,2006,F,20-249,Totale,15777.9422,61627931610.0,296334.2669,11088812700.0
GB,2006,F,250+,Totale,2427.3757,79235912070.0,381001.2003,14257044900.0
GB,2006,F,mancante,Totale,2476.914,3593465400.0,17278.966,646578000.0
GB,2006,F,1-19,TFP,61898.0809,21129576552.0,101600.3201,3801878640.0
GB,2006,F,20-249,TFP,9466.7653,36976758966.0,177800.5601,6653287620.0
GB,2006,F,250+,TFP,1456.4254,47541547242.0,228600.7202,8554226940.0
GB,2006,F,mancante,TFP,1486.1484,2156079240.0,10367.3796,387946800.0
GB,2006,G,1-19,Totale,183772.2117,199443043800.0,577819.8227,15439195184.0
GB,2006,G,20-249,Totale,28106.3383,349025326650.0,1011184.6898,27018591572.0
GB,2006,G,250+,Totale,4324.052,448746848550.0,1300094.6011,34738189164.0
GB,2006,G,mancante,Totale,4412.298,20351331000.0,58961.2064,1575428080.0
GB,2006,G,1-19,TFP,110263.327,119665826280.0,346691.8936,9263517110.4
GB,2006,G,20-249,TFP,16863.803,209415195990.0,606710.8139,16211154943.2
GB,2006,G,250+,TFP,2594.4312,269248109130.0,780056.7607,20842913498.4
GB,2006,G,mancante,TFP,2647.3788,12210798600.0,35376.7238,945256848.0
GB,2006,H,1-19,Totale,38833.7103,44249867480.0,189631.96,8805196512.0
GB,2006,H,20-249,Totale,5939.2733,77437268090.0,331855.93,15409093896.0
GB,2006,H,250+,Totale,913.7344,99562201830.0,426671.91,19811692152.0
GB,2006,H,mancante,Totale,932.382,4515292600.0,19350.2,898489440.0
GB,2006,H,1-19,TFP,23300.2262,26549920488.0,113779.176,5283117907.2
GB,2006,H,20-249,TFP,3563.564,46462360854.0,199113.558,9245456337.6
GB,2006,H,250+,TFP,548.2406,59737321098.0,256003.146,11887015291.2
GB,2006,H,mancante,TFP,559.4292,2709175560.0,11610.12,539093664.0
GB,2006,I,1-19,Totale,83019.5289,12939153640.0,234116.5434,3255443968.0
GB,2006,I,20-249,Totale,12697.1044,22643518870.0,409703.9509,5697026944.0
GB,2006,I,250+,Totale,1953.4007,29113095690.0,526762.2226,7324748928.0
GB,2006,I,mancante,Totale,1993.266,1320321800.0,23889.4432,332188160.0
GB,2006,I,1-19,TFP,49811.7173,7763492184.0,140469.926,1953266380.8
GB,2006,I,20-249,TFP,7618.2627,13586111322.0,245822.3705,3418216166.4
GB,2006,I,250+,TFP,1172.0404,17467857414.0,316057.3335,4394849356.8
GB,2006,I,mancante,TFP,1195.9596,792193080.0,14333.6659,199312896.0
GB,2006,J,1-19,Totale,3362.3841,157650897.96,8907.9729,90409872.26
GB,2006,J,20-249,Totale,514.247,275889071.43,15588.9525,158217276.45
GB,2006,J,250+,Totale,79.1149,354714520.4,20042.9389,203422212.58
GB,2006,J,mancante,Totale,80.7295,16086826.32,908.9768,9225497.17
GB,2006,J,1-19,TFP,2017.4304,94590538.77,5344.7837,54245923.35
GB,2006,J,20-249,TFP,308.5482,165533442.86,9353.3715,94930365.87
GB,2006,J,250+,TFP,47.469,212828712.24,12025.7634,122053327.55
GB,2006,J,mancante,TFP,48.4377,9652095.79,545.3861,5535298.3
GB,2006,K,1-19,Totale,14244.7998,735116865.34,2966.3012,97022345.18
GB,2006,K,20-249,Totale,2178.6164,1286454514.35,5191.0271,169789104.06
GB,2006,K,250+,Totale,335.1718,1654012947.02,6674.1777,218300276.64
GB,2006,K,mancante,Totale,342.012,75011925.04,302.6838,9900239.3
GB,2006,K,1-19,TFP,8546.8799,441070119.21,1779.7807,58213407.11
GB,2006,K,20-249,TFP,1307.1699,771872708.61,3114.6163,101873462.43
GB,2006,K,250+,TFP,201.1031,992407768.21,4004.5066,130980165.99
GB,2006,K,mancante,TFP,205.2072,45007155.02,181.6103,5940143.58
GB,2006,L,1-19,Totale,392955.255,72818886280.0,578256.6871,22288734272.0
GB,2006,L,20-249,Totale,60099.039,127433050990.0,1011949.2025,39005284976.0
GB,2006,L,250+,Totale,9246.006,163842494130.0,1301077.546,50149652112.0
GB,2006,L,mancante,Totale,9434.7,7430498600.0,59005.7844,2274360640.0
GB,2006,L,1-19,TFP,235773.153,43691331768.0,346954.0123,13373240563.2
GB,2006,L,20-249,TFP,36059.4234,76459830594.0,607169.5215,23403170985.6
GB,2006,L,250+,TFP,5547.6036,98305496478.0,780646.5276,30089791267.2
GB,2006,L,mancante,TFP,5660.82,4458299160.0,35403.4706,1364616384.0
GB,2006,M,1-19,Totale,3828.3951,141930987.46,577.6868,72507658.67
GB,2006,M,20-249,Totale,585.5193,248379228.06,1010.9518,126888402.67
GB,2006,M,250+,Totale,90.0799,319344721.8,1299.7952,163142232.01
GB,2006,M,mancante,Totale,91.9183,14482753.82,58.9476,7398740.68
GB,2006,M,1-19,TFP,2297.0371,85158592.48,346.6121,43504595.2
GB,2006,M,20-249,TFP,351.3116,149027536.84,606.5711,76133041.6
GB,2006,M,250+,TFP,54.0479,191606833.08,779.8771,97885339.21
GB,2006,M,mancante,TFP,55.151,8689652.29,35.3686,4439244.41
GB,2006,N,1-19,Totale,3990.508,746366898.43,7539.5355,85752693.66
GB,2006,N,20-249,Totale,610.313,1306142072.25,13194.1872,150067213.9
GB,2006,N,250+,Totale,93.8943,1679325521.47,16963.9549,192943560.73
GB,2006,N,mancante,Totale,95.8105,76159887.59,769.3404,8750274.86
GB,2006,N,1-19,TFP,2394.3048,447820139.06,4523.7213,51451616.19
GB,2006,N,20-249,TFP,366.1878,783685243.35,7916.5123,90040328.34
GB,2006,N,250+,TFP,56.3366,1007595312.88,10178.373,115766136.44
GB,2006,N,mancante,TFP,57.4863,45695932.56,461.6042,5250164.92
GB,2006,O,1-19,Totale,1040.0048,597528517.63,6005.971,159855939.01
GB,2006,O,20-249,Totale,159.0596,1045674905.85,10510.4492,279747893.27
GB,2006,O,250+,Totale,24.4707,1344439164.66,13513.4347,359675862.77
GB,2006,O,mancante,Totale,24.9701,60972297.72,612.8542,16311830.51
GB,2006,O,1-19,TFP,624.0029,358517110.58,3603.5826,95913563.41
GB,2006,O,20-249,TFP,95.4357,627404943.51,6306.2695,167848735.96
GB,2006,O,250+,TFP,14.6824,806663498.8,8108.0608,215805517.66
GB,2006,O,mancante,TFP,14.9821,36583378.63,367.7125,9787098.31
GB,2006,P,1-19,Totale,2669.6966,293621974.41,5456.4667,104934113.07
GB,2006,P,20-249,Totale,408.3065,513838455.22,9548.8167,183634697.87
GB,2006,P,250+,Totale,62.8164,660649442.43,12277.05,236101754.41
GB,2006,P,mancante,Totale,64.0984,29961425.96,556.7823,10707562.56
GB,2006,P,1-19,TFP,1601.818,176173184.65,3273.88,62960467.84
GB,2006,P,20-249,TFP,244.9839,308303073.13,5729.29,110180818.72
GB,2006,P,250+,TFP,37.6898,396389665.46,7366.23,141661052.64
GB,2006,P,mancante,TFP,38.459,17976855.58,334.0694,6424537.53
GB,2006,Q,1-19,Totale,2077.4095,187443187.98,2895.3553,59994423.99
GB,2006,Q,20-249,Totale,317.7215,328025578.96,5066.8718,104990241.99
GB,2006,Q,250+,Totale,48.8802,421747172.95,6514.5494,134987453.98
GB,2006,Q,mancante,Totale,49.8778,19126855.92,295.4444,6121880.0
GB,2006,Q,1-19,TFP,1246.4457,112465912.79,1737.2132,35996654.39
GB,2006,Q,20-249,TFP,190.6329,196815347.38,3040.1231,62994145.19
GB,2006,Q,250+,TFP,29.3281,253048303.77,3908.7297,80992472.39
GB,2006,Q,mancante,TFP,29.9267,11476113.55,177.2667,3673128.0
GB,2006,R,1-19,Totale,1762.9047,617172884.93,4337.7023,158736961.13
GB,2006,R,20-249,Totale,269.6207,1080052548.63,7590.979,277789681.98
GB,2006,R,250+,Totale,41.4801,1388638991.09,9759.8301,357158162.54
GB,2006,R,mancante,Totale,42.3266,62976824.99,442.6227,16197649.09
GB,2006,R,1-19,TFP,1057.7428,370303730.96,2602.6214,95242176.68
GB,2006,R,20-249,TFP,161.7724,648031529.18,4554.5874,166673809.19
GB,2006,R,250+,TFP,24.8881,833183394.66,5855.8981,214294897.53
GB,2006,R,mancante,TFP,25.396,37786095.0,265.5736,9718589.46
GB,2006,S,1-19,Totale,3968.5423,571071840.22,1365.5613,98133767.35
GB,2006,S,20-249,Totale,606.9535,999375720.38,2389.7322,171734092.87
GB,2006,S,250+,Totale,93.3775,1284911640.49,3072.5128,220800976.54
GB,2006,S,mancante,Totale,95.2831,58272636.76,139.343,10013649.73
GB,2006,S,1-19,TFP,2381.1254,342643104.13,819.3368,58880260.41
GB,2006,S,20-249,TFP,364.1721,599625432.23,1433.8393,103040455.72
GB,2006,S,250+,TFP,56.0265,770946984.3,1843.5077,132480585.92
GB,2006,S,mancante,TFP,57.1699,34963582.05,83.6058,6008189.84
GB,2007,A,1-19,Totale,2359.0503,885206292.83,316.278,173774446.46
GB,2007,A,20-249,Totale,360.7959,1549111012.46,553.4866,304105281.3
GB,2007,A,250+,Totale,55.5071,1991714158.87,711.6256,390992504.53
GB,2007,A,mancante,Totale,56.6399,90327172.74,32.2733,17732086.37
GB,2007,A,1-19,TFP,1415.4302,531123775.7,189.7668,104264667.88
GB,2007,A,20-249,TFP,216.4776,929466607.47,332.0919,182463168.78
GB,2007,A,250+,TFP,33.3042,1195028495.32,426.9754,234595502.72
GB,2007,A,mancante,TFP,33.9839,54196303.64,19.364,10639251.82
GB,2007,B,1-19,Totale,794.4321,9958428760.0,7301.2862,664294176.0
GB,2007,B,20-249,Totale,121.5014,17427250330.0,12777.2508,1162514808.0
GB,2007,B,250+,Totale,18.6925,22406464710.0,16427.8939,1494661896.0
GB,2007,B,mancante,Totale,19.074,1016166200.0,745.0292,67785120.0
GB,2007,B,1-19,TFP,476.6593,5975057256.0,4380.7717,398576505.6
GB,2007,B,20-249,TFP,72.9008,10456350198.0,7666.3505,697508884.8
GB,2007,B,250+,TFP,11.2155,13443878826.0,9856.7363,896797137.6
GB,2007,B,mancante,TFP,11.4444,609699720.0,447.0175,40671072.0
GB,2007,C,1-19,Totale,80810.5574,47382493772.3,345531.4754,8004132414.83
GB,2007,C,20-249,Totale,12100.0877,143144787981.61,709184.0603,24180868212.7
GB,2007,C,250+,Totale,1108.2029,315165027046.1,811959.8679,53239549212.47
GB,2007,C,mancante,Totale,1918.752,10320251200.0,38095.4164,1743358160.0
GB,2007,C,1-19,TFP,48486.3344,28429496263.38,207318.8852,4802479448.9
GB,2007,C,20-249,TFP,7260.0526,85886872788.96,425510.4362,14508520927.62
GB,2007,C,250+,TFP,664.9217,189099016227.66,487175.9208,31943729527.48
GB,2007,C,mancante,TFP,1151.2512,6192150720.0,22857.2498,1046014896.0
GB,2007,D,1-19,Totale,338.1147,15712500720.0,18475.4147,1031747136.0
GB,2007,D,20-249,Totale,51.7117,27496876260.0,32331.9758,1805557488.0
GB,2007,D,250+,Totale,7.9556,35353126620.0,41569.6831,2321431056.0
GB,2007,D,mancante,Totale,8.118,1603316400.0,1885.2464,105280320.0
GB,2007,D,1-19,TFP,202.8688,9427500432.0,11085.2488,619048281.6
GB,2007,D,20-249,TFP,31.027,16498125756.0,19399.1855,1083334492.8
GB,2007,D,250+,TFP,4.7734,21211875972.0,24941.8099,1392858633.6
GB,2007,D,mancante,TFP,4.8708,961989840.0,1131.1478,63168192.0
GB,2007,E,1-19,Totale,3713.5234,818458916.4,2421.2119,29871084.89
GB,2007,E,20-249,Totale,567.9506,1432303103.7,4237.1209,52274398.56
GB,2007,E,250+,Totale,87.377,1841532561.9,5447.7268,67209941.0
GB,2007,E,mancante,Totale,89.1602,83516215.96,247.0624,3048069.89
GB,2007,E,1-19,TFP,2228.114,491075349.84,1452.7272,17922650.93
GB,2007,E,20-249,TFP,340.7704,859381862.22,2542.2725,31364639.13
GB,2007,E,250+,TFP,52.4262,1104919537.14,3268.6361,40325964.6
GB,2007,E,mancante,TFP,53.4961,50109729.58,148.2375,1828841.93
GB,2007,F,1-19,Totale,114818.8041,39332125560.0,173836.1828,7047766432.0
GB,2007,F,20-249,Totale,17560.523,68831219730.0,304213.3199,12333591256.0
GB,2007,F,250+,Totale,2701.6189,88497282510.0,391131.4113,15857474472.0
GB,2007,F,mancante,Totale,2756.754,4013482200.0,17738.386,719159840.0
GB,2007,F,1-19,TFP,68891.2825,23599275336.0,104301.7097,4228659859.2
GB,2007,F,20-249,TFP,10536.3138,41298731838.0,182527.9919,7400154753.6
GB,2007,F,250+,TFP,1620.9714,53098369506.0,234678.8468,9514484683.2
GB,2007,F,mancante,TFP,1654.0524,2408089320.0,10643.0316,431495904.0
GB,2007,G,1-19,Totale,184143.3132,211719068680.0,595026.4471,16146911984.0
GB,2007,G,20-249,Totale,28163.095,370508370190.0,1041296.2825,28257095972.0
GB,2007,G,250+,Totale,4332.7838,476367904530.0,1338809.506,36330551964.0
GB,2007,G,mancante,Totale,4421.208,21603986600.0,60716.9844,1647644080.0
GB,2007,G,1-19,TFP,110485.9879,127031441208.0,357015.8683,9688147190.4
GB,2007,G,20-249,TFP,16897.857,222305022114.0,624777.7695,16954257583.2
GB,2007,G,250+,TFP,2599.6703,285820742718.0,803285.7036,21798331178.4
GB,2007,G,mancante,TFP,2652.7248,12962391960.0,36430.1906,988586448.0
GB,2007,H,1-19,Totale,40801.9227,46012901200.0,194428.3544,9213033312.0
GB,2007,H,20-249,Totale,6240.2941,80522577100.0,340249.6202,16122808296.0
GB,2007,H,250+,Totale,960.0452,103529027700.0,437463.7974,20729324952.0
GB,2007,H,mancante,Totale,979.638,4695194000.0,19839.628,940105440.0
GB,2007,H,1-19,TFP,24481.1536,27607740720.0,116657.0126,5527819987.2
GB,2007,H,20-249,TFP,3744.1764,48313546260.0,204149.7721,9673684977.6
GB,2007,H,250+,TFP,576.0271,62117416620.0,262478.2784,12437594971.2
GB,2007,H,mancante,TFP,587.7828,2817116400.0,11903.7768,564063264.0
GB,2007,I,1-19,Totale,83613.2913,13138642440.0,234696.0722,3526855360.0
GB,2007,I,20-249,Totale,12787.9151,22992624270.0,410718.1264,6171996880.0
GB,2007,I,250+,Totale,1967.3716,29561945490.0,528066.1625,7935424560.0
GB,2007,I,mancante,Totale,2007.522,1340677800.0,23948.5788,359883200.0
GB,2007,I,1-19,TFP,50167.9748,7883185464.0,140817.6433,2116113216.0
GB,2007,I,20-249,TFP,7672.7491,13795574562.0,246430.8759,3703198128.0
GB,2007,I,250+,TFP,1180.4229,17737167294.0,316839.6975,4761254736.0
GB,2007,I,mancante,TFP,1204.5132,804406680.0,14369.1473,215929920.0
GB,2007,J,1-19,Totale,1641.5261,529268543.87,2714.1403,60676415.2
GB,2007,J,20-249,Totale,251.0569,926219951.77,4749.7456,106183726.6
GB,2007,J,250+,Totale,38.6241,1190854223.7,6106.8157,136521934.2
GB,2007,J,mancante,Totale,39.4124,54006994.27,276.9531,6191470.94
GB,2007,J,1-19,TFP,984.9157,317561126.32,1628.4842,36405849.12
GB,2007,J,20-249,TFP,150.6342,555731971.06,2849.8473,63710235.96
GB,2007,J,250+,TFP,23.1745,714512534.22,3664.0894,81913160.52
GB,2007,J,mancante,TFP,23.6474,32404196.56,166.1719,3714882.56
GB,2007,K,1-19,Totale,14247.5487,292735884.16,2575.1187,114458450.99
GB,2007,K,20-249,Totale,2179.0369,512287797.28,4506.4577,200302289.24
GB,2007,K,250+,Totale,335.2364,658655739.36,5794.017,257531514.73
GB,2007,K,mancante,Totale,342.078,29871008.59,262.7672,11679433.77
GB,2007,K,1-19,TFP,8548.5292,175641530.5,1545.0712,68675070.6
GB,2007,K,20-249,TFP,1307.4221,307372678.37,2703.8746,120181373.54
GB,2007,K,250+,TFP,201.1419,395193443.62,3476.4102,154518908.84
GB,2007,K,mancante,TFP,205.2468,17922605.15,157.6603,7007660.26
GB,2007,L,1-19,Totale,434144.7726,81186179200.0,606897.2498,24324679568.0
GB,2007,L,20-249,Totale,66398.6123,142075813600.0,1062070.1872,42568189244.0
GB,2007,L,250+,Totale,10215.1711,182668903200.0,1365518.8121,54730529028.0
GB,2007,L,mancante,Totale,10423.644,8284304000.0,61928.2908,2482110160.0
GB,2007,L,1-19,TFP,260486.8636,48711707520.0,364138.3499,14594807740.8
GB,2007,L,20-249,TFP,39839.1674,85245488160.0,637242.1123,25540913546.4
GB,2007,L,250+,TFP,6129.1027,109601341920.0,819311.2873,32838317416.8
GB,2007,L,mancante,TFP,6254.1864,4970582400.0,37156.9745,1489266096.0
GB,2007,M,1-19,Totale,740.5036,912405822.69,6395.9554,103503841.77
GB,2007,M,20-249,Totale,113.2535,1596710189.71,11192.9219,181131723.1
GB,2007,M,250+,Totale,17.4236,2052913101.06,14390.8996,232883643.98
GB,2007,M,mancante,Totale,17.7792,93102634.97,652.6485,10561616.51
GB,2007,M,1-19,TFP,444.3022,547443493.62,3837.5732,62102305.06
GB,2007,M,20-249,TFP,67.9521,958026113.83,6715.7532,108679033.86
GB,2007,M,250+,TFP,10.4542,1231747860.63,8634.5398,139730186.39
GB,2007,M,mancante,TFP,10.6675,55861580.98,391.5891,6336969.9
GB,2007,N,1-19,Totale,3643.9798,103555728.26,8406.663,154108404.25
GB,2007,N,20-249,Totale,557.3146,181222524.45,14711.6602,269689707.44
GB,2007,N,250+,Totale,85.7407,233000388.58,18914.9917,346743909.56
GB,2007,N,mancante,Totale,87.4905,10566911.05,857.8228,15725347.37
GB,2007,N,1-19,TFP,2186.3879,62133436.95,5043.9978,92465042.55
GB,2007,N,20-249,TFP,334.3887,108733514.67,8826.9961,161813824.46
GB,2007,N,250+,TFP,51.4444,139800233.15,11348.995,208046345.74
GB,2007,N,mancante,TFP,52.4943,6340146.63,514.6937,9435208.42
GB,2007,O,1-19,Totale,1930.1682,252336133.04,448.1388,94498560.62
GB,2007,O,20-249,Totale,295.2022,441588232.81,784.2429,165372481.09
GB,2007,O,250+,Totale,45.4157,567756299.33,1008.3123,212621761.4
GB,2007,O,mancante,Totale,46.3426,25748585.0,45.7284,9642710.27
GB,2007,O,1-19,TFP,1158.1009,151401679.82,268.8833,56699136.37
GB,2007,O,20-249,TFP,177.1213,264952939.69,470.5457,99223488.65
GB,2007,O,250+,TFP,27.2494,340653779.6,604.9874,127573056.84
GB,2007,O,mancante,TFP,27.8055,15449151.0,27.4371,5785626.16
GB,2007,P,1-19,Totale,2094.8206,549832661.67,7082.3577,155045840.73
GB,2007,P,20-249,Totale,320.3843,962207157.92,12394.126,271330221.28
GB,2007,P,250+,Totale,49.2899,1237123488.75,15935.3049,348853141.64
GB,2007,P,mancante,Totale,50.2958,56105373.64,722.6896,15821004.16
GB,2007,P,1-19,TFP,1256.8923,329899597.0,4249.4146,93027504.44
GB,2007,P,20-249,TFP,192.2306,577324294.75,7436.4756,162798132.77
GB,2007,P,250+,TFP,29.5739,742274093.25,9561.1829,209311884.98
GB,2007,P,mancante,TFP,30.1775,33663224.18,433.6137,9492602.49
GB,2007,Q,1-19,Totale,1090.0495,782295007.7,249.9314,52879842.99
GB,2007,Q,20-249,Totale,166.7135,1369016263.47,437.3799,92539725.23
GB,2007,Q,250+,Totale,25.6482,1760163767.32,562.3456,118979646.72
GB,2007,Q,mancante,Totale,26.1717,79826021.19,25.5032,5395902.35
GB,2007,Q,1-19,TFP,654.0297,469377004.62,149.9588,31727905.79
GB,2007,Q,20-249,TFP,100.0281,821409758.08,262.4279,55523835.14
GB,2007,Q,250+,TFP,15.3889,1056098260.39,337.4073,71387788.03
GB,2007,Q,mancante,TFP,15.703,47895612.72,15.3019,3237541.41
GB,2007,R,1-19,Totale,3492.2095,441629832.49,8469.9102,46909886.14
GB,2007,R,20-249,Totale,534.1026,772852206.85,14822.3429,82092300.75
GB,2007,R,250+,Totale,82.1696,993667123.09,19057.2981,105547243.82
GB,2007,R,mancante,Totale,83.8466,45064268.62,864.2766,4786723.08
GB,2007,R,1-19,TFP,2095.3257,264977899.49,5081.9461,28145931.69
GB,2007,R,20-249,TFP,320.4616,463711324.11,8893.4058,49255380.45
GB,2007,R,250+,TFP,49.3018,596200273.86,11434.3788,63328346.29
GB,2007,R,mancante,TFP,50.3079,27038561.17,518.5659,2872033.85
GB,2007,S,1-19,Totale,2028.0995,238033330.92,1703.2935,76321504.08
GB,2007,S,20-249,Totale,310.1799,416558329.11,2980.7636,133562632.14
GB,2007,S,250+,Totale,47.72,535574994.57,3832.4104,171723384.18
GB,2007,S,mancante,Totale,48.6939,24289115.4,173.8055,7787908.58
GB,2007,S,1-19,TFP,1216.8597,142819998.55,1021.9761,45792902.45
GB,2007,S,20-249,TFP,186.108,249934997.47,1788.4582,80137579.28
GB,2007,S,250+,TFP,28.632,321344996.74,2299.4462,103034030.51
GB,2007,S,mancante,TFP,29.2163,14573469.24,104.2833,4672745.15
GB,2008,A,1-19,Totale,705.2263,855813081.7,5865.4422,65024810.42
GB,2008,A,20-249,Totale,107.8581,1497672892.98,10264.5238,113793418.24
GB,2008,A,250+,Totale,16.5936,1925579433.83,13197.2449,146305823.45
GB,2008,A,mancante,Totale,16.9322,87327865.48,598.5145,6635184.74
GB,2008,A,1-19,TFP,423.1358,513487849.02,3519.2653,39014886.25
GB,2008,A,20-249,TFP,64.7149,898603735.79,6158.7143,68276050.95
GB,2008,A,250+,TFP,9.9561,1155347660.3,7918.347,87783494.07
GB,2008,A,mancante,TFP,10.1593,52396719.29,359.1087,3981110.84
GB,2008,B,1-19,Totale,782.4579,3818619000.0,2749.3462,215275858.55
GB,2008,B,20-249,Totale,157.2941,9599129400.0,8263.8359,541153967.68
GB,2008,B,250+,Totale,36.916,41326629400.0,27105.2115,2329801853.77
GB,2008,B,mancante,Totale,19.932,1117232200.0,777.9264,62984320.0
GB,2008,B,1-19,TFP,469.4748,2291171400.0,1649.6077,129165515.13
GB,2008,B,20-249,TFP,94.3765,5759477640.0,4958.3015,324692380.61
GB,2008,B,250+,TFP,22.1496,24795977640.0,16263.1269,1397881112.26
GB,2008,B,mancante,TFP,11.9592,670339320.0,466.7558,37790592.0
GB,2008,C,1-19,Totale,71583.3708,38491665800.0,302241.3979,6052750287.65
GB,2008,C,20-249,Totale,11192.6523,120705884600.0,661657.9353,18980799156.1
GB,2008,C,250+,Totale,1052.4909,273884402400.0,734445.9588,43067865756.25
GB,2008,C,mancante,Totale,1710.786,8838407200.0,34660.108,1389824800.0
GB,2008,C,1-19,TFP,42950.0225,23094999480.0,181344.8387,3631650172.59
GB,2008,C,20-249,TFP,6715.5914,72423530760.0,396994.7612,11388479493.66
GB,2008,C,250+,TFP,631.4945,164330641440.0,440667.5753,25840719453.75
GB,2008,C,mancante,TFP,1026.4716,5303044320.0,20796.0648,833894880.0
GB,2008,D,1-19,Totale,326.4852,1838274200.0,475.7547,95839843.84
GB,2008,D,20-249,Totale,29.8232,5849247600.0,2194.0617,304955036.95
GB,2008,D,250+,Totale,18.8357,66315208400.0,71121.3808,3457394559.21
GB,2008,D,mancante,Totale,7.656,1510259800.0,1505.9428,78738560.0
GB,2008,D,1-19,TFP,195.8911,1102964520.0,285.4528,57503906.31
GB,2008,D,20-249,TFP,17.8939,3509548560.0,1316.437,182973022.17
GB,2008,D,250+,TFP,11.3014,39789125040.0,42672.8285,2074436735.53
GB,2008,D,mancante,TFP,4.5936,906155880.0,903.5657,47243136.0
GB,2008,E,1-19,Totale,3113.7818,2766638000.0,11306.2208,415564929.36
GB,2008,E,20-249,Totale,339.4466,4121282200.0,18790.03,619040274.26
GB,2008,E,250+,Totale,36.2576,18254185600.0,55313.4736,2741883596.38
GB,2008,E,mancante,Totale,71.214,513104200.0,1743.0556,77071200.0
GB,2008,E,1-19,TFP,1868.2691,1659982800.0,6783.7325,249338957.61
GB,2008,E,20-249,TFP,203.668,2472769320.0,11274.018,371424164.56
GB,2008,E,250+,TFP,21.7546,10952511360.0,33188.0842,1645130157.83
GB,2008,E,mancante,TFP,42.7284,307862520.0,1045.8334,46242720.0
GB,2008,F,1-19,Totale,149801.3055,601992964.43,7587.339,88897721.46
GB,2008,F,20-249,Totale,22910.7879,1053487687.76,13277.8433,155571012.56
GB,2008,F,250+,Totale,3524.7366,1354484169.98,17071.5128,200019873.29
GB,2008,F,mancante,Totale,3596.67,61427853.51,774.2183,9071196.07
GB,2008,F,1-19,TFP,89880.7833,361195778.66,4552.4034,53338632.88
GB,2008,F,20-249,TFP,13746.4727,632092612.66,7966.706,93342607.53
GB,2008,F,250+,TFP,2114.842,812690501.99,10242.9077,120011923.97
GB,2008,F,mancante,TFP,2158.002,36856712.11,464.531,5442717.64
GB,2008,G,1-19,Totale,182048.6514,212006516400.0,586804.647,13992347488.0
GB,2008,G,20-249,Totale,27842.7349,371011403700.0,1026908.1322,24486608104.0
GB,2008,G,250+,Totale,4283.4977,477014661900.0,1320310.4557,31482781848.0
GB,2008,G,mancante,Totale,4370.916,21633318000.0,59878.0252,1427790560.0
GB,2008,G,1-19,TFP,109229.1908,127203909840.0,352082.7882,8395408492.8
GB,2008,G,20-249,TFP,16705.641,222606842220.0,616144.8793,14691964862.4
GB,2008,G,250+,TFP,2570.0986,286208797140.0,792186.2734,18889669108.8
GB,2008,G,mancante,TFP,2622.5496,12979990800.0,35926.8151,856674336.0
GB,2008,H,1-19,Totale,39155.653,20616778841.38,116337.172,5243230684.22
GB,2008,H,20-249,Totale,2273.4572,24338661125.56,136864.938,6189774639.78
GB,2008,H,250+,Totale,211.8737,74177309433.06,521334.7748,18864670756.01
GB,2008,H,mancante,Totale,849.816,2431280600.0,15806.8752,618319920.0
GB,2008,H,1-19,TFP,23493.3918,12370067304.83,69802.3032,3145938410.53
GB,2008,H,20-249,TFP,1364.0743,14603196675.34,82118.9628,3713864783.87
GB,2008,H,250+,TFP,127.1242,44506385659.83,312800.8649,11318802453.6
GB,2008,H,mancante,TFP,509.8896,1458768360.0,9484.1251,370991952.0
GB,2008,I,1-19,Totale,92344.6215,19906005000.0,456590.7416,5388896874.88
GB,2008,I,20-249,Totale,6453.671,12743341800.0,249724.2076,3449841130.93
GB,2008,I,250+,Totale,294.7014,25994323600.0,490574.4172,7037109114.19
GB,2008,I,mancante,Totale,2022.306,1196809600.0,24426.3136,323996880.0
GB,2008,I,1-19,TFP,55406.7729,11943603000.0,273954.445,3233338124.93
GB,2008,I,20-249,TFP,3872.2026,7646005080.0,149834.5246,2069904678.56
GB,2008,I,250+,TFP,176.8209,15596594160.0,294344.6503,4222265468.51
GB,2008,I,mancante,TFP,1213.3836,718085760.0,14655.7882,194398128.0
GB,2008,J,1-19,Totale,104460.8584,26704666242.78,179354.406,6641185777.8
GB,2008,J,20-249,Totale,2697.4093,29971336767.38,140056.0532,7453574355.56
GB,2008,J,250+,Totale,249.3404,100591554989.83,364369.2136,25016122586.64
GB,2008,J,mancante,Totale,2191.992,3209542000.0,13954.6872,798181280.0
GB,2008,J,1-19,TFP,62676.515,16022799745.67,107612.6436,3984711466.68
GB,2008,J,20-249,TFP,1618.4456,17982802060.43,84033.6319,4472144613.34
GB,2008,J,250+,TFP,149.6042,60354932993.9,218621.5282,15009673551.99
GB,2008,J,mancante,TFP,1315.1952,1925725200.0,8372.8123,478908768.0
GB,2008,K,1-19,Totale,16213.0122,297420203.62,3100.6724,90263053.37
GB,2008,K,20-249,Totale,2479.6372,520485356.33,5426.1767,157960343.4
GB,2008,K,250+,Totale,381.4826,669195458.14,6976.5129,203091870.08
GB,2008,K,mancante,Totale,389.268,30349000.37,316.3951,9210515.65
GB,2008,K,1-19,TFP,9727.8073,178452122.17,1860.4034,54157832.02
GB,2008,K,20-249,TFP,1487.7823,312291213.8,3255.706,94776206.04
GB,2008,K,250+,TFP,228.8896,401517274.88,4185.9077,121855122.05
GB,2008,K,mancante,TFP,233.5608,18209400.22,189.8371,5526309.39
GB,2008,L,1-19,Totale,42703.2979,17832223638.13,91835.702,3875806745.81
GB,2008,L,20-249,Totale,985.317,7599673002.95,59471.2804,1651777394.03
GB,2008,L,250+,Totale,119.1492,12070419958.92,103498.584,2623487460.16
GB,2008,L,mancante,Totale,894.036,765353400.0,5200.1136,166348400.0
GB,2008,L,1-19,TFP,25621.9787,10699334182.88,55101.4212,2325484047.48
GB,2008,L,20-249,TFP,591.1902,4559803801.77,35682.7682,991066436.42
GB,2008,L,250+,TFP,71.4895,7242251975.35,62099.1504,1574092476.1
GB,2008,L,mancante,TFP,536.4216,459212040.0,3120.0682,99809040.0
GB,2008,M,1-19,Totale,220787.2875,54994538779.26,451437.0784,18258750951.92
GB,2008,M,20-249,Totale,6734.5203,48944082386.67,344428.3892,16249937370.24
GB,2008,M,250+,Totale,433.1502,62332275234.07,381350.4184,20694954717.84
GB,2008,M,mancante,Totale,4652.142,3393283600.0,24024.814,1126604960.0
GB,2008,M,1-19,TFP,132472.3725,32996723267.56,270862.247,10955250571.15
GB,2008,M,20-249,TFP,4040.7122,29366449432.0,206657.0335,9749962422.15
GB,2008,M,250+,TFP,259.8901,37399365140.44,228810.251,12416972830.7
GB,2008,M,mancante,TFP,2791.2852,2035970160.0,14414.8884,675962976.0
GB,2008,N,1-19,Totale,146666.5912,40648465888.63,254801.9208,11316546763.29
GB,2008,N,20-249,Totale,8463.5556,36161879341.09,334308.8112,10067479538.67
GB,2008,N,250+,Totale,1046.1812,54894931970.28,771927.2428,15282767778.04
GB,2008,N,mancante,Totale,3187.272,2687862800.0,27776.2852,748301920.0
GB,2008,N,1-19,TFP,87999.9547,24389079533.18,152881.1525,6789928057.98
GB,2008,N,20-249,TFP,5078.1334,21697127604.66,200585.2867,6040487723.2
GB,2008,N,250+,TFP,627.7087,32936959182.17,463156.3457,9169660666.82
GB,2008,N,mancante,TFP,1912.3632,1612717680.0,16665.7711,448981152.0
GB,2008,O,1-19,Totale,375.9361,868134488.51,8932.2833,36136047.2
GB,2008,O,20-249,Totale,57.4961,1519235354.9,15631.4958,63238082.59
GB,2008,O,250+,Totale,8.8456,1953302599.16,20097.6374,81306106.19
GB,2008,O,mancante,Totale,9.0261,88585151.89,911.4575,3687351.75
GB,2008,O,1-19,TFP,225.5617,520880693.11,5359.37,21681628.32
GB,2008,O,20-249,TFP,34.4977,911541212.94,9378.8975,37942849.56
GB,2008,O,250+,TFP,5.3073,1171981559.49,12058.5824,48783663.72
GB,2008,O,mancante,TFP,5.4156,53151091.13,546.8745,2212411.05
GB,2008,P,1-19,Totale,16658.334,349775092.93,212.3017,101801418.18
GB,2008,P,20-249,Totale,2547.7452,612106412.62,371.5279,178152481.82
GB,2008,P,250+,Totale,391.9608,786993959.09,477.6788,229053190.91
GB,2008,P,mancante,Totale,399.96,35691336.01,21.6634,10387899.81
GB,2008,P,1-19,TFP,9995.0004,209865055.76,127.381,61080850.91
GB,2008,P,20-249,TFP,1528.6471,367263847.57,222.9168,106891489.09
GB,2008,P,250+,TFP,235.1765,472196375.45,286.6073,137431914.54
GB,2008,P,mancante,TFP,239.976,21414801.61,12.9981,6232739.89
GB,2008,Q,1-19,Totale,46505.8902,942208186.17,7547.6859,68491545.97
GB,2008,Q,20-249,Totale,7112.6656,1648864325.79,13208.4503,119860205.45
GB,2008,Q,250+,Totale,1094.2562,2119968418.87,16982.2932,154105978.44
GB,2008,Q,mancante,Totale,1116.588,96143692.47,770.172,6988933.26
GB,2008,Q,1-19,TFP,27903.5341,565324911.7,4528.6115,41094927.58
GB,2008,Q,20-249,TFP,4267.5993,989318595.47,7925.0702,71916123.27
GB,2008,Q,250+,TFP,656.5537,1271981051.32,10189.3759,92463587.07
GB,2008,Q,mancante,TFP,669.9528,57686215.48,462.1032,4193359.96
GB,2008,R,1-19,Totale,25597.7568,115036089.51,6417.6977,135197667.44
GB,2008,R,20-249,Totale,3914.951,201313156.65,11230.971,236595918.02
GB,2008,R,250+,Totale,602.3002,258831201.4,14439.8198,304194751.74
GB,2008,R,mancante,Totale,614.592,11738376.48,654.8671,13795680.35
GB,2008,R,1-19,TFP,15358.6541,69021653.71,3850.6186,81118600.46
GB,2008,R,20-249,TFP,2348.9706,120787893.99,6738.5826,141957550.81
GB,2008,R,250+,TFP,361.3801,155298720.84,8663.8919,182516851.04
GB,2008,R,mancante,TFP,368.7552,7043025.89,392.9203,8277408.21
GB,2008,S,1-19,Totale,59898.531,861439018.9,8460.7425,134698203.42
GB,2008,S,20-249,Totale,9160.9518,1507518283.08,14806.2994,235721855.99
GB,2008,S,250+,Totale,1409.3772,1938237792.53,19036.6707,303070957.7
GB,2008,S,mancante,Totale,1438.14,87901940.7,863.3411,13744714.63
GB,2008,S,1-19,TFP,35939.1186,516863411.34,5076.4455,80818922.05
GB,2008,S,20-249,TFP,5496.5711,904510969.85,8883.7797,141433113.59
GB,2008,S,250+,TFP,845.6263,1162942675.52,11422.0024,181842574.62
GB,2008,S,mancante,TFP,862.884,52741164.42,518.0046,8246828.78
GB,2009,A,1-19,Totale,3305.396,584636495.78,3860.7729,71175445.07
GB,2009,A,20-249,Totale,505.5311,1023113867.62,6756.3525,124557028.88
GB,2009,A,250+,Totale,77.774,1315432115.51,8686.7389,160144751.41
GB,2009,A,mancante,Totale,79.3612,59656785.28,393.9564,7262800.52
GB,2009,A,1-19,TFP,1983.2376,350781897.47,2316.4637,42705267.04
GB,2009,A,20-249,TFP,303.3187,613868320.57,4053.8115,74734217.33
GB,2009,A,250+,TFP,46.6644,789259269.3,5212.0434,96086850.85
GB,2009,A,mancante,TFP,47.6167,35794071.17,236.3738,4357680.31
GB,2009,B,1-19,Totale,834.7168,2977862931.96,2646.6569,220281536.13
GB,2009,B,20-249,Totale,151.5409,7604735727.27,7421.6975,562545323.98
GB,2009,B,250+,Totale,38.9203,26344918540.78,22958.9588,1948813379.89
GB,2009,B,mancante,Totale,20.922,753622800.0,674.0268,55747760.0
GB,2009,B,1-19,TFP,500.8301,1786717759.17,1587.9941,132168921.68
GB,2009,B,20-249,TFP,90.9245,4562841436.36,4453.0185,337527194.39
GB,2009,B,250+,TFP,23.3522,15806951124.47,13775.3753,1169288027.93
GB,2009,B,mancante,TFP,12.5532,452173680.0,404.4161,33448656.0
GB,2009,C,1-19,Totale,72718.0855,30490847800.0,291652.9738,5037817873.63
GB,2009,C,20-249,Totale,10996.5478,95580105600.0,610251.1953,15792121213.34
GB,2009,C,250+,Totale,1009.6986,219275098000.0,666047.1249,36229494673.03
GB,2009,C,mancante,Totale,1729.068,7047878600.0,31999.006,1164478240.0
GB,2009,C,1-19,TFP,43630.8513,18294508680.0,174991.7843,3022690724.18
GB,2009,C,20-249,TFP,6597.9287,57348063360.0,366150.7172,9475272728.0
GB,2009,C,250+,TFP,605.8192,131565058800.0,399628.2749,21737696803.82
GB,2009,C,mancante,TFP,1037.4408,4228727160.0,19199.4036,698686944.0
GB,2009,D,1-19,Totale,418.4731,2279031420.93,1714.6321,119558725.95
GB,2009,D,20-249,Totale,33.162,6950558773.37,2327.6952,364628562.78
GB,2009,D,250+,Totale,20.5289,61164985805.7,65134.7555,3208734951.27
GB,2009,D,mancante,Totale,9.636,1436624000.0,1411.7772,75365760.0
GB,2009,D,1-19,TFP,251.0839,1367418852.56,1028.7793,71735235.57
GB,2009,D,20-249,TFP,19.8972,4170335264.02,1396.6171,218777137.67
GB,2009,D,250+,TFP,12.3173,36698991483.42,39080.8533,1925240970.76
GB,2009,D,mancante,TFP,5.7816,861974400.0,847.0663,45219456.0
GB,2009,E,1-19,Totale,3367.0385,2593971800.0,14782.908,372688615.17
GB,2009,E,20-249,Totale,376.8095,4202298800.0,17642.2736,603764821.3
GB,2009,E,250+,Totale,36.698,15108326800.0,50787.4612,2170687203.53
GB,2009,E,mancante,Totale,77.154,447032600.0,1698.2172,64227360.0
GB,2009,E,1-19,TFP,2020.2231,1556383080.0,8869.7448,223613169.1
GB,2009,E,20-249,TFP,226.0857,2521379280.0,10585.3642,362258892.78
GB,2009,E,250+,TFP,22.0188,9064996080.0,30472.4767,1302412322.12
GB,2009,E,mancante,TFP,46.2924,268219560.0,1018.9303,38536416.0
GB,2009,F,1-19,Totale,149487.9309,627286430.12,9007.7831,139584369.11
GB,2009,F,20-249,Totale,22862.86,1097751252.71,15763.6203,244272645.95
GB,2009,F,250+,Totale,3517.3631,1411394467.77,20267.5119,314064830.51
GB,2009,F,mancante,Totale,3589.146,64008819.4,919.1615,14243302.97
GB,2009,F,1-19,TFP,89692.7585,376371858.07,5404.6698,83750621.47
GB,2009,F,20-249,TFP,13717.716,658650751.62,9458.1722,146563587.57
GB,2009,F,250+,TFP,2110.4178,846836680.66,12160.5071,188438898.3
GB,2009,F,mancante,TFP,2153.4876,38405291.64,551.4969,8545981.78
GB,2009,G,1-19,Totale,183123.4713,175827781920.0,592602.8522,12426760640.0
GB,2009,G,20-249,Totale,28007.1191,307698618360.0,1037054.9914,21746831120.0
GB,2009,G,250+,Totale,4308.7876,395612509320.0,1333356.4175,27960211440.0
GB,2009,G,mancante,Totale,4396.722,17941610400.0,60469.6788,1268036800.0
GB,2009,G,1-19,TFP,109874.0828,105496669152.0,355561.7113,7456056384.0
GB,2009,G,20-249,TFP,16804.2715,184619171016.0,622232.9949,13048098672.0
GB,2009,G,250+,TFP,2585.2725,237367505592.0,800013.8505,16776126864.0
GB,2009,G,mancante,TFP,2638.0332,10764966240.0,36281.8073,760822080.0
GB,2009,H,1-19,Totale,36259.7821,16128443753.07,133507.948,4342139137.13
GB,2009,H,20-249,Totale,2152.6669,18744224896.06,146840.5148,5046366144.34
GB,2009,H,250+,Totale,204.7451,63776257950.87,464490.1492,17170000398.54
GB,2009,H,mancante,Totale,788.106,2013243400.0,15200.788,542010320.0
GB,2009,H,1-19,TFP,21755.8693,9677066251.84,80104.7688,2605283482.28
GB,2009,H,20-249,TFP,1291.6001,11246534937.64,88104.3089,3027819686.6
GB,2009,H,250+,TFP,122.847,38265754770.52,278694.0895,10302000239.12
GB,2009,H,mancante,TFP,472.8636,1207946040.0,9120.4728,325206192.0
GB,2009,I,1-19,Totale,91240.0798,17006076340.19,403115.258,4767530706.95
GB,2009,I,20-249,Totale,6702.5172,10616286838.72,283350.6144,2976199358.69
GB,2009,I,250+,Totale,325.727,22764336821.09,421264.8776,6381817454.36
GB,2009,I,mancante,Totale,2005.476,1028300000.0,22606.75,288276480.0
GB,2009,I,1-19,TFP,54744.0479,10203645804.12,241869.1548,2860518424.17
GB,2009,I,20-249,TFP,4021.5103,6369772103.23,170010.3686,1785719615.21
GB,2009,I,250+,TFP,195.4362,13658602092.65,252758.9266,3829090472.62
GB,2009,I,mancante,TFP,1203.2856,616980000.0,13564.05,172965888.0
GB,2009,J,1-19,Totale,100330.7552,22679869083.54,201894.5432,5438551871.54
GB,2009,J,20-249,Totale,2766.0234,25339836790.85,139627.6952,6076402658.93
GB,2009,J,250+,Totale,242.4574,86781009125.6,317447.9112,20809777069.52
GB,2009,J,mancante,Totale,2108.964,2751035000.0,13448.3704,659688400.0
GB,2009,J,1-19,TFP,60198.4531,13607921450.13,121136.7259,3263131122.93
GB,2009,J,20-249,TFP,1659.614,15203902074.51,83776.6171,3645841595.36
GB,2009,J,250+,TFP,145.4745,52068605475.36,190468.7467,12485866241.71
GB,2009,J,mancante,TFP,1265.3784,1650621000.0,8069.0222,395813040.0
GB,2009,K,1-19,Totale,18475.3569,305812601.48,1339.1658,20988089.34
GB,2009,K,20-249,Totale,2825.6428,535172052.59,2343.5402,36729156.35
GB,2009,K,250+,Totale,434.7143,688078353.33,3013.1231,47223201.02
GB,2009,K,mancante,Totale,443.586,31205367.5,136.6496,2141641.77
GB,2009,K,1-19,TFP,11085.2141,183487560.89,803.4995,12592853.6
GB,2009,K,20-249,TFP,1695.3857,321103231.55,1406.1241,22037493.81
GB,2009,K,250+,TFP,260.8286,412847012.0,1807.8739,28333920.61
GB,2009,K,mancante,TFP,266.1516,18723220.5,81.9897,1284985.06
GB,2009,L,1-19,Totale,42797.5644,14996699422.39,136161.3372,3280151789.22
GB,2009,L,20-249,Totale,944.0812,7321054812.64,75133.3856,1601297083.2
GB,2009,L,250+,Totale,121.0963,11439619764.96,100758.308,2502129847.58
GB,2009,L,mancante,Totale,895.158,688926000.0,6368.4292,150685280.0
GB,2009,L,1-19,TFP,25678.5387,8998019653.44,81696.8023,1968091073.53
GB,2009,L,20-249,TFP,566.4487,4392632887.59,45080.0314,960778249.92
GB,2009,L,250+,TFP,72.6578,6863771858.98,60454.9848,1501277908.55
GB,2009,L,mancante,TFP,537.0948,413355600.0,3821.0575,90411168.0
GB,2009,M,1-19,Totale,220061.0651,49500458560.95,520610.5156,15686345641.75
GB,2009,M,20-249,Totale,6837.1997,40358260729.11,362372.64,12789247730.25
GB,2009,M,250+,Totale,458.4032,54515674509.94,350319.6788,17275632148.0
GB,2009,M,mancante,Totale,4639.932,2946416200.0,25169.4456,933698480.0
GB,2009,M,1-19,TFP,132036.6391,29700275136.57,312366.3094,9411807385.05
GB,2009,M,20-249,TFP,4102.3198,24214956437.46,217423.584,7673548638.15
GB,2009,M,250+,TFP,275.0419,32709404705.97,210191.8073,10365379288.8
GB,2009,M,mancante,TFP,2783.9592,1767849720.0,15101.6674,560219088.0
GB,2009,N,1-19,Totale,129037.1357,33867297754.6,229117.4536,9437234561.76
GB,2009,N,20-249,Totale,7491.7269,30334196340.86,328279.5964,8452724164.33
GB,2009,N,250+,Totale,916.1374,46312214104.55,722423.6404,12905051673.91
GB,2009,N,mancante,Totale,2805.0,2255381800.0,26118.7896,628469600.0
GB,2009,N,1-19,TFP,77422.2814,20320378652.76,137470.4722,5662340737.05
GB,2009,N,20-249,TFP,4495.0361,18200517804.51,196967.7578,5071634498.6
GB,2009,N,250+,TFP,549.6824,27787328462.73,433454.1842,7743031004.35
GB,2009,N,mancante,TFP,1683.0,1353229080.0,15671.2738,377081760.0
GB,2009,O,1-19,Totale,1408.9174,165947498.59,3683.8991,164594289.85
GB,2009,O,20-249,Totale,215.4815,290408122.53,6446.8234,288040007.24
GB,2009,O,250+,Totale,33.151,373381871.83,8288.7729,370337152.16
GB,2009,O,mancante,Totale,33.8275,16933418.22,375.9081,16795335.7
GB,2009,O,1-19,TFP,845.3504,99568499.15,2210.3394,98756573.91
GB,2009,O,20-249,TFP,129.2889,174244873.52,3868.094,172824004.34
GB,2009,O,250+,TFP,19.8906,224029123.1,4973.2638,222202291.3
GB,2009,O,mancante,TFP,20.2965,10160050.93,225.5448,10077201.42
GB,2009,P,1-19,Totale,17537.982,124858594.52,8332.7076,90488511.76
GB,2009,P,20-249,Totale,2682.2796,218502540.42,14582.2382,158354895.59
GB,2009,P,250+,Totale,412.6584,280931837.68,18748.592,203599151.47
GB,2009,P,mancante,Totale,421.08,12740672.91,850.2763,9233521.61
GB,2009,P,1-19,TFP,10522.7892,74915156.71,4999.6245,54293107.06
GB,2009,P,20-249,TFP,1609.3678,131101524.25,8749.3429,95012937.35
GB,2009,P,250+,TFP,247.595,168559102.61,11249.1552,122159490.88
GB,2009,P,mancante,TFP,252.648,7644403.75,510.1658,5540112.97
GB,2009,Q,1-19,Totale,47616.4458,567799347.15,6333.8179,35217014.71
GB,2009,Q,20-249,Totale,7282.5152,993648857.51,11084.1813,61629775.75
GB,2009,Q,250+,Totale,1120.387,1277548531.08,14251.0902,79238283.11
GB,2009,Q,mancante,Totale,1143.252,57938708.89,646.3079,3593572.93
GB,2009,Q,1-19,TFP,28569.8675,340679608.29,3800.2907,21130208.83
GB,2009,Q,20-249,TFP,4369.5091,596189314.5,6650.5088,36977865.45
GB,2009,Q,250+,TFP,672.2322,766529118.65,8550.6541,47542969.86
GB,2009,Q,mancante,TFP,685.9512,34763225.34,387.7848,2156143.76
GB,2009,R,1-19,Totale,25540.0299,556407798.06,2967.77,57977333.7
GB,2009,R,20-249,Totale,3906.1222,973713646.61,5193.5974,101460333.98
GB,2009,R,250+,Totale,600.9419,1251917545.64,6677.4824,130449000.83
GB,2009,R,mancante,Totale,613.206,56776305.92,302.8337,5916054.46
GB,2009,R,1-19,TFP,15324.0179,333844678.84,1780.662,34786400.22
GB,2009,R,20-249,TFP,2343.6733,584228187.97,3116.1585,60876200.39
GB,2009,R,250+,TFP,360.5651,751150527.38,4006.4894,78269400.5
GB,2009,R,mancante,TFP,367.9236,34065783.55,181.7002,3549632.68
GB,2009,S,1-19,Totale,59219.5527,121802872.89,4841.0443,26725454.89
GB,2009,S,20-249,Totale,9057.1081,213155027.56,8471.8276,46769546.07
GB,2009,S,250+,Totale,1393.4012,274056464.01,10892.3497,60132273.51
GB,2009,S,mancante,Totale,1421.838,12428864.58,493.9841,2727087.23
GB,2009,S,1-19,TFP,35531.7316,73081723.74,2904.6266,16035272.94
GB,2009,S,20-249,TFP,5434.2648,127893016.54,5083.0965,28061727.64
GB,2009,S,250+,TFP,836.0407,164433878.41,6535.4098,36079364.11
GB,2009,S,mancante,TFP,853.1028,7457318.75,296.3905,1636252.34
GB,2010,A,1-19,Totale,3602.9686,174834670.25,5926.9142,118068922.74
GB,2010,A,20-249,Totale,551.0423,305960672.94,10372.0999,206620614.8
GB,2010,A,250+,Totale,84.7757,393378008.06,13335.557,265655076.17
GB,2010,A,mancante,Totale,86.5058,17840272.47,604.7872,12047849.26
GB,2010,A,1-19,TFP,2161.7812,104900802.15,3556.1485,70841353.64
GB,2010,A,20-249,TFP,330.6254,183576403.76,6223.26,123972368.88
GB,2010,A,250+,TFP,50.8654,236026804.84,8001.3342,159393045.7
GB,2010,A,mancante,TFP,51.9035,10704163.48,362.8723,7228709.56
GB,2010,B,1-19,Totale,740.5944,2775761800.0,2147.2584,228819320.79
GB,2010,B,20-249,Totale,151.3389,9191988400.0,7412.72,757739566.28
GB,2010,B,250+,Totale,36.2247,28112554400.0,27689.5472,2317452312.93
GB,2010,B,mancante,Totale,18.942,817965400.0,760.1944,67428800.0
GB,2010,B,1-19,TFP,444.3566,1665457080.0,1288.355,137291592.48
GB,2010,B,20-249,TFP,90.8033,5515193040.0,4447.632,454643739.77
GB,2010,B,250+,TFP,21.7348,16867532640.0,16613.7283,1390471387.76
GB,2010,B,mancante,TFP,11.3652,490779240.0,456.1166,40457280.0
GB,2010,C,1-19,Totale,69955.8994,33918035200.0,251782.1488,5065992505.72
GB,2010,C,20-249,Totale,10305.5298,107266527200.0,638525.6248,16021311957.07
GB,2010,C,250+,Totale,899.0348,245776238400.0,649412.6016,36709101057.21
GB,2010,C,mancante,Totale,1656.336,7897159200.0,31422.8648,1179518480.0
GB,2010,C,1-19,TFP,41973.5396,20350821120.0,151069.2893,3039595503.43
GB,2010,C,20-249,TFP,6183.3179,64359916320.0,383115.3749,9612787174.24
GB,2010,C,250+,TFP,539.4209,147465743040.0,389647.561,22025460634.33
GB,2010,C,mancante,TFP,993.8016,4738295520.0,18853.7189,707711088.0
GB,2010,D,1-19,Totale,457.3353,1739764600.0,1296.0108,95889410.9
GB,2010,D,20-249,Totale,33.9645,4543515200.0,4773.3056,250421807.61
GB,2010,D,250+,Totale,22.9063,68844078800.0,69251.8176,3794431821.49
GB,2010,D,mancante,Totale,10.494,1533211400.0,1537.166,84504960.0
GB,2010,D,1-19,TFP,274.4012,1043858760.0,777.6065,57533646.54
GB,2010,D,20-249,TFP,20.3787,2726109120.0,2863.9834,150253084.57
GB,2010,D,250+,TFP,13.7438,41306447280.0,41551.0906,2276659092.89
GB,2010,D,mancante,TFP,6.2964,919926840.0,922.2996,50702976.0
GB,2010,E,1-19,Totale,3547.0792,2566188800.0,11502.4011,362842380.13
GB,2010,E,20-249,Totale,387.8687,4524581600.0,27375.2407,639746365.05
GB,2010,E,250+,Totale,36.4041,15880351200.0,54949.773,2245378214.83
GB,2010,E,mancante,Totale,81.048,468798400.0,1914.8452,66285040.0
GB,2010,E,1-19,TFP,2128.2475,1539713280.0,6901.4407,217705428.08
GB,2010,E,20-249,TFP,232.7212,2714748960.0,16425.1444,383847819.03
GB,2010,E,250+,TFP,21.8424,9528210720.0,32969.8638,1347226928.9
GB,2010,E,mancante,TFP,48.6288,281279040.0,1148.9071,39771024.0
GB,2010,F,1-19,Totale,163428.4726,58192735270.05,393700.7809,11055043231.65
GB,2010,F,20-249,Totale,4538.6763,43558235543.07,264275.2036,8274884739.28
GB,2010,F,250+,Totale,204.0851,44316676786.88,181632.4298,8418968029.06
GB,2010,F,mancante,Totale,3432.066,2980972400.0,17134.8656,566304000.0
GB,2010,F,1-19,TFP,98057.0835,34915641162.03,236220.4685,6633025938.99
GB,2010,F,20-249,TFP,2723.2058,26134941325.84,158565.1222,4964930843.57
GB,2010,F,250+,TFP,122.4511,26590006072.13,108979.4579,5051380817.44
GB,2010,F,mancante,TFP,2059.2396,1788583440.0,10280.9194,339782400.0
GB,2010,G,1-19,Totale,204395.7448,168718729063.37,655015.4207,11219408885.97
GB,2010,G,20-249,Totale,9229.9047,260889097592.41,610436.4068,17348527196.89
GB,2010,G,250+,Totale,652.7225,545805900744.22,1588324.4602,36294841757.15
GB,2010,G,mancante,Totale,4373.028,19906402600.0,58240.3324,1323730160.0
GB,2010,G,1-19,TFP,122637.4469,101231237438.02,393009.2524,6731645331.58
GB,2010,G,20-249,TFP,5537.9428,156533458555.45,366261.8441,10409116318.13
GB,2010,G,250+,TFP,391.6335,327483540446.53,952994.6761,21776905054.29
GB,2010,G,mancante,TFP,2623.8168,11943841560.0,34944.1994,794238096.0
GB,2010,H,1-19,Totale,34097.9666,17943827724.08,100722.4596,4469983353.06
GB,2010,H,20-249,Totale,2056.4461,21878789807.49,159748.9768,5450220974.49
GB,2010,H,250+,Totale,195.7473,67440822668.43,475544.8236,16800169912.45
GB,2010,H,mancante,Totale,741.84,2189049800.0,15020.74,545313760.0
GB,2010,H,1-19,TFP,20458.7799,10766296634.45,60433.4758,2681990011.83
GB,2010,H,20-249,TFP,1233.8677,13127273884.49,95849.3861,3270132584.7
GB,2010,H,250+,TFP,117.4484,40464493601.06,285326.8942,10080101947.47
GB,2010,H,mancante,TFP,445.104,1313429880.0,9012.444,327188256.0
GB,2010,I,1-19,Totale,88756.5996,17477888298.85,328006.784,4767427070.76
GB,2010,I,20-249,Totale,6645.7037,11634981418.17,328304.508,3173662883.77
GB,2010,I,250+,Totale,314.3946,25200494282.98,486004.05,6873915005.46
GB,2010,I,mancante,Totale,1953.402,1108436000.0,23312.558,302347040.0
GB,2010,I,1-19,TFP,53253.9598,10486732979.31,196804.0704,2860456242.46
GB,2010,I,20-249,TFP,3987.4222,6980988850.9,196982.7048,1904197730.26
GB,2010,I,250+,TFP,188.6368,15120296569.79,291602.43,4124349003.28
GB,2010,I,mancante,TFP,1172.0412,665061600.0,13987.5348,181408224.0
GB,2010,J,1-19,Totale,99903.6668,23420292515.68,191159.4664,5355825206.7
GB,2010,J,20-249,Totale,2722.3038,28852515639.72,151356.8056,6598082856.42
GB,2010,J,250+,Totale,231.3994,94556711044.6,320346.1632,21623522256.88
GB,2010,J,mancante,Totale,2099.13,2996520800.0,13527.8048,685253680.0
GB,2010,J,1-19,TFP,59942.2001,14052175509.41,114695.6798,3213495124.02
GB,2010,J,20-249,TFP,1633.3823,17311509383.83,90814.0834,3958849713.85
GB,2010,J,250+,TFP,138.8396,56734026626.76,192207.6979,12974113354.13
GB,2010,J,mancante,TFP,1259.478,1797912480.0,8116.6829,411152208.0
GB,2010,K,1-19,Totale,18258.1938,906047159.24,4936.664,148695348.64
GB,2010,K,20-249,Totale,2792.4296,1585582528.67,8639.162,260216860.12
GB,2010,K,250+,Totale,429.6046,2038606108.29,11107.494,334564534.44
GB,2010,K,mancante,Totale,438.372,92453791.76,503.7412,15172994.76
GB,2010,K,1-19,TFP,10954.9163,543628295.54,2961.9984,89217209.18
GB,2010,K,20-249,TFP,1675.4578,951349517.2,5183.4972,156130116.07
GB,2010,K,250+,TFP,257.7627,1223163664.97,6664.4964,200738720.66
GB,2010,K,mancante,TFP,263.0232,55472275.06,302.2447,9103796.86
GB,2010,L,1-19,Totale,41543.4352,15511548239.99,110617.8332,3254536969.1
GB,2010,L,20-249,Totale,884.961,8315449357.45,71419.1268,1744696076.1
GB,2010,L,250+,Totale,118.1078,12097793402.56,105721.1848,2538284074.81
GB,2010,L,mancante,Totale,868.296,733159000.0,5872.6152,153826880.0
GB,2010,L,1-19,TFP,24926.0611,9306928944.0,66370.6999,1952722181.46
GB,2010,L,20-249,TFP,530.9766,4989269614.47,42851.4761,1046817645.66
GB,2010,L,250+,TFP,70.8647,7258676041.54,63432.7109,1522970444.88
GB,2010,L,mancante,TFP,520.9776,439895400.0,3523.5691,92296128.0
GB,2010,M,1-19,Totale,214133.8541,52085306209.99,441242.158,16609627365.77
GB,2010,M,20-249,Totale,6432.2311,42592905614.42,368231.7268,13582569483.77
GB,2010,M,250+,Totale,413.1347,57994586775.59,368223.2204,18494054190.46
GB,2010,M,mancante,Totale,4509.78,3115771400.0,24034.6348,993596960.0
GB,2010,M,1-19,TFP,128480.3125,31251183726.0,264745.2948,9965776419.46
GB,2010,M,20-249,TFP,3859.3387,25555743368.65,220939.0361,8149541690.26
GB,2010,M,250+,TFP,247.8808,34796752065.35,220933.9322,11096432514.28
GB,2010,M,mancante,TFP,2705.868,1869462840.0,14420.7809,596158176.0
GB,2010,N,1-19,Totale,109374.1145,35244133866.0,218362.9336,9715622570.88
GB,2010,N,20-249,Totale,6582.1943,32920510666.33,332969.0532,9075077789.99
GB,2010,N,250+,Totale,755.5173,51395620067.67,754356.666,14168044199.14
GB,2010,N,mancante,Totale,2381.874,2440005400.0,26646.7072,672627440.0
GB,2010,N,1-19,TFP,65624.4687,21146480319.6,131017.7602,5829373542.53
GB,2010,N,20-249,TFP,3949.3166,19752306399.8,199781.4319,5445046673.99
GB,2010,N,250+,TFP,453.3104,30837372040.6,452613.9996,8500826519.48
GB,2010,N,mancante,TFP,1429.1244,1464003240.0,15988.0243,403576464.0
GB,2010,O,1-19,Totale,346.8634,256030352.2,5384.119,164866087.76
GB,2010,O,20-249,Totale,53.0497,448053116.35,9422.2083,288515653.58
GB,2010,O,250+,Totale,8.1615,576068292.45,12114.2679,370948697.46
GB,2010,O,mancante,Totale,8.3281,26125546.14,549.3999,16823070.18
GB,2010,O,1-19,TFP,208.1181,153618211.32,3230.4714,98919652.66
GB,2010,O,20-249,TFP,31.8298,268831869.81,5653.325,173109392.15
GB,2010,O,250+,TFP,4.8969,345640975.47,7268.5607,222569218.48
GB,2010,O,mancante,TFP,4.9968,15675327.69,329.6399,10093842.11
GB,2010,P,1-19,Totale,17389.5414,794048187.15,1739.7703,26331075.62
GB,2010,P,20-249,Totale,2659.5769,1389584327.52,3044.598,46079382.33
GB,2010,P,250+,Totale,409.1657,1786608421.09,3914.4831,59244920.14
GB,2010,P,mancante,Totale,417.516,81025325.22,177.5276,2686844.45
GB,2010,P,1-19,TFP,10433.7248,476428912.29,1043.8622,15798645.37
GB,2010,P,20-249,TFP,1595.7462,833750596.51,1826.7588,27647629.4
GB,2010,P,250+,TFP,245.4994,1071965052.66,2348.6899,35546952.08
GB,2010,P,mancante,TFP,250.5096,48615195.13,106.5165,1612106.67
GB,2010,Q,1-19,Totale,49656.1296,571035351.28,8578.441,71836209.16
GB,2010,Q,20-249,Totale,7594.4669,999311864.74,15012.2718,125713366.03
GB,2010,Q,250+,Totale,1168.3795,1284829540.39,19301.4923,161631470.61
GB,2010,Q,mancante,Totale,1192.224,58268913.4,875.3511,7330225.42
GB,2010,Q,1-19,TFP,29793.6778,342621210.77,5147.0646,43101725.5
GB,2010,Q,20-249,TFP,4556.6801,599587118.85,9007.3631,75428019.62
GB,2010,Q,250+,TFP,701.0277,770897724.23,11580.8954,96978882.36
GB,2010,Q,mancante,TFP,715.3344,34961348.04,525.2107,4398135.25
GB,2010,R,1-19,Totale,25421.8272,299135053.15,3197.757,55221797.09
GB,2010,R,20-249,Totale,3888.0442,523486343.02,5596.0748,96638144.92
GB,2010,R,250+,Totale,598.1606,673053869.6,7194.9533,124249043.46
GB,2010,R,mancante,Totale,610.368,30523985.02,326.3017,5634877.25
GB,2010,R,1-19,TFP,15253.0963,179481031.89,1918.6542,33133078.26
GB,2010,R,20-249,TFP,2332.8265,314091805.81,3357.6449,57982886.95
GB,2010,R,250+,TFP,358.8964,403832321.76,4316.972,74549426.08
GB,2010,R,mancante,TFP,366.2208,18314391.01,195.781,3380926.35
GB,2010,S,1-19,Totale,57924.8208,555152671.75,1215.6196,47548887.31
GB,2010,S,20-249,Totale,8859.0902,971517175.56,2127.3343,83210552.79
GB,2010,S,250+,Totale,1362.937,1249093511.44,2735.1441,106984996.45
GB,2010,S,mancante,Totale,1390.752,56648231.81,124.0428,4851927.28
GB,2010,S,1-19,TFP,34754.8925,333091603.05,729.3718,28529332.39
GB,2010,S,20-249,TFP,5315.4541,582910305.34,1276.4006,49926331.68
GB,2010,S,250+,TFP,817.7622,749456106.86,1641.0865,64190997.87
GB,2010,S,mancante,TFP,834.4512,33988939.09,74.4257,2911156.37
GB,2019,A,1-19,Totale,1911.3806,784639515.68,2316.6741,124981291.79
GB,2019,A,20-249,Totale,292.3288,1373119152.44,4054.1797,218717260.63
GB,2019,A,250+,Totale,44.9737,1765438910.28,5212.5168,281207906.52
GB,2019,A,mancante,Totale,45.8915,80065256.7,236.3953,12753193.04
GB,2019,A,1-19,TFP,1146.8284,470783709.41,1390.0045,74988775.07
GB,2019,A,20-249,TFP,175.3973,823871491.46,2432.5078,131230356.38
GB,2019,A,250+,TFP,26.9842,1059263346.17,3127.5101,168724743.91
GB,2019,A,mancante,TFP,27.5349,48039154.02,141.8372,7651915.82
GB,2019,B,1-19,Totale,3231.1057,195480116.59,3686.8789,53707996.88
GB,2019,B,20-249,Totale,494.1691,342090204.03,6452.0381,93988994.54
GB,2019,B,250+,Totale,76.026,439830262.32,8295.4775,120842992.98
GB,2019,B,mancante,Totale,77.5776,19946950.67,376.2121,5480407.84
GB,2019,B,1-19,TFP,1938.6634,117288069.95,2212.1273,32224798.13
GB,2019,B,20-249,TFP,296.5015,205254122.42,3871.2228,56393396.72
GB,2019,B,250+,TFP,45.6156,263898157.39,4977.2865,72505795.79
GB,2019,B,mancante,TFP,46.5465,11968170.4,225.7273,3288244.71
GB,2019,C,1-19,Totale,4054.3841,889190157.59,6802.7614,97474571.14
GB,2019,C,20-249,Totale,620.0823,1556082775.78,11904.8325,170580499.5
GB,2019,C,250+,Totale,95.3973,2000677854.58,15306.2132,219317785.07
GB,2019,C,mancante,Totale,97.3442,90733689.55,694.1593,9946384.81
GB,2019,C,1-19,TFP,2432.6305,533514094.55,4081.6569,58484742.69
GB,2019,C,20-249,TFP,372.0494,933649665.47,7142.8995,102348299.7
GB,2019,C,250+,TFP,57.2384,1200406712.75,9183.7279,131590671.04
GB,2019,C,mancante,TFP,58.4065,54440213.73,416.4956,5967830.89
GB,2019,D,1-19,Totale,2070.6659,268505086.65,972.5609,52978976.38
GB,2019,D,20-249,Totale,316.6901,469883901.64,1701.9816,92713208.67
GB,2019,D,250+,Totale,48.7216,604136444.97,2188.262,119202696.87
GB,2019,D,mancante,Totale,49.7159,27398478.23,99.2409,5406018.0
GB,2019,D,1-19,TFP,1242.3996,161103051.99,583.5365,31787385.83
GB,2019,D,20-249,TFP,190.0141,281930340.99,1021.1889,55627925.2
GB,2019,D,250+,TFP,29.2329,362481866.98,1312.9572,71521618.12
GB,2019,D,mancante,TFP,29.8295,16439086.94,59.5445,3243610.8
GB,2019,E,1-19,Totale,2118.6646,753989777.19,1118.8593,167321181.35
GB,2019,E,20-249,Totale,324.0311,1319482110.09,1958.0038,292812067.36
GB,2019,E,250+,Totale,49.8509,1696476998.68,2517.4334,376472658.04
GB,2019,E,mancante,Totale,50.8683,76937732.37,114.1693,17073589.93
GB,2019,E,1-19,TFP,1271.1987,452393866.32,671.3156,100392708.81
GB,2019,E,20-249,TFP,194.4186,791689266.05,1174.8023,175687240.42
GB,2019,E,250+,TFP,29.9106,1017886199.21,1510.46,225883594.82
GB,2019,E,mancante,TFP,30.521,46162639.42,68.5016,10244153.96
GB,2019,F,1-19,Totale,3455.1082,809369766.67,6907.9247,33773026.39
GB,2019,F,20-249,Totale,528.4283,1416397091.67,12088.8682,59102796.19
GB,2019,F,250+,Totale,81.2967,1821081975.01,15542.8305,75989309.39
GB,2019,F,mancante,Totale,82.9558,82588751.7,704.8903,3446227.18
GB,2019,F,1-19,TFP,2073.0649,485621860.0,4144.7548,20263815.84
GB,2019,F,20-249,TFP,317.057,849838255.0,7253.3209,35461677.71
GB,2019,F,250+,TFP,48.778,1092649185.01,9325.6983,45593585.63
GB,2019,F,mancante,TFP,49.7735,49553251.02,422.9342,2067736.31
GB,2019,G,1-19,Totale,1494.6881,396416280.76,5445.0011,117286494.54
GB,2019,G,20-249,Totale,228.5994,693728491.33,9528.7519,205251365.44
GB,2019,G,250+,Totale,35.1691,891936631.71,12251.2524,263894612.71
GB,2019,G,mancante,Totale,35.8869,40450640.89,555.6124,11968009.65
GB,2019,G,1-19,TFP,896.8129,237849768.46,3267.0006,70371896.72
GB,2019,G,20-249,TFP,137.1596,416237094.8,5717.2511,123150819.26
GB,2019,G,250+,TFP,21.1015,535161979.03,7350.7514,158336767.63
GB,2019,G,mancante,TFP,21.5321,24270384.54,333.3674,7180805.79
GB,2019,H,1-19,Totale,2747.9885,321902450.41,4135.356,134358420.7
GB,2019,H,20-249,Totale,420.2806,563329288.22,7236.8729,235127236.23
GB,2019,H,250+,Totale,64.6586,724280513.43,9304.5509,302306446.58
GB,2019,H,mancante,Totale,65.9781,32847188.82,421.9751,13710042.93
GB,2019,H,1-19,TFP,1648.7931,193141470.25,2481.2136,80615052.42
GB,2019,H,20-249,TFP,252.1684,337997572.93,4342.1238,141076341.74
GB,2019,H,250+,TFP,38.7951,434568308.06,5582.7305,181383867.95
GB,2019,H,mancante,TFP,39.5869,19708313.29,253.1851,8226025.76
GB,2019,I,1-19,Totale,3714.6387,529990598.48,8022.3061,49842707.27
GB,2019,I,20-249,Totale,568.1212,927483547.35,14039.0356,87224737.73
GB,2019,I,250+,Totale,87.4033,1192478846.59,18050.1886,112146091.37
GB,2019,I,mancante,Totale,89.187,54080673.31,818.6027,5085990.54
GB,2019,I,1-19,TFP,2228.7832,317994359.09,4813.3836,29905624.36
GB,2019,I,20-249,TFP,340.8727,556490128.41,8423.4214,52334842.64
GB,2019,I,250+,TFP,52.442,715487307.95,10830.1132,67287654.82
GB,2019,I,mancante,TFP,53.5122,32448403.99,491.1616,3051594.32
GB,2019,J,1-19,Totale,2013.3879,447455364.01,402.5896,103475563.85
GB,2019,J,20-249,Totale,307.9299,783046887.02,704.5318,181082236.73
GB,2019,J,250+,Totale,47.3738,1006774569.03,905.8266,232820018.66
GB,2019,J,mancante,Totale,48.3406,45658710.61,41.0806,10558731.0
GB,2019,J,1-19,TFP,1208.0328,268473218.41,241.5538,62085338.31
GB,2019,J,20-249,TFP,184.758,469828132.21,422.7191,108649342.04
GB,2019,J,250+,TFP,28.4243,604064741.42,543.496,139692011.19
GB,2019,J,mancante,TFP,29.0044,27395226.37,24.6483,6335238.6
GB,2019,K,1-19,Totale,3902.0409,338339468.42,5332.6944,129334219.17
GB,2019,K,20-249,Totale,596.7827,592094069.74,9332.2153,226334883.56
GB,2019,K,250+,Totale,91.8127,761263803.96,11998.5625,291001993.14
GB,2019,K,mancante,Totale,93.6865,34524435.55,544.1525,13197369.3
GB,2019,K,1-19,TFP,2341.2245,203003681.05,3199.6167,77600531.5
GB,2019,K,20-249,TFP,358.0696,355256441.85,5599.3292,135800930.13
GB,2019,K,250+,TFP,55.0876,456758282.37,7199.1375,174601195.89
GB,2019,K,mancante,TFP,56.2119,20714661.33,326.4915,7918421.58
GB,2019,L,1-19,Totale,1499.0385,129364502.19,5777.3681,170647338.67
GB,2019,L,20-249,Totale,229.2647,226387878.82,10110.3941,298632842.67
GB,2019,L,250+,Totale,35.2715,291070129.92,12999.0781,383956512.0
GB,2019,L,mancante,Totale,35.9913,13200459.41,589.5274,17412993.74
GB,2019,L,1-19,TFP,899.4231,77618701.31,3466.4208,102388403.2
GB,2019,L,20-249,TFP,137.5588,135832727.29,6066.2365,179179705.6
GB,2019,L,250+,TFP,21.1629,174642077.95,7799.4469,230373907.2
GB,2019,L,mancante,TFP,21.5948,7920275.64,353.7164,10447796.24
GB,2019,M,1-19,Totale,1756.8733,903142556.54,3426.4274,135254521.03
GB,2019,M,20-249,Totale,268.6983,1580499473.95,5996.248,236695411.8
GB,2019,M,250+,Totale,41.3382,2032070752.22,7709.4617,304322672.31
GB,2019,M,mancante,Totale,42.1818,92157403.73,349.6355,13801481.74
GB,2019,M,1-19,TFP,1054.124,541885533.93,2055.8565,81152712.62
GB,2019,M,20-249,TFP,161.219,948299684.37,3597.7488,142017247.08
GB,2019,M,250+,TFP,24.8029,1219242451.33,4625.677,182593603.39
GB,2019,M,mancante,TFP,25.3091,55294442.24,209.7813,8280889.04
GB,2019,N,1-19,Totale,830.2115,658621959.42,6629.6685,42200931.08
GB,2019,N,20-249,Totale,126.9735,1152588428.98,11601.9199,73851629.38
GB,2019,N,250+,Totale,19.5344,1481899408.68,14916.7541,94952094.92
GB,2019,N,mancante,Totale,19.9331,67206322.39,676.4968,4306217.46
GB,2019,N,1-19,TFP,498.1269,395173175.65,3977.8011,25320558.65
GB,2019,N,20-249,TFP,76.1841,691553057.39,6961.1519,44310977.63
GB,2019,N,250+,TFP,11.7206,889139645.21,8950.0525,56971256.95
GB,2019,N,mancante,TFP,11.9598,40323793.43,405.8981,2583730.47
GB,2019,O,1-19,Totale,2712.3689,552293457.37,1725.1887,149612160.06
GB,2019,O,20-249,Totale,414.8329,966513550.41,3019.0803,261821280.1
GB,2019,O,250+,Totale,63.8204,1242660279.09,3881.6747,336627360.13
GB,2019,O,mancante,Totale,65.1229,56356475.24,176.0397,15266546.94
GB,2019,O,1-19,TFP,1627.4213,331376074.42,1035.1132,89767296.03
GB,2019,O,20-249,TFP,248.8997,579908130.24,1811.4482,157092768.06
GB,2019,O,250+,TFP,38.2923,745596167.46,2329.0048,201976416.08
GB,2019,O,mancante,TFP,39.0737,33813885.15,105.6238,9159928.17
GB,2019,P,1-19,Totale,3592.4667,168759942.22,8508.7588,145033538.29
GB,2019,P,20-249,Totale,549.4361,295329898.89,14890.3278,253808692.01
GB,2019,P,250+,Totale,84.5286,379709870.0,19144.7072,326325461.15
GB,2019,P,mancante,Totale,86.2537,17220402.27,868.2407,14799340.64
GB,2019,P,1-19,TFP,2155.48,101255965.33,5105.2553,87020122.97
GB,2019,P,20-249,TFP,329.6617,177197939.33,8934.1967,152285215.2
GB,2019,P,250+,TFP,50.7172,227825922.0,11486.8243,195795276.69
GB,2019,P,mancante,TFP,51.7522,10332241.36,520.9444,8879604.39
GB,2019,Q,1-19,Totale,437.2524,103341903.98,1121.6687,43409211.9
GB,2019,Q,20-249,Totale,66.8739,180848331.97,1962.9202,75966120.83
GB,2019,Q,250+,Totale,10.2883,232519283.96,2523.7545,97670726.78
GB,2019,Q,mancante,Totale,10.4983,10545092.24,114.456,4429511.42
GB,2019,Q,1-19,TFP,262.3515,62005142.39,673.0012,26045527.14
GB,2019,Q,20-249,TFP,40.1243,108508999.18,1177.7521,45579672.5
GB,2019,Q,250+,TFP,6.173,139511570.37,1514.2527,58602436.07
GB,2019,Q,mancante,TFP,6.299,6327055.35,68.6736,2657706.85
GB,2019,R,1-19,Totale,336.7249,669123175.02,9431.3409,133777989.42
GB,2019,R,20-249,Totale,51.4991,1170965556.29,16504.8467,234111481.48
GB,2019,R,250+,Totale,7.9229,1505527143.8,21220.5171,301000476.19
GB,2019,R,mancante,Totale,8.0846,68277875.0,962.3817,13650815.25
GB,2019,R,1-19,TFP,202.0349,401473905.01,5658.8046,80266793.65
GB,2019,R,20-249,TFP,30.8995,702579333.77,9902.908,140466888.89
GB,2019,R,250+,TFP,4.7538,903316286.28,12732.3103,180600285.71
GB,2019,R,mancante,TFP,4.8508,40966725.0,577.429,8190489.15
GB,2019,S,1-19,Totale,3013.8795,889439448.99,3485.61,92411308.9
GB,2019,S,20-249,Totale,460.9463,1556519035.74,6099.8175,161719790.58
GB,2019,S,250+,Totale,70.9148,2001238760.24,7842.6225,207925445.03
GB,2019,S,mancante,Totale,72.3621,90759127.45,355.6745,9429725.4
GB,2019,S,1-19,TFP,1808.3277,533663669.4,2091.366,55446785.34
GB,2019,S,20-249,TFP,276.5678,933911421.44,3659.8905,97031874.35
GB,2019,S,250+,TFP,42.5489,1200743256.14,4705.5735,124755267.02
GB,2019,S,mancante,TFP,43.4172,54455476.47,213.4047,5657835.24
GB,2020,A,1-19,Totale,1008.6196,617344544.09,8556.2287,50425620.76
GB,2020,A,20-249,Totale,154.2595,1080352952.15,14973.4002,88244836.33
GB,2020,A,250+,Totale,23.7322,1389025224.19,19251.5146,113457646.71
GB,2020,A,mancante,Totale,24.2166,62994341.23,873.0846,5145471.51
GB,2020,A,1-19,TFP,605.1718,370406726.45,5133.7372,30255372.46
GB,2020,A,20-249,TFP,92.5557,648211771.29,8984.0401,52946901.8
GB,2020,A,250+,TFP,14.2393,833415134.52,11550.9087,68074588.03
GB,2020,A,mancante,TFP,14.5299,37796604.74,523.8507,3087282.9
GB,2020,B,1-19,Totale,543.1588,217964388.67,2627.8741,100655884.62
GB,2020,B,20-249,Totale,83.0714,381437680.17,4598.7796,176147798.09
GB,2020,B,250+,Totale,12.7802,490419874.51,5912.7166,226475740.4
GB,2020,B,mancante,Totale,13.041,22241264.15,268.1504,10271008.63
GB,2020,B,1-19,TFP,325.8953,130778633.2,1576.7244,60393530.77
GB,2020,B,20-249,TFP,49.8428,228862608.1,2759.2678,105688678.85
GB,2020,B,250+,TFP,7.6681,294251924.7,3547.63,135885444.24
GB,2020,B,mancante,TFP,7.8246,13344758.49,160.8902,6162605.18
GB,2020,C,1-19,Totale,3988.1668,873325761.01,7981.6963,139629757.3
GB,2020,C,20-249,Totale,609.9549,1528320081.76,13967.9685,244352075.27
GB,2020,C,250+,Totale,93.8392,1964982962.26,17958.8166,314166953.92
GB,2020,C,mancante,Totale,95.7543,89114873.57,814.4588,14247934.42
GB,2020,C,1-19,TFP,2392.9001,523995456.6,4789.0178,83777854.38
GB,2020,C,20-249,TFP,365.9729,916992049.06,8380.7811,146611245.16
GB,2020,C,250+,TFP,56.3035,1178989777.36,10775.29,188500172.35
GB,2020,C,mancante,TFP,57.4526,53468924.14,488.6753,8548760.65
GB,2020,D,1-19,Totale,3827.2364,592877275.84,6849.6673,63782369.63
GB,2020,D,20-249,Totale,585.342,1037535232.71,11986.9177,111619146.85
GB,2020,D,250+,Totale,90.0526,1333973870.63,15411.7513,143510331.66
GB,2020,D,mancante,Totale,91.8904,60497681.21,698.9456,6508405.06
GB,2020,D,1-19,TFP,2296.3418,355726365.5,4109.8004,38269421.78
GB,2020,D,20-249,TFP,351.2052,622521139.63,7192.1506,66971488.11
GB,2020,D,250+,TFP,54.0316,800384322.38,9247.0508,86106199.0
GB,2020,D,mancante,TFP,55.1343,36298608.72,419.3674,3905043.04
GB,2020,E,1-19,Totale,2455.7954,845542011.4,6362.76,49863273.94
GB,2020,E,20-249,Totale,375.5922,1479698519.96,11134.8299,87260729.39
GB,2020,E,250+,Totale,57.7834,1902469525.66,14316.2099,112192366.36
GB,2020,E,mancante,Totale,58.9627,86279797.08,649.2612,5088089.18
GB,2020,E,1-19,TFP,1473.4772,507325206.84,3817.656,29917964.36
GB,2020,E,20-249,TFP,225.3553,887819111.97,6680.8979,52356437.63
GB,2020,E,250+,TFP,34.6701,1141481715.4,8589.7259,67315419.82
GB,2020,E,mancante,TFP,35.3776,51767878.25,389.5567,3052853.51
GB,2020,F,1-19,Totale,2641.6788,417388439.87,2124.5946,94611008.94
GB,2020,F,20-249,Totale,404.0215,730429769.77,3718.0406,165569265.65
GB,2020,F,250+,Totale,62.1571,939123989.71,4780.338,212874770.13
GB,2020,F,mancante,Totale,63.4257,42590657.13,216.7954,9654184.59
GB,2020,F,1-19,TFP,1585.0073,250433063.92,1274.7568,56766605.37
GB,2020,F,20-249,TFP,242.4129,438257861.86,2230.8244,99341559.39
GB,2020,F,250+,TFP,37.2943,563474393.82,2868.2028,127724862.08
GB,2020,F,mancante,TFP,38.0554,25554394.28,130.0772,5792510.75
GB,2020,G,1-19,Totale,1329.5994,870379940.69,3880.7723,50503715.7
GB,2020,G,20-249,Totale,203.3505,1523164896.21,6791.3514,88381502.47
GB,2020,G,250+,Totale,31.2847,1958354866.56,8731.7376,113633360.32
GB,2020,G,mancante,Totale,31.9232,88814279.66,395.9972,5153440.38
GB,2020,G,1-19,TFP,797.7596,522227964.42,2328.4634,30302229.42
GB,2020,G,20-249,TFP,122.0103,913898937.73,4074.8109,53028901.48
GB,2020,G,250+,TFP,18.7708,1175012919.94,5239.0425,68180016.19
GB,2020,G,mancante,TFP,19.1539,53288567.8,237.5983,3092064.23
GB,2020,H,1-19,Totale,3514.8124,603380110.06,6229.7225,72023022.29
GB,2020,H,20-249,Totale,537.5595,1055915192.61,10902.0144,126040289.0
GB,2020,H,250+,Totale,82.7015,1357605247.65,14016.8756,162051800.14
GB,2020,H,mancante,Totale,84.3893,61569398.99,635.686,7349287.99
GB,2020,H,1-19,TFP,2108.8874,362028066.04,3737.8335,43213813.37
GB,2020,H,20-249,TFP,322.5357,633549115.57,6541.2086,75624173.4
GB,2020,H,250+,TFP,49.6209,814563148.59,8410.1254,97231080.09
GB,2020,H,mancante,TFP,50.6336,36941639.39,381.4116,4409572.79
GB,2020,I,1-19,Totale,3692.6567,471261103.16,5566.2833,145508719.83
GB,2020,I,20-249,Totale,564.7593,824706930.53,9740.9958,254640259.71
GB,2020,I,250+,Totale,86.886,1060337482.11,12524.1375,327394619.62
GB,2020,I,mancante,Totale,88.6592,48087867.67,567.9881,14847828.55
GB,2020,I,1-19,TFP,2215.594,282756661.89,3339.77,87305231.9
GB,2020,I,20-249,TFP,338.8556,494824158.32,5844.5975,152784155.82
GB,2020,I,250+,TFP,52.1316,636202489.26,7514.4825,196436771.77
GB,2020,I,mancante,TFP,53.1955,28852720.6,340.7929,8908697.13
GB,2020,J,1-19,Totale,742.5479,514666403.57,500.672,138053883.18
GB,2020,J,20-249,Totale,113.5662,900666206.25,876.176,241594295.56
GB,2020,J,250+,Totale,17.4717,1157999408.03,1126.512,310621237.15
GB,2020,J,mancante,Totale,17.8283,52516979.96,51.089,14087130.94
GB,2020,J,1-19,TFP,445.5287,308799842.14,300.4032,82832329.91
GB,2020,J,20-249,TFP,68.1397,540399723.75,525.7056,144956577.33
GB,2020,J,250+,TFP,10.483,694799644.82,675.9072,186372742.29
GB,2020,J,mancante,TFP,10.697,31510187.97,30.6534,8452278.56
GB,2020,K,1-19,Totale,3607.7732,610742263.42,8788.6252,115051656.83
GB,2020,K,20-249,Totale,551.7771,1068798960.98,15380.0942,201340399.46
GB,2020,K,250+,Totale,84.8888,1374170092.69,19774.4068,258866227.88
GB,2020,K,mancante,Totale,86.6212,62320639.12,896.7985,11739964.98
GB,2020,K,1-19,TFP,2164.6639,366445358.05,5273.1751,69030994.1
GB,2020,K,20-249,TFP,331.0663,641279376.59,9228.0565,120804239.68
GB,2020,K,250+,TFP,50.9333,824502055.61,11864.6441,155319736.73
GB,2020,K,mancante,TFP,51.9727,37392383.47,538.0791,7043978.99
GB,2020,L,1-19,Totale,3477.2928,472254899.23,1259.9705,86626768.03
GB,2020,L,20-249,Totale,531.8212,826446073.65,2204.9484,151596844.05
GB,2020,L,250+,Totale,81.8187,1062573523.26,2834.9336,194910228.07
GB,2020,L,mancante,Totale,83.4884,48189275.43,128.5684,8839466.13
GB,2020,L,1-19,TFP,2086.3757,283352939.54,755.9823,51976060.82
GB,2020,L,20-249,TFP,319.0927,495867644.19,1322.969,90958106.43
GB,2020,L,250+,TFP,49.0912,637544113.96,1700.9602,116946136.84
GB,2020,L,mancante,TFP,50.0931,28913565.26,77.1411,5303679.68
GB,2020,M,1-19,Totale,2929.0934,324349384.4,9395.8856,42710105.14
GB,2020,M,20-249,Totale,447.979,567611422.7,16442.7998,74742683.99
GB,2020,M,250+,Totale,68.9198,729786114.9,21140.7426,96097736.56
GB,2020,M,mancante,Totale,70.3264,33096875.96,958.7638,4358173.99
GB,2020,M,1-19,TFP,1757.4561,194609630.64,5637.5314,25626063.08
GB,2020,M,20-249,TFP,268.7874,340566853.62,9865.6799,44845610.39
GB,2020,M,250+,TFP,41.3519,437871668.94,12684.4456,57658641.94
GB,2020,M,mancante,TFP,42.1958,19858125.58,575.2583,2614904.4
GB,2020,N,1-19,Totale,3822.0997,802311465.78,2497.8915,136204887.8
GB,2020,N,20-249,Totale,584.5564,1404045065.12,4371.31,238358553.65
GB,2020,N,250+,Totale,89.9318,1805200798.01,5620.2558,306460997.55
GB,2020,N,mancante,Totale,91.7671,81868516.92,254.8869,13898457.94
GB,2020,N,1-19,TFP,2293.2598,481386879.47,1498.7349,81722932.68
GB,2020,N,20-249,TFP,350.7339,842427039.07,2622.786,143015132.19
GB,2020,N,250+,TFP,53.9591,1083120478.81,3372.1535,183876598.53
GB,2020,N,mancante,TFP,55.0603,49121110.15,152.9321,8339074.76
GB,2020,O,1-19,Totale,2150.4422,389261675.3,2707.6923,68381763.27
GB,2020,O,20-249,Totale,328.8912,681207931.78,4738.4615,119668085.72
GB,2020,O,250+,Totale,50.5986,875838769.43,6092.3076,153858967.35
GB,2020,O,mancante,Totale,51.6313,39720579.11,276.2951,6977730.95
GB,2020,O,1-19,TFP,1290.2653,233557005.18,1624.6154,41029057.96
GB,2020,O,20-249,TFP,197.3347,408724759.07,2843.0769,71800851.43
GB,2020,O,250+,TFP,30.3592,525503261.66,3655.3846,92315380.41
GB,2020,O,mancante,TFP,30.9788,23832347.47,165.7771,4186638.57
GB,2020,P,1-19,Totale,3247.3544,879721476.19,3401.3792,169661708.68
GB,2020,P,20-249,Totale,496.6542,1539512583.34,5952.4136,296907990.19
GB,2020,P,250+,Totale,76.4083,1979373321.44,7653.1032,381738844.53
GB,2020,P,mancante,Totale,77.9677,89767497.57,347.0795,17312419.25
GB,2020,P,1-19,TFP,1948.4126,527832885.72,2040.8275,101797025.21
GB,2020,P,20-249,TFP,297.9925,923707550.0,3571.4482,178144794.11
GB,2020,P,250+,TFP,45.845,1187623992.86,4591.8619,229043306.72
GB,2020,P,mancante,TFP,46.7806,53860498.54,208.2477,10387451.55
GB,2020,Q,1-19,Totale,606.2432,600240052.58,6749.2513,170836389.48
GB,2020,Q,20-249,Totale,92.7195,1050420092.02,11811.1898,298963681.6
GB,2020,Q,250+,Totale,14.2645,1350540118.31,15185.8155,384381876.34
GB,2020,Q,mancante,Totale,14.5557,61248984.96,688.6991,17432284.64
GB,2020,Q,1-19,TFP,363.7459,360144031.55,4049.5508,102501833.69
GB,2020,Q,20-249,TFP,55.6317,630252055.21,7086.7139,179378208.96
GB,2020,Q,250+,TFP,8.5587,810324070.98,9111.4893,230629125.8
GB,2020,Q,mancante,TFP,8.7334,36749390.97,413.2195,10459370.78
GB,2020,R,1-19,Totale,2176.9266,529342370.57,3301.8458,165300122.3
GB,2020,R,20-249,Totale,332.9417,926349148.51,5778.2302,289275214.02
GB,2020,R,250+,Totale,51.2218,1191020333.79,7429.1531,371925275.17
GB,2020,R,mancante,Totale,52.2671,54014527.61,336.923,16867359.42
GB,2020,R,1-19,TFP,1306.156,317605422.34,1981.1075,99180073.38
GB,2020,R,20-249,TFP,199.765,555809489.1,3466.9381,173565128.41
GB,2020,R,250+,TFP,30.7331,714612200.28,4457.4919,223155165.1
GB,2020,R,mancante,TFP,31.3603,32408716.57,202.1538,10120415.65
GB,2020,S,1-19,Totale,598.1074,397410658.41,1198.63,157769656.72
GB,2020,S,20-249,Totale,91.4752,695468652.21,2097.6026,276096899.26
GB,2020,S,250+,Totale,14.0731,894173981.41,2696.9176,354981727.62
GB,2020,S,mancante,Totale,14.3603,40552108.0,122.3092,16098944.56
GB,2020,S,1-19,TFP,358.8644,238446395.04,719.178,94661794.03
GB,2020,S,20-249,TFP,54.8851,417281191.33,1258.5615,165658139.56
GB,2020,S,250+,TFP,8.4439,536504388.85,1618.1505,212989036.57
GB,2020,S,mancante,TFP,8.6162,24331264.8,73.3855,9659366.74
PL,2005,A,1-19,Totale,3480.0437,560981187.5,8092.2397,124539507.36
PL,2005,A,20-249,Totale,532.242,981717078.12,14161.4195,217944137.88
PL,2005,A,250+,Totale,81.8834,1262207671.86,18207.5394,280213891.57
PL,2005,A,mancante,Totale,83.5545,57242978.32,825.7387,12708113.0
PL,2005,A,1-19,TFP,2088.0262,336588712.5,4855.3438,74723704.42
PL,2005,A,20-249,TFP,319.3452,589030246.87,8496.8517,130766482.73
PL,2005,A,250+,TFP,49.13,757324603.12,10924.5236,168128334.94
PL,2005,A,mancante,TFP,50.1327,34345786.99,495.4432,7624867.8
PL,2005,B,1-19,Totale,151.4394,913788260.0,18480.742,317307536.0
PL,2005,B,20-249,Totale,23.1613,1599129455.0,32341.2985,555288188.0
PL,2005,B,250+,Totale,3.5633,2056023585.0,41581.6695,713941956.0
PL,2005,B,mancante,Totale,3.636,93243700.0,1885.79,32378320.0
PL,2005,B,1-19,TFP,90.8636,548272956.0,11088.4452,190384521.6
PL,2005,B,20-249,TFP,13.8968,959477673.0,19404.7791,333172912.8
PL,2005,B,250+,TFP,2.138,1233614151.0,24949.0017,428365173.6
PL,2005,B,mancante,TFP,2.1816,55946220.0,1131.474,19426992.0
PL,2005,C,1-19,Totale,19586.7278,9529951200.0,269146.22,918088238.91
PL,2005,C,20-249,Totale,1574.4246,26754450800.0,470174.6,2577447261.01
PL,2005,C,250+,Totale,166.7837,54023377100.0,472691.73,5204457620.08
PL,2005,C,mancante,Totale,435.264,1843015900.0,24734.95,177550880.0
PL,2005,C,1-19,TFP,11752.0367,5717970720.0,161487.732,550852943.35
PL,2005,C,20-249,TFP,944.6547,16052670480.0,282104.76,1546468356.61
PL,2005,C,250+,TFP,100.0702,32414026260.0,283615.038,3122674572.05
PL,2005,C,mancante,TFP,261.1584,1105809540.0,14840.97,106530528.0
PL,2005,D,1-19,Totale,238.7378,3167066980.0,20160.266,271626992.0
PL,2005,D,20-249,Totale,36.5128,5542367215.0,35280.4655,475347236.0
PL,2005,D,250+,Totale,5.6174,7125900705.0,45360.5985,611160732.0
PL,2005,D,mancante,Totale,5.732,323170100.0,2057.17,27717040.0
PL,2005,D,1-19,TFP,143.2427,1900240188.0,12096.1596,162976195.2
PL,2005,D,20-249,TFP,21.9077,3325420329.0,21168.2793,285208341.6
PL,2005,D,250+,TFP,3.3704,4275540423.0,27216.3591,366696439.2
PL,2005,D,mancante,TFP,3.4392,193902060.0,1234.302,16630224.0
PL,2005,E,1-19,Totale,2002.3851,614186635.12,7332.9806,110616733.75
PL,2005,E,20-249,Totale,306.2471,1074826611.45,12832.7161,193579284.07
PL,2005,E,250+,Totale,47.1149,1381919929.01,16499.2064,248887650.94
PL,2005,E,mancante,Totale,48.0765,62672105.62,748.2633,11287421.81
PL,2005,E,1-19,TFP,1201.4311,368511981.07,4399.7884,66370040.25
PL,2005,E,20-249,TFP,183.7483,644895966.87,7699.6296,116147570.44
PL,2005,E,250+,TFP,28.269,829151957.41,9899.5238,149332590.57
PL,2005,E,mancante,TFP,28.8459,37603263.37,448.958,6772453.09
PL,2005,F,1-19,Totale,10558.275,2918997620.0,63533.988,314688192.0
PL,2005,F,20-249,Totale,1614.795,5108245835.0,111184.479,550704336.0
PL,2005,F,250+,Totale,248.43,6567744645.0,142951.473,708048432.0
PL,2005,F,mancante,Totale,253.5,297856900.0,6483.06,32111040.0
PL,2005,F,1-19,TFP,6334.965,1751398572.0,38120.3928,188812915.2
PL,2005,F,20-249,TFP,968.877,3064947501.0,66710.6874,330422601.6
PL,2005,F,250+,TFP,149.058,3940646787.0,85770.8838,424829059.2
PL,2005,F,mancante,TFP,152.1,178714140.0,3889.836,19266624.0
PL,2005,G,1-19,Totale,42193.4492,22805381060.0,214282.684,877021600.0
PL,2005,G,20-249,Totale,6453.1158,39909416855.0,374994.697,1534787800.0
PL,2005,G,250+,Totale,992.787,51312107385.0,482136.039,1973298600.0
PL,2005,G,mancante,Totale,1013.048,2327079700.0,21865.58,89492000.0
PL,2005,G,1-19,TFP,25316.0695,13683228636.0,128569.6104,526212960.0
PL,2005,G,20-249,TFP,3871.8695,23945650113.0,224996.8182,920872680.0
PL,2005,G,250+,TFP,595.6722,30787264431.0,289281.6234,1183979160.0
PL,2005,G,mancante,TFP,607.8288,1396247820.0,13119.348,53695200.0
PL,2005,H,1-19,Totale,6274.989,3729146960.0,70876.442,538565664.0
PL,2005,H,20-249,Totale,959.7042,6526007180.0,124033.7735,942489912.0
PL,2005,H,250+,Totale,147.6468,8390580660.0,159471.9945,1211772744.0
PL,2005,H,mancante,Totale,150.66,380525200.0,7232.29,54955680.0
PL,2005,H,1-19,TFP,3764.9934,2237488176.0,42525.8652,323139398.4
PL,2005,H,20-249,TFP,575.8225,3915604308.0,74420.2641,565493947.2
PL,2005,H,250+,TFP,88.5881,5034348396.0,95683.1967,727063646.4
PL,2005,H,mancante,TFP,90.396,228315120.0,4339.374,32973408.0
PL,2005,I,1-19,Totale,4987.171,425303340.0,21945.532,65412256.0
PL,2005,I,20-249,Totale,762.7438,744280845.0,38404.681,114471448.0
PL,2005,I,250+,Totale,117.3452,956932515.0,49377.447,147177576.0
PL,2005,I,mancante,Totale,119.74,43398300.0,2239.34,6674720.0
PL,2005,I,1-19,TFP,2992.3026,255182004.0,13167.3192,39247353.6
PL,2005,I,20-249,TFP,457.6463,446568507.0,23042.8086,68682868.8
PL,2005,I,250+,TFP,70.4071,574159509.0,29626.4682,88306545.6
PL,2005,I,mancante,TFP,71.844,26038980.0,1343.604,4004832.0
PL,2005,J,1-19,Totale,558.98,791130968.21,3287.8406,47466832.68
PL,2005,J,20-249,Totale,85.4911,1384479194.36,5753.721,83066957.18
PL,2005,J,250+,Totale,13.1525,1780044678.46,7397.6413,106800373.52
PL,2005,J,mancante,Totale,13.4209,80727649.82,335.4939,4843554.35
PL,2005,J,1-19,TFP,335.388,474678580.92,1972.7043,28480099.61
PL,2005,J,20-249,TFP,51.2946,830687516.62,3452.2326,49840174.31
PL,2005,J,250+,TFP,7.8915,1068026807.08,4438.5848,64080224.11
PL,2005,J,mancante,TFP,8.0525,48436589.89,201.2964,2906132.61
PL,2005,K,1-19,Totale,1662.5014,180067818.96,6944.8829,61661268.11
PL,2005,K,20-249,Totale,254.2649,315118683.17,12153.545,107907219.19
PL,2005,K,250+,Totale,39.1177,405152592.65,15625.9864,138737853.24
PL,2005,K,mancante,Totale,39.916,18374267.24,708.6615,6291966.13
PL,2005,K,1-19,TFP,997.5008,108040691.37,4166.9297,36996760.87
PL,2005,K,20-249,TFP,152.559,189071209.9,7292.127,64744331.51
PL,2005,K,250+,TFP,23.4706,243091555.59,9375.5919,83242711.95
PL,2005,K,mancante,TFP,23.9496,11024560.34,425.1969,3775179.68
PL,2005,L,1-19,Totale,11150.8712,3438690640.0,90768.188,481908336.0
PL,2005,L,20-249,Totale,1705.4274,6017708620.0,158844.329,843339588.0
PL,2005,L,250+,Totale,262.3734,7737053940.0,204228.423,1084293756.0
PL,2005,L,mancante,Totale,267.728,350886800.0,9262.06,49174320.0
PL,2005,L,1-19,TFP,6690.5227,2063214384.0,54460.9128,289145001.6
PL,2005,L,20-249,TFP,1023.2564,3610625172.0,95306.5974,506003752.8
PL,2005,L,250+,TFP,157.4241,4642232364.0,122537.0538,650576253.6
PL,2005,L,mancante,TFP,160.6368,210532080.0,5557.236,29504592.0
PL,2005,M,1-19,Totale,3355.0908,902101382.19,1665.3153,98818377.14
PL,2005,M,20-249,Totale,513.1315,1578677418.84,2914.3017,172932160.0
PL,2005,M,250+,Totale,78.9433,2029728109.93,3746.9593,222341348.57
PL,2005,M,mancante,Totale,80.5544,92051161.45,169.9301,10083507.87
PL,2005,M,1-19,TFP,2013.0545,541260829.32,999.1892,59291026.29
PL,2005,M,20-249,TFP,307.8789,947206451.3,1748.581,103759296.0
PL,2005,M,250+,TFP,47.366,1217836865.96,2248.1756,133404809.14
PL,2005,M,mancante,TFP,48.3326,55230696.87,101.9581,6050104.72
PL,2005,N,1-19,Totale,3974.8638,725148497.08,414.4555,138409560.9
PL,2005,N,20-249,Totale,607.9203,1269009869.89,725.2971,242216731.57
PL,2005,N,250+,Totale,93.5262,1631584118.43,932.5248,311421512.01
PL,2005,N,mancante,Totale,95.4349,73994744.6,42.2914,14123424.58
PL,2005,N,1-19,TFP,2384.9183,435089098.25,248.6733,83045736.54
PL,2005,N,20-249,TFP,364.7522,761405921.93,435.1783,145330038.94
PL,2005,N,250+,TFP,56.1157,978950471.06,559.5149,186852907.21
PL,2005,N,mancante,TFP,57.2609,44396846.76,25.3748,8474054.75
PL,2005,O,1-19,Totale,1028.0678,302181512.78,8183.3797,108933263.2
PL,2005,O,20-249,Totale,157.2339,528817647.36,14320.9144,190633210.6
PL,2005,O,250+,Totale,24.1898,679908403.75,18412.6042,245099842.2
PL,2005,O,mancante,Totale,24.6835,30834848.24,835.0387,11115639.1
PL,2005,O,1-19,TFP,616.8407,181308907.67,4910.0278,65359957.92
PL,2005,O,20-249,TFP,94.3403,317290588.42,8592.5486,114379926.36
PL,2005,O,250+,TFP,14.5139,407945042.25,11047.5625,147059905.32
PL,2005,O,mancante,TFP,14.8101,18500908.95,501.0232,6669383.46
PL,2005,P,1-19,Totale,92.3794,960772777.59,8994.0546,144686428.4
PL,2005,P,20-249,Totale,14.1286,1681352360.78,15739.5956,253201249.71
PL,2005,P,250+,Totale,2.1736,2161738749.58,20236.6229,325544463.91
PL,2005,P,mancante,Totale,2.218,98038038.53,917.7607,14763921.27
PL,2005,P,1-19,TFP,55.4276,576463666.55,5396.4328,86811857.04
PL,2005,P,20-249,TFP,8.4772,1008811416.47,9443.7573,151920749.82
PL,2005,P,250+,TFP,1.3042,1297043249.75,12141.9737,195326678.35
PL,2005,P,mancante,TFP,1.3308,58822823.12,550.6564,8858352.76
PL,2005,Q,1-19,Totale,3561.5835,685448648.74,4476.7982,61272249.63
PL,2005,Q,20-249,Totale,544.7128,1199535135.29,7834.3968,107226436.84
PL,2005,Q,250+,Totale,83.802,1542259459.66,10072.7959,137862561.66
PL,2005,Q,mancante,Totale,85.5122,69943739.67,456.8161,6252270.37
PL,2005,Q,1-19,TFP,2136.9501,411269189.24,2686.0789,36763349.78
PL,2005,Q,20-249,TFP,326.8277,719721081.18,4700.6381,64335862.11
PL,2005,Q,250+,TFP,50.2812,925355675.8,6043.6776,82717536.99
PL,2005,Q,mancante,TFP,51.3073,41966243.8,274.0897,3751362.22
PL,2005,R,1-19,Totale,2668.5359,247310831.93,1382.0164,114039441.08
PL,2005,R,20-249,Totale,408.129,432793955.88,2418.5286,199569021.89
PL,2005,R,250+,Totale,62.7891,556449371.85,3109.5368,256588742.42
PL,2005,R,mancante,Totale,64.0705,25235799.18,141.0221,11636677.66
PL,2005,R,1-19,TFP,1601.1216,148386499.16,829.2098,68423664.65
PL,2005,R,20-249,TFP,244.8774,259676373.53,1451.1172,119741413.13
PL,2005,R,250+,TFP,37.6734,333869623.11,1865.7221,153953245.45
PL,2005,R,mancante,TFP,38.4423,15141479.51,84.6132,6982006.6
PL,2005,S,1-19,Totale,3075.962,786036731.78,2993.2401,123235014.56
PL,2005,S,20-249,Totale,470.4413,1375564280.62,5238.1701,215661275.49
PL,2005,S,250+,Totale,72.3756,1768582646.51,6734.7901,277278782.77
PL,2005,S,mancante,Totale,73.8526,80207829.77,305.4327,12575001.49
PL,2005,S,1-19,TFP,1845.5772,471622039.07,1795.944,73941008.74
PL,2005,S,20-249,TFP,282.2648,825338568.37,3142.9021,129396765.29
PL,2005,S,250+,TFP,43.4253,1061149587.9,4040.8741,166367269.66
PL,2005,S,mancante,TFP,44.3116,48124697.86,183.2596,7545000.89
PL,2006,A,1-19,Totale,1266.0092,949049950.23,9732.9223,137972147.18
PL,2006,A,20-249,Totale,193.6249,1660837412.9,17032.614,241451257.57
PL,2006,A,250+,Totale,29.7885,2135362388.02,21899.0752,310437331.17
PL,2006,A,mancante,Totale,30.3964,96841831.66,993.1553,14078790.53
PL,2006,A,1-19,TFP,759.6055,569429970.14,5839.7534,82783288.31
PL,2006,A,20-249,TFP,116.175,996502447.74,10219.5684,144870754.54
PL,2006,A,250+,TFP,17.8731,1281217432.81,13139.4451,186262398.7
PL,2006,A,mancante,TFP,18.2378,58105098.99,595.8932,8447274.32
PL,2006,B,1-19,Totale,151.1062,1043159040.0,18114.418,336967904.0
PL,2006,B,20-249,Totale,23.1104,1825528320.0,31700.2315,589693832.0
PL,2006,B,250+,Totale,3.5554,2347107840.0,40757.4405,758177784.0
PL,2006,B,mancante,Totale,3.628,106444800.0,1848.41,34384480.0
PL,2006,B,1-19,TFP,90.6637,625895424.0,10868.6508,202180742.4
PL,2006,B,20-249,TFP,13.8662,1095316992.0,19020.1389,353816299.2
PL,2006,B,250+,TFP,2.1333,1408264704.0,24454.4643,454906670.4
PL,2006,B,mancante,TFP,2.1768,63866880.0,1109.046,20630688.0
PL,2006,C,1-19,Totale,19341.4211,10253612600.0,276784.34,991691784.46
PL,2006,C,20-249,Totale,1548.1198,30052106700.0,479565.94,2906529482.12
PL,2006,C,250+,Totale,173.7951,65716389200.0,513168.18,6355848013.42
PL,2006,C,mancante,Totale,429.864,2163716500.0,25908.54,209266720.0
PL,2006,C,1-19,TFP,11604.8527,6152167560.0,166070.604,595015070.68
PL,2006,C,20-249,TFP,928.8719,18031264020.0,287739.564,1743917689.27
PL,2006,C,250+,TFP,104.2771,39429833520.0,307900.908,3813508808.05
PL,2006,C,mancante,TFP,257.9184,1298229900.0,15545.124,125560032.0
PL,2006,D,1-19,Totale,243.236,3550468460.0,20026.594,294660912.0
PL,2006,D,20-249,Totale,37.2008,6213319805.0,35046.5395,515656596.0
PL,2006,D,250+,Totale,5.7232,7988554035.0,45059.8365,662987052.0
PL,2006,D,mancante,Totale,5.84,362292700.0,2043.53,30067440.0
PL,2006,D,1-19,TFP,145.9416,2130281076.0,12015.9564,176796547.2
PL,2006,D,20-249,TFP,22.3205,3727991883.0,21027.9237,309393957.6
PL,2006,D,250+,TFP,3.4339,4793132421.0,27035.9019,397792231.2
PL,2006,D,mancante,TFP,3.504,217375620.0,1226.118,18040464.0
PL,2006,E,1-19,Totale,721.9869,486672426.94,2704.1907,79067653.77
PL,2006,E,20-249,Totale,110.4215,851676747.15,4732.3337,138368394.09
PL,2006,E,250+,Totale,16.9879,1095012960.62,6084.4291,177902220.97
PL,2006,E,mancante,Totale,17.3346,49660451.73,275.9378,8068127.94
PL,2006,E,1-19,TFP,433.1921,292003456.16,1622.5144,47440592.26
PL,2006,E,20-249,TFP,66.2529,511006048.29,2839.4002,83021036.45
PL,2006,E,250+,TFP,10.1928,657007776.37,3650.6574,106741332.58
PL,2006,E,mancante,TFP,10.4008,29796271.04,165.5627,4840876.76
PL,2006,F,1-19,Totale,10913.7994,3661448560.0,68627.734,408790928.0
PL,2006,F,20-249,Totale,1669.1693,6407534980.0,120098.5345,715384124.0
PL,2006,F,250+,Totale,256.7953,8238259260.0,154412.4015,919779588.0
PL,2006,F,mancante,Totale,262.036,373617200.0,7002.83,41713360.0
PL,2006,F,1-19,TFP,6548.2796,2196869136.0,41176.6404,245274556.8
PL,2006,F,20-249,TFP,1001.5016,3844520988.0,72059.1207,429230474.4
PL,2006,F,250+,TFP,154.0772,4942955556.0,92647.4409,551867752.8
PL,2006,F,mancante,TFP,157.2216,224170320.0,4201.698,25028016.0
PL,2006,G,1-19,Totale,41496.728,25792411260.0,219484.622,1033397456.0
PL,2006,G,20-249,Totale,6346.5584,45136719705.0,384098.0885,1808445548.0
PL,2006,G,250+,Totale,976.3936,58032925335.0,493840.3995,2325144276.0
PL,2006,G,mancante,Totale,996.32,2631878700.0,22396.39,105448720.0
PL,2006,G,1-19,TFP,24898.0368,15475446756.0,131690.7732,620038473.6
PL,2006,G,20-249,TFP,3807.935,27082031823.0,230458.8531,1085067328.8
PL,2006,G,250+,TFP,585.8362,34819755201.0,296304.2397,1395086565.6
PL,2006,G,mancante,TFP,597.792,1579127220.0,13437.834,63269232.0
PL,2006,H,1-19,Totale,6436.591,4366783960.0,74606.126,597974832.0
PL,2006,H,20-249,Totale,984.4198,7641871930.0,130560.7205,1046455956.0
PL,2006,H,250+,Totale,151.4492,9825263910.0,167863.7835,1345443372.0
PL,2006,H,mancante,Totale,154.54,445590200.0,7612.87,61017840.0
PL,2006,H,1-19,TFP,3861.9546,2620070376.0,44763.6756,358784899.2
PL,2006,H,20-249,TFP,590.6519,4585123158.0,78336.4323,627873573.6
PL,2006,H,250+,TFP,90.8695,5895158346.0,100718.2701,807266023.2
PL,2006,H,mancante,TFP,92.724,267354120.0,4567.722,36610704.0
PL,2006,I,1-19,Totale,5009.662,485552760.0,22679.16,78009568.0
PL,2006,I,20-249,Totale,766.1836,849717330.0,39688.53,136516744.0
PL,2006,I,250+,Totale,117.8744,1092493710.0,51028.11,175521528.0
PL,2006,I,mancante,Totale,120.28,49546200.0,2314.2,7960160.0
PL,2006,I,1-19,TFP,3005.7972,291331656.0,13607.496,46805740.8
PL,2006,I,20-249,TFP,459.7102,509830398.0,23813.118,81910046.4
PL,2006,I,250+,TFP,70.7246,655496226.0,30616.866,105312916.8
PL,2006,I,mancante,TFP,72.168,29727720.0,1388.52,4776096.0
PL,2006,J,1-19,Totale,1771.4033,716480656.34,1699.6267,141833023.21
PL,2006,J,20-249,Totale,270.9205,1253841148.6,2974.3466,248207790.62
PL,2006,J,250+,Totale,41.6801,1612081476.77,3824.16,319124302.22
PL,2006,J,mancante,Totale,42.5307,73110271.06,173.4313,14472757.47
PL,2006,J,1-19,TFP,1062.842,429888393.81,1019.776,85099813.93
PL,2006,J,20-249,TFP,162.5523,752304689.16,1784.608,148924674.37
PL,2006,J,250+,TFP,25.008,967248886.06,2294.496,191474581.33
PL,2006,J,mancante,TFP,25.5184,43866162.63,104.0588,8683654.48
PL,2006,K,1-19,Totale,1704.1514,491317693.51,9408.8211,129649688.9
PL,2006,K,20-249,Totale,260.6349,859805963.63,16465.4369,226886955.58
PL,2006,K,250+,Totale,40.0977,1105464810.39,21169.8474,291711800.03
PL,2006,K,mancante,Totale,40.916,50134458.52,960.0838,13229560.09
PL,2006,K,1-19,TFP,1022.4908,294790616.1,5645.2927,77789813.34
PL,2006,K,20-249,TFP,156.381,515883578.18,9879.2621,136132173.35
PL,2006,K,250+,TFP,24.0586,663278886.23,12701.9085,175027080.02
PL,2006,K,mancante,TFP,24.5496,30080675.11,576.0503,7937736.06
PL,2006,L,1-19,Totale,11537.7164,4047857660.0,94968.86,629835024.0
PL,2006,L,20-249,Totale,1764.5919,7083750905.0,166195.505,1102211292.0
PL,2006,L,250+,Totale,271.4757,9107679735.0,213679.935,1417128804.0
PL,2006,L,mancante,Totale,277.016,413046700.0,9690.7,64268880.0
PL,2006,L,1-19,TFP,6922.6298,2428714596.0,56981.316,377901014.4
PL,2006,L,20-249,TFP,1058.7552,4250250543.0,99717.303,661326775.2
PL,2006,L,250+,TFP,162.8854,5464607841.0,128207.961,850277282.4
PL,2006,L,mancante,TFP,166.2096,247828020.0,5814.42,38561328.0
PL,2006,M,1-19,Totale,3329.6335,139742310.12,8167.0862,112436269.77
PL,2006,M,20-249,Totale,509.2381,244549042.71,14292.4009,196763472.1
PL,2006,M,250+,Totale,78.3443,314420197.76,18375.944,252981606.99
PL,2006,M,mancante,Totale,79.9432,14259419.4,833.3761,11473088.75
PL,2006,M,1-19,TFP,1997.7801,83845386.07,4900.2517,67461761.86
PL,2006,M,20-249,TFP,305.5428,146729425.62,8575.4405,118058083.26
PL,2006,M,250+,TFP,47.0066,188652118.66,11025.5664,151788964.19
PL,2006,M,mancante,TFP,47.9659,8555651.64,500.0257,6883853.25
PL,2006,N,1-19,Totale,2546.4943,554661965.73,5508.4858,140498735.11
PL,2006,N,20-249,Totale,389.4638,970658440.03,9639.8502,245872786.45
PL,2006,N,250+,Totale,59.9175,1247989422.89,12394.0931,316122154.01
PL,2006,N,mancante,Totale,61.1403,56598159.77,562.0904,14336605.62
PL,2006,N,1-19,TFP,1527.8966,332797179.44,3305.0915,84299241.07
PL,2006,N,20-249,TFP,233.6783,582395064.02,5783.9101,147523671.87
PL,2006,N,250+,TFP,35.9505,748793653.73,7436.4559,189673292.4
PL,2006,N,mancante,TFP,36.6842,33958895.86,337.2542,8601963.37
PL,2006,O,1-19,Totale,924.0335,219333766.77,7730.3486,70676071.5
PL,2006,O,20-249,Totale,141.3228,383834091.85,13528.1101,123683125.12
PL,2006,O,250+,Totale,21.742,493500975.24,17393.2844,159021160.87
PL,2006,O,mancante,Totale,22.1857,22380996.61,788.8111,7211844.03
PL,2006,O,1-19,TFP,554.4201,131600260.06,4638.2092,42405642.9
PL,2006,O,20-249,TFP,84.7937,230300455.11,8116.8661,74209875.07
PL,2006,O,250+,TFP,13.0452,296100585.14,10435.9706,95412696.52
PL,2006,O,mancante,TFP,13.3114,13428597.97,473.2867,4327106.42
PL,2006,P,1-19,Totale,3268.6814,595317559.38,3090.4932,146812395.74
PL,2006,P,20-249,Totale,499.916,1041805728.91,5408.3631,256921692.55
PL,2006,P,250+,Totale,76.9102,1339464508.6,6953.6098,330327890.42
PL,2006,P,mancante,Totale,78.4797,60746689.73,315.3565,14980856.71
PL,2006,P,1-19,TFP,1961.2088,357190535.63,1854.2959,88087437.45
PL,2006,P,20-249,TFP,299.9496,625083437.35,3245.0179,154153015.53
PL,2006,P,250+,TFP,46.1461,803678705.16,4172.1659,198196734.25
PL,2006,P,mancante,TFP,47.0878,36448013.84,189.2139,8988514.03
PL,2006,Q,1-19,Totale,1406.5778,946360261.8,1087.8172,132502753.45
PL,2006,Q,20-249,Totale,215.1237,1656130458.15,1903.6801,231879818.54
PL,2006,Q,250+,Totale,33.0959,2129310589.05,2447.5887,298131195.26
PL,2006,Q,mancante,Totale,33.7714,96567373.65,111.0018,13520689.13
PL,2006,Q,1-19,TFP,843.9467,567816157.08,652.6903,79501652.07
PL,2006,Q,20-249,TFP,129.0742,993678274.89,1142.2081,139127891.12
PL,2006,Q,250+,TFP,19.8576,1277586353.43,1468.5532,178878717.16
PL,2006,Q,mancante,TFP,20.2628,57940424.19,66.6011,8112413.48
PL,2006,R,1-19,Totale,1734.415,882283581.72,564.4467,76990939.39
PL,2006,R,20-249,Totale,265.2635,1543996268.02,987.7817,134734143.94
PL,2006,R,250+,Totale,40.8098,1985138058.88,1270.005,173229613.64
PL,2006,R,mancante,Totale,41.6426,90028936.91,57.5966,7856218.31
PL,2006,R,1-19,TFP,1040.649,529370149.03,338.668,46194563.64
PL,2006,R,20-249,TFP,159.1581,926397760.81,592.669,80840486.36
PL,2006,R,250+,TFP,24.4859,1191082835.33,762.003,103937768.18
PL,2006,R,mancante,TFP,24.9856,54017362.15,34.558,4713730.98
PL,2006,S,1-19,Totale,440.13,723398385.01,1815.3431,137856735.83
PL,2006,S,20-249,Totale,67.314,1265947173.77,3176.8503,241249287.71
PL,2006,S,250+,Totale,10.356,1627646366.27,4084.5219,310177655.62
PL,2006,S,mancante,Totale,10.5673,73816161.74,185.2391,14067013.86
PL,2006,S,1-19,TFP,264.078,434039031.01,1089.2058,82714041.5
PL,2006,S,20-249,TFP,40.3884,759568304.26,1906.1102,144749572.62
PL,2006,S,250+,TFP,6.2136,976587819.76,2450.7131,186106593.37
PL,2006,S,mancante,TFP,6.3404,44289697.04,111.1435,8440208.32
PL,2007,A,1-19,Totale,2756.7757,576666861.81,8530.3832,113308572.05
PL,2007,A,20-249,Totale,421.6245,1009167008.17,14928.1706,198290001.08
PL,2007,A,250+,Totale,64.8653,1297500439.07,19193.3622,254944287.11
PL,2007,A,mancante,Totale,66.1891,58843557.33,870.4473,11562099.19
PL,2007,A,1-19,TFP,1654.0654,346000117.09,5118.2299,67985143.23
PL,2007,A,20-249,TFP,252.9747,605500204.9,8956.9024,118974000.65
PL,2007,A,250+,TFP,38.9192,778500263.44,11516.0173,152966572.26
PL,2007,A,mancante,TFP,39.7135,35306134.4,522.2684,6937259.51
PL,2007,B,1-19,Totale,162.7682,1116236660.0,17940.468,367798704.0
PL,2007,B,20-249,Totale,24.894,1953414155.0,31395.819,643647732.0
PL,2007,B,250+,Totale,3.8298,2511532485.0,40366.053,827547084.0
PL,2007,B,mancante,Totale,3.908,113901700.0,1830.66,37530480.0
PL,2007,B,1-19,TFP,97.6609,669741996.0,10764.2808,220679222.4
PL,2007,B,20-249,TFP,14.9364,1172048493.0,18837.4914,386188639.2
PL,2007,B,250+,TFP,2.2979,1506919491.0,24219.6318,496528250.4
PL,2007,B,mancante,TFP,2.3448,68341020.0,1098.396,22518288.0
PL,2007,C,1-19,Totale,19895.8179,11516974700.0,280529.9,1111747252.57
PL,2007,C,20-249,Totale,1616.3982,34845649300.0,493819.06,3363691931.45
PL,2007,C,250+,Totale,187.14,78693461000.0,550372.9,7596373295.98
PL,2007,C,mancante,Totale,442.844,2552165000.0,27035.14,246363520.0
PL,2007,C,1-19,TFP,11937.4907,6910184820.0,168317.94,667048351.54
PL,2007,C,20-249,TFP,969.8389,20907389580.0,296291.436,2018215158.87
PL,2007,C,250+,TFP,112.284,47216076600.0,330223.74,4557823977.59
PL,2007,C,mancante,TFP,265.7064,1531299000.0,16221.084,147818112.0
PL,2007,D,1-19,Totale,254.065,3843609000.0,19857.544,326928784.0
PL,2007,D,20-249,Totale,38.857,6726315750.0,34750.702,572125372.0
PL,2007,D,250+,Totale,5.978,8648120250.0,44679.474,735589764.0
PL,2007,D,mancante,Totale,6.1,392205000.0,2026.28,33360080.0
PL,2007,D,1-19,TFP,152.439,2306165400.0,11914.5264,196157270.4
PL,2007,D,20-249,TFP,23.3142,4035789450.0,20850.4212,343275223.2
PL,2007,D,250+,TFP,3.5868,5188872150.0,26807.6844,441353858.4
PL,2007,D,mancante,TFP,3.66,235323000.0,1215.768,20016048.0
PL,2007,E,1-19,Totale,2440.8758,748282931.17,3149.2728,84803296.19
PL,2007,E,20-249,Totale,373.3104,1309495129.55,5511.2273,148405768.33
PL,2007,E,250+,Totale,57.4324,1683636595.13,7085.8637,190807416.42
PL,2007,E,mancante,Totale,58.6045,76355401.14,321.3544,8653397.57
PL,2007,E,1-19,TFP,1464.5255,448969758.7,1889.5637,50881977.71
PL,2007,E,20-249,TFP,223.9863,785697077.73,3306.7364,89043461.0
PL,2007,E,250+,TFP,34.4594,1010181957.08,4251.5182,114484449.85
PL,2007,E,mancante,TFP,35.1627,45813240.68,192.8126,5192038.54
PL,2007,F,1-19,Totale,12826.534,4771680760.0,78094.436,520841776.0
PL,2007,F,20-249,Totale,1961.7052,8350441330.0,136665.263,911473108.0
PL,2007,F,250+,Totale,301.8008,10736281710.0,175712.481,1171893996.0
PL,2007,F,mancante,Totale,307.96,486906200.0,7968.82,53147120.0
PL,2007,F,1-19,TFP,7695.9204,2863008456.0,46856.6616,312505065.6
PL,2007,F,20-249,TFP,1177.0231,5010264798.0,81999.1578,546883864.8
PL,2007,F,250+,TFP,181.0805,6441769026.0,105427.4886,703136397.6
PL,2007,F,mancante,TFP,184.776,292143720.0,4781.292,31888272.0
PL,2007,G,1-19,Totale,42820.8648,30052473220.0,223636.196,1242425184.0
PL,2007,G,20-249,Totale,6549.0734,52591828135.0,391363.343,2174244072.0
PL,2007,G,250+,Totale,1007.5498,67618064745.0,503181.441,2795456664.0
PL,2007,G,mancante,Totale,1028.112,3066578900.0,22820.02,126778080.0
PL,2007,G,1-19,TFP,25692.5189,18031483932.0,134181.7176,745455110.4
PL,2007,G,20-249,TFP,3929.4441,31555096881.0,234818.0058,1304546443.2
PL,2007,G,250+,TFP,604.5299,40570838847.0,301908.8646,1677273998.4
PL,2007,G,mancante,TFP,616.8672,1839947340.0,13692.012,76066848.0
PL,2007,H,1-19,Totale,7410.5346,5050095820.0,77811.314,682629584.0
PL,2007,H,20-249,Totale,1133.3759,8837667685.0,136169.7995,1194601772.0
PL,2007,H,250+,Totale,174.3655,11362715595.0,175075.4565,1535916564.0
PL,2007,H,mancante,Totale,177.924,515315900.0,7939.93,69656080.0
PL,2007,H,1-19,TFP,4446.3208,3030057492.0,46686.7884,409577750.4
PL,2007,H,20-249,TFP,680.0255,5302600611.0,81701.8797,716761063.2
PL,2007,H,250+,TFP,104.6193,6817629357.0,105045.2739,921549938.4
PL,2007,H,mancante,TFP,106.7544,309189540.0,4763.958,41793648.0
PL,2007,I,1-19,Totale,5239.0702,595681240.0,23210.712,93531984.0
PL,2007,I,20-249,Totale,801.2696,1042442170.0,40618.746,163680972.0
PL,2007,I,250+,Totale,123.2722,1340282790.0,52224.102,210446964.0
PL,2007,I,mancante,Totale,125.788,60783800.0,2368.44,9544080.0
PL,2007,I,1-19,TFP,3143.4421,357408744.0,13926.4272,56119190.4
PL,2007,I,20-249,TFP,480.7617,625465302.0,24371.2476,98208583.2
PL,2007,I,250+,TFP,73.9633,804169674.0,31334.4612,126268178.4
PL,2007,I,mancante,TFP,75.4728,36470280.0,1421.064,5726448.0
PL,2007,J,1-19,Totale,90.9897,421800414.0,3202.9774,173596670.32
PL,2007,J,20-249,Totale,13.9161,738150724.49,5605.2105,303794173.06
PL,2007,J,250+,Totale,2.1409,949050931.49,7206.6992,390592508.22
PL,2007,J,mancante,Totale,2.1846,43040858.57,326.8344,17713945.95
PL,2007,J,1-19,TFP,54.5938,253080248.4,1921.7865,104158002.19
PL,2007,J,20-249,TFP,8.3496,442890434.7,3363.1263,182276503.84
PL,2007,J,250+,TFP,1.2846,569430558.9,4324.0195,234355504.93
PL,2007,J,mancante,TFP,1.3108,25824515.14,196.1007,10628367.57
PL,2007,K,1-19,Totale,1849.7598,342798111.89,1677.1103,85199050.46
PL,2007,K,20-249,Totale,282.9044,599896695.81,2934.943,149098338.3
PL,2007,K,250+,Totale,43.5238,771295751.76,3773.4981,191697863.53
PL,2007,K,mancante,Totale,44.412,34979399.17,171.1337,8693780.66
PL,2007,K,1-19,TFP,1109.8559,205678867.14,1006.2662,51119430.28
PL,2007,K,20-249,TFP,169.7427,359938017.49,1760.9658,89459002.98
PL,2007,K,250+,TFP,26.1143,462777451.05,2264.0989,115018718.12
PL,2007,K,mancante,TFP,26.6472,20987639.5,102.6802,5216268.4
PL,2007,L,1-19,Totale,12843.8604,4882315900.0,102849.628,775774272.0
PL,2007,L,20-249,Totale,1964.3551,8544052825.0,179986.849,1357604976.0
PL,2007,L,250+,Totale,302.2085,10985210775.0,231411.663,1745492112.0
PL,2007,L,mancante,Totale,308.376,498195500.0,10494.86,79160640.0
PL,2007,L,1-19,TFP,7706.3162,2929389540.0,61709.7768,465464563.2
PL,2007,L,20-249,TFP,1178.6131,5126431695.0,107992.1094,814562985.6
PL,2007,L,250+,TFP,181.3251,6591126465.0,138846.9978,1047295267.2
PL,2007,L,mancante,TFP,185.0256,298917300.0,6296.916,47496384.0
PL,2007,M,1-19,Totale,456.8606,872733022.02,6251.6709,166327414.73
PL,2007,M,20-249,Totale,69.8728,1527282788.54,10940.424,291072975.77
PL,2007,M,250+,Totale,10.7497,1963649299.55,14066.2594,374236683.14
PL,2007,M,mancante,Totale,10.969,89054390.0,637.9256,16972185.18
PL,2007,M,1-19,TFP,274.1163,523639813.21,3751.0025,99796448.84
PL,2007,M,20-249,TFP,41.9237,916369673.12,6564.2544,174643785.46
PL,2007,M,250+,TFP,6.4498,1178189579.73,8439.7557,224542009.88
PL,2007,M,mancante,TFP,6.5814,53432634.0,382.7554,10183311.11
PL,2007,N,1-19,Totale,1928.1741,967024642.94,8219.6161,158475430.81
PL,2007,N,20-249,Totale,294.8972,1692293125.15,14384.3281,277332003.92
PL,2007,N,250+,Totale,45.3688,2175805446.63,18494.1361,356569719.32
PL,2007,N,mancante,Totale,46.2947,98675983.97,838.7363,16170962.33
PL,2007,N,1-19,TFP,1156.9045,580214785.77,4931.7696,95085258.49
PL,2007,N,20-249,TFP,176.9383,1015375875.09,8630.5969,166399202.35
PL,2007,N,250+,TFP,27.2213,1305483267.98,11096.4817,213941831.59
PL,2007,N,mancante,TFP,27.7768,59205590.38,503.2418,9702577.4
PL,2007,O,1-19,Totale,4128.8468,188017209.07,7151.0911,35266753.19
PL,2007,O,20-249,Totale,631.4707,329030115.87,12514.4094,61716818.08
PL,2007,O,250+,Totale,97.1493,423038720.4,16089.9549,79350194.67
PL,2007,O,mancante,Totale,99.132,19185429.5,729.7032,3598648.28
PL,2007,O,1-19,TFP,2477.3081,112810325.44,4290.6546,21160051.91
PL,2007,O,20-249,TFP,378.8824,197418069.52,7508.6456,37030090.85
PL,2007,O,250+,TFP,58.2896,253823232.24,9653.9729,47610116.8
PL,2007,O,mancante,TFP,59.4792,11511257.7,437.8219,2159188.97
PL,2007,P,1-19,Totale,651.2582,228076857.38,4799.5206,90853629.22
PL,2007,P,20-249,Totale,99.6042,399134500.41,8399.161,158993851.14
PL,2007,P,250+,Totale,15.3237,513172929.1,10798.9213,204420665.75
PL,2007,P,mancante,Totale,15.6365,23273148.71,489.747,9270778.49
PL,2007,P,1-19,TFP,390.7549,136846114.43,2879.7123,54512177.53
PL,2007,P,20-249,TFP,59.7625,239480700.24,5039.4966,95396310.68
PL,2007,P,250+,TFP,9.1942,307903757.46,6479.3528,122652399.45
PL,2007,P,mancante,TFP,9.3819,13963889.23,293.8482,5562467.1
PL,2007,Q,1-19,Totale,2282.4424,229834069.46,4416.7758,71251022.72
PL,2007,Q,20-249,Totale,349.0794,402209621.55,7729.3576,124689289.75
PL,2007,Q,250+,Totale,53.7045,517126656.28,9937.7454,160314801.11
PL,2007,Q,mancante,Totale,54.8005,23452456.07,450.6914,7270512.52
PL,2007,Q,1-19,TFP,1369.4654,137900441.68,2650.0655,42750613.63
PL,2007,Q,20-249,TFP,209.4477,241325772.93,4637.6145,74813573.85
PL,2007,Q,250+,TFP,32.2227,310275993.77,5962.6473,96188880.67
PL,2007,Q,mancante,TFP,32.8803,14071473.64,270.4148,4362307.51
PL,2007,R,1-19,Totale,1976.0445,605056618.18,7220.954,116303437.17
PL,2007,R,20-249,Totale,302.2186,1058849081.81,12636.6695,203531015.05
PL,2007,R,250+,Totale,46.4952,1361377390.89,16247.1465,261682733.64
PL,2007,R,mancante,Totale,47.444,61740471.24,736.832,11867697.67
PL,2007,R,1-19,TFP,1185.6267,363033970.91,4332.5724,69782062.3
PL,2007,R,20-249,TFP,181.3311,635309449.08,7582.0017,122118609.03
PL,2007,R,250+,TFP,27.8971,816826434.54,9748.2879,157009640.18
PL,2007,R,mancante,TFP,28.4664,37044282.75,442.0992,7120618.6
PL,2007,S,1-19,Totale,3078.6315,591361908.91,6683.4532,60137323.23
PL,2007,S,20-249,Totale,470.8495,1034883340.58,11696.0431,105240315.65
PL,2007,S,250+,Totale,72.4384,1330564295.04,15037.7698,135308977.26
PL,2007,S,mancante,Totale,73.9167,60343051.93,681.985,6136461.55
PL,2007,S,1-19,TFP,1847.1789,354817145.34,4010.0719,36082393.94
PL,2007,S,20-249,TFP,282.5097,620930004.35,7017.6259,63144189.39
PL,2007,S,250+,TFP,43.463,798338577.02,9022.6619,81185386.36
PL,2007,S,mancante,TFP,44.35,36205831.16,409.191,3681876.93
PL,2008,A,1-19,Totale,1333.3972,694115367.56,6453.5146,61457250.17
PL,2008,A,20-249,Totale,203.9313,1214701893.23,11293.6506,107550187.8
PL,2008,A,250+,Totale,31.3741,1561759577.01,14520.4079,138278812.88
PL,2008,A,mancante,Totale,32.0143,70828098.73,658.5219,6271147.98
PL,2008,A,1-19,TFP,800.0383,416469220.53,3872.1088,36874350.1
PL,2008,A,20-249,TFP,122.3588,728821135.94,6776.1904,64530112.68
PL,2008,A,250+,TFP,18.8244,937055746.2,8712.2448,82967287.73
PL,2008,A,mancante,TFP,19.2086,42496859.24,395.1131,3762688.79
PL,2008,B,1-19,Totale,165.4778,169892800.0,2119.74,54749469.05
PL,2008,B,20-249,Totale,27.4605,672133000.0,7273.07,216600849.94
PL,2008,B,250+,Totale,4.4337,6026828500.0,80946.53,1942199201.01
PL,2008,B,mancante,Totale,4.028,140180700.0,1843.66,45174480.0
PL,2008,B,1-19,TFP,99.2867,101935680.0,1271.844,32849681.43
PL,2008,B,20-249,TFP,16.4763,403279800.0,4363.842,129960509.97
PL,2008,B,250+,TFP,2.6602,3616097100.0,48567.918,1165319520.6
PL,2008,B,mancante,TFP,2.4168,84108420.0,1106.196,27104688.0
PL,2008,C,1-19,Totale,18549.3989,11997816600.0,259173.25,1219976646.35
PL,2008,C,20-249,Totale,1541.5004,36744222900.0,473185.16,3736270966.7
PL,2008,C,250+,Totale,171.3847,86773286600.0,522459.56,8823387346.94
PL,2008,C,mancante,Totale,413.516,2765618900.0,25608.53,281217040.0
PL,2008,C,1-19,TFP,11129.6394,7198689960.0,155503.95,731985987.81
PL,2008,C,20-249,TFP,924.9002,22046533740.0,283911.096,2241762580.02
PL,2008,C,250+,TFP,102.8308,52063971960.0,313475.736,5294032408.17
PL,2008,C,mancante,TFP,248.1096,1659371340.0,15365.118,168730224.0
PL,2008,D,1-19,Totale,164.1954,1164725100.0,2108.96,78192576.76
PL,2008,D,20-249,Totale,43.3954,6942050500.0,14236.46,466047152.75
PL,2008,D,250+,Totale,10.3613,15658489000.0,58764.72,1051215950.5
PL,2008,D,mancante,Totale,4.448,485005400.0,1532.86,32560320.0
PL,2008,D,1-19,TFP,98.5172,698835060.0,1265.376,46915546.06
PL,2008,D,20-249,TFP,26.0372,4165230300.0,8541.876,279628291.65
PL,2008,D,250+,TFP,6.2168,9395093400.0,35258.832,630729570.3
PL,2008,D,mancante,TFP,2.6688,291003240.0,919.716,19536192.0
PL,2008,E,1-19,Totale,554.2632,683657074.59,7982.59,129585808.51
PL,2008,E,20-249,Totale,114.3838,1841572947.61,31032.68,349066408.03
PL,2008,E,250+,Totale,7.9451,975736677.8,15692.25,184948903.46
PL,2008,E,mancante,Totale,13.808,71448300.0,1116.48,13542880.0
PL,2008,E,1-19,TFP,332.5579,410194244.75,4789.554,77751485.11
PL,2008,E,20-249,TFP,68.6303,1104943768.56,18619.608,209439844.82
PL,2008,E,250+,TFP,4.767,585442006.68,9415.35,110969342.08
PL,2008,E,mancante,TFP,8.2848,42868980.0,669.888,8125728.0
PL,2008,F,1-19,Totale,14311.6064,687180470.75,724.0602,71431729.59
PL,2008,F,20-249,Totale,2188.8339,1202565823.82,1267.1053,125005526.78
PL,2008,F,250+,Totale,336.7437,1546156059.19,1629.1354,160721391.58
PL,2008,F,mancante,Totale,343.616,70120456.2,73.8837,7288952.0
PL,2008,F,1-19,TFP,8586.9638,412308282.45,434.4361,42859037.75
PL,2008,F,20-249,TFP,1313.3004,721539494.29,760.2632,75003316.07
PL,2008,F,250+,TFP,202.0462,927693635.52,977.4813,96432834.95
PL,2008,F,mancante,TFP,206.1696,42072273.72,44.3302,4373371.2
PL,2008,G,1-19,Totale,42117.313,35914055100.0,239965.936,1640422784.0
PL,2008,G,20-249,Totale,6441.4714,62849596425.0,419940.388,2870739872.0
PL,2008,G,250+,Totale,990.9956,80806623975.0,539923.356,3690951264.0
PL,2008,G,mancante,Totale,1011.22,3664699500.0,24486.32,167390080.0
PL,2008,G,1-19,TFP,25270.3878,21548433060.0,143979.5616,984253670.4
PL,2008,G,20-249,TFP,3864.8828,37709757855.0,251964.2328,1722443923.2
PL,2008,G,250+,TFP,594.5974,48483974385.0,323954.0136,2214570758.4
PL,2008,G,mancante,TFP,606.732,2198819700.0,14691.792,100434048.0
PL,2008,H,1-19,Totale,8273.3876,7688383963.26,146058.22,1269770772.3
PL,2008,H,20-249,Totale,103.7656,5150940210.1,55385.19,850700662.18
PL,2008,H,250+,Totale,11.8428,8051399526.64,167671.63,1329724405.53
PL,2008,H,mancante,Totale,171.204,426341300.0,7532.96,70412160.0
PL,2008,H,1-19,TFP,4964.0326,4613030377.95,87634.932,761862463.38
PL,2008,H,20-249,TFP,62.2593,3090564126.06,33231.114,510420397.31
PL,2008,H,250+,TFP,7.1057,4830839715.99,100602.978,797834643.32
PL,2008,H,mancante,TFP,102.7224,255804780.0,4519.776,42247296.0
PL,2008,I,1-19,Totale,6091.6112,2054467185.23,91266.91,347638343.25
PL,2008,I,20-249,Totale,98.7559,868273007.81,22818.32,146921300.13
PL,2008,I,250+,Totale,3.8209,690608006.96,18938.5,116858436.63
PL,2008,I,mancante,Totale,126.412,73741800.0,2714.77,12477920.0
PL,2008,I,1-19,TFP,3654.9667,1232680311.14,54760.146,208583005.95
PL,2008,I,20-249,TFP,59.2535,520963804.69,13690.992,88152780.08
PL,2008,I,250+,TFP,2.2925,414364804.17,11363.1,70115061.98
PL,2008,I,mancante,TFP,75.8472,44245080.0,1628.862,7486752.0
PL,2008,J,1-19,Totale,2289.2752,2610826771.29,46343.71,369936121.1
PL,2008,J,20-249,Totale,46.441,2792471063.36,28016.24,395673862.71
PL,2008,J,250+,Totale,4.5238,9751657365.34,50362.2,1381742496.18
PL,2008,J,mancante,Totale,47.76,309284800.0,2545.35,43823520.0
PL,2008,J,1-19,TFP,1373.5651,1566496062.78,27806.226,221961672.66
PL,2008,J,20-249,TFP,27.8646,1675482638.02,16809.744,237404317.63
PL,2008,J,250+,TFP,2.7143,5850994419.21,30217.32,829045497.71
PL,2008,J,mancante,TFP,28.656,185570880.0,1527.21,26294112.0
PL,2008,K,1-19,Totale,1945.5548,435810881.85,1411.5523,118662732.65
PL,2008,K,20-249,Totale,297.5554,762669043.24,2470.2165,207659782.13
PL,2008,K,250+,Totale,45.7778,980574484.17,3175.9926,266991148.45
PL,2008,K,mancante,Totale,46.712,44470498.15,144.0359,12108442.11
PL,2008,K,1-19,TFP,1167.3329,261486529.11,846.9314,71197639.59
PL,2008,K,20-249,TFP,178.5333,457601425.95,1482.1299,124595869.28
PL,2008,K,250+,TFP,27.4667,588344690.5,1905.5956,160194689.07
PL,2008,K,mancante,TFP,28.0272,26682298.89,86.4216,7265065.26
PL,2008,L,1-19,Totale,2504.9967,3443804467.0,36648.57,396791668.38
PL,2008,L,20-249,Totale,95.0355,2629004846.89,32096.47,302911280.06
PL,2008,L,250+,Totale,3.0438,501804886.1,6889.89,57817451.56
PL,2008,L,mancante,Totale,53.124,134175800.0,1543.57,15459600.0
PL,2008,L,1-19,TFP,1502.998,2066282680.2,21989.142,238075001.03
PL,2008,L,20-249,TFP,57.0213,1577402908.14,19257.882,181746768.04
PL,2008,L,250+,TFP,1.8263,301082931.66,4133.934,34690470.94
PL,2008,L,mancante,TFP,31.8744,80505480.0,926.142,9275760.0
PL,2008,M,1-19,Totale,9554.5718,7488768099.35,171709.23,1038181003.23
PL,2008,M,20-249,Totale,70.1046,4285171249.11,36186.99,594060775.73
PL,2008,M,250+,Totale,4.2156,1943880151.54,25014.99,269483501.04
PL,2008,M,mancante,Totale,196.508,279955500.0,4753.29,38810720.0
PL,2008,M,1-19,TFP,5732.7431,4493260859.61,103025.538,622908601.94
PL,2008,M,20-249,TFP,42.0627,2571102749.47,21712.194,356436465.44
PL,2008,M,250+,TFP,2.5294,1166328090.93,15008.994,161690100.62
PL,2008,M,mancante,TFP,117.9048,167973300.0,2851.974,23286432.0
PL,2008,N,1-19,Totale,2814.3928,2402261564.75,42231.63,585837593.54
PL,2008,N,20-249,Totale,84.7177,2116221579.92,42539.35,516081252.75
PL,2008,N,250+,Totale,15.9976,1804364155.33,96491.29,440028833.72
PL,2008,N,mancante,Totale,59.492,129037700.0,3699.23,31468320.0
PL,2008,N,1-19,TFP,1688.6357,1441356938.85,25338.978,351502556.12
PL,2008,N,20-249,TFP,50.8306,1269732947.95,25523.61,309648751.65
PL,2008,N,250+,TFP,9.5986,1082618493.2,57894.774,264017300.23
PL,2008,N,mancante,TFP,35.6952,77422620.0,2219.538,18880992.0
PL,2008,O,1-19,Totale,2261.6112,967545231.59,9063.0716,30172621.34
PL,2008,O,20-249,Totale,345.8935,1693204155.28,15860.3752,52802087.34
PL,2008,O,250+,Totale,53.2144,2176976771.08,20391.911,67888398.01
PL,2008,O,mancante,Totale,54.3004,98729105.26,924.8032,3078838.91
PL,2008,O,1-19,TFP,1356.9667,580527138.95,5437.8429,18103572.8
PL,2008,O,20-249,TFP,207.5361,1015922493.17,9516.2251,31681252.41
PL,2008,O,250+,TFP,31.9286,1306186062.65,12235.1466,40733038.81
PL,2008,O,mancante,TFP,32.5802,59237463.16,554.8819,1847303.35
PL,2008,P,1-19,Totale,3361.4048,398304095.33,9620.5428,120953108.23
PL,2008,P,20-249,Totale,514.0972,697032166.83,16835.95,211667939.39
PL,2008,P,250+,Totale,79.0919,896184214.5,21646.2214,272144493.51
PL,2008,P,mancante,Totale,80.706,40643275.03,981.688,12342153.9
PL,2008,P,1-19,TFP,2016.8429,238982457.2,5772.3257,72571864.94
PL,2008,P,20-249,TFP,308.4583,418219300.1,10101.57,127000763.64
PL,2008,P,250+,TFP,47.4551,537710528.7,12987.7328,163286696.1
PL,2008,P,mancante,TFP,48.4236,24385965.02,589.0128,7405292.34
PL,2008,Q,1-19,Totale,1674.2639,123813417.83,5610.1901,56217151.95
PL,2008,Q,20-249,Totale,256.0639,216673481.21,9817.8328,98380015.91
PL,2008,Q,250+,Totale,39.3944,278580190.12,12622.9278,126488591.88
PL,2008,Q,mancante,Totale,40.1984,12634022.23,572.4684,5736444.08
PL,2008,Q,1-19,TFP,1004.5584,74288050.7,3366.1141,33730291.17
PL,2008,Q,20-249,TFP,153.6383,130004088.72,5890.6997,59028009.54
PL,2008,Q,250+,TFP,23.6367,167148114.07,7573.7567,75893155.13
PL,2008,Q,mancante,TFP,24.119,7580413.34,343.481,3441866.45
PL,2008,R,1-19,Totale,3461.0903,523911619.8,6599.7399,80909321.8
PL,2008,R,20-249,Totale,529.3432,916845334.64,11549.5448,141591313.15
PL,2008,R,250+,Totale,81.4374,1178801144.54,14849.4147,182045974.05
PL,2008,R,mancante,Totale,83.0994,53460369.37,673.4428,8256053.25
PL,2008,R,1-19,TFP,2076.6542,314346971.88,3959.8439,48545593.08
PL,2008,R,20-249,TFP,317.6059,550107200.79,6929.7269,84954787.89
PL,2008,R,250+,TFP,48.8625,707280686.72,8909.6488,109227584.43
PL,2008,R,mancante,TFP,49.8596,32076221.62,404.0657,4953631.95
PL,2008,S,1-19,Totale,3688.7753,416489461.82,2568.7277,96164054.44
PL,2008,S,20-249,Totale,564.1656,728856558.19,4495.2735,168287095.26
PL,2008,S,250+,Totale,86.7947,937101289.1,5779.6374,216369122.48
PL,2008,S,mancante,Totale,88.566,42498924.68,262.1151,9812658.62
PL,2008,S,1-19,TFP,2213.2652,249893677.09,1541.2366,57698432.66
PL,2008,S,20-249,TFP,338.4994,437313934.91,2697.1641,100972257.16
PL,2008,S,250+,TFP,52.0768,562260773.46,3467.7824,129821473.49
PL,2008,S,mancante,TFP,53.1396,25499354.81,157.269,5887595.17
PL,2009,A,1-19,Totale,392.1853,955002770.12,1316.7599,45273204.54
PL,2009,A,20-249,Totale,59.9813,1671254847.71,2304.3299,79228107.95
PL,2009,A,250+,Totale,9.2279,2148756232.78,2962.7098,101864710.23
PL,2009,A,mancante,Totale,9.4162,97449262.26,134.3633,4619714.75
PL,2009,A,1-19,TFP,235.3112,573001662.07,790.0559,27163922.73
PL,2009,A,20-249,TFP,35.9888,1002752908.63,1382.5979,47536864.77
PL,2009,A,250+,TFP,5.5367,1289253739.67,1777.6259,61118826.14
PL,2009,A,mancante,TFP,5.6497,58469557.35,80.618,2771828.85
PL,2009,B,1-19,Totale,187.764,151349679.63,2492.63,53797616.45
PL,2009,B,20-249,Totale,30.1582,530694068.96,7422.52,188636514.08
PL,2009,B,250+,Totale,4.9297,4683593451.41,83171.13,1664794829.47
PL,2009,B,mancante,Totale,4.548,109502800.0,1899.72,38923040.0
PL,2009,B,1-19,TFP,112.6584,90809807.78,1495.578,32278569.87
PL,2009,B,20-249,TFP,18.0949,318416441.38,4453.512,113181908.45
PL,2009,B,250+,TFP,2.9578,2810156070.84,49902.678,998876897.68
PL,2009,B,mancante,TFP,2.7288,65701680.0,1139.832,23353824.0
PL,2009,C,1-19,Totale,19296.1116,9003725500.0,247822.89,910644454.65
PL,2009,C,20-249,Totale,1701.6339,28324180500.0,458593.45,2864731705.2
PL,2009,C,250+,Totale,184.7585,68931416400.0,487842.04,6971782080.16
PL,2009,C,mancante,Totale,432.296,2168557600.0,24372.62,219329760.0
PL,2009,C,1-19,TFP,11577.667,5402235300.0,148693.734,546386672.79
PL,2009,C,20-249,TFP,1020.9804,16994508300.0,275156.07,1718839023.12
PL,2009,C,250+,TFP,110.8551,41358849840.0,292705.224,4183069248.1
PL,2009,C,mancante,TFP,259.3776,1301134560.0,14623.572,131597856.0
PL,2009,D,1-19,Totale,205.9218,723659584.08,2250.08,45546784.07
PL,2009,D,20-249,Totale,43.2861,5521663844.19,13830.74,347530850.63
PL,2009,D,250+,Totale,10.8841,15234311671.72,58695.14,958840205.3
PL,2009,D,mancante,Totale,5.308,438359900.0,1526.04,27590160.0
PL,2009,D,1-19,TFP,123.5531,434195750.45,1350.048,27328070.44
PL,2009,D,20-249,TFP,25.9717,3312998306.52,8298.444,208518510.38
PL,2009,D,250+,TFP,6.5304,9140587003.03,35217.084,575304123.18
PL,2009,D,mancante,TFP,3.1848,263015940.0,915.624,16554096.0
PL,2009,E,1-19,Totale,624.6771,392237818.46,8300.6,82542251.2
PL,2009,E,20-249,Totale,122.65,1496993394.53,32537.47,315026239.2
PL,2009,E,250+,Totale,8.2528,922731787.02,16122.96,194179029.59
PL,2009,E,mancante,Totale,15.42,57387000.0,1162.47,12076480.0
PL,2009,E,1-19,TFP,374.8063,235342691.07,4980.36,49525350.72
PL,2009,E,20-249,TFP,73.59,898196036.72,19522.482,189015743.52
PL,2009,E,250+,TFP,4.9517,553639072.21,9673.776,116507417.76
PL,2009,E,mancante,TFP,9.252,34432200.0,697.482,7245888.0
PL,2009,F,1-19,Totale,17222.7748,228380592.13,8727.6828,131758458.13
PL,2009,F,20-249,Totale,2634.0714,399666036.22,15273.4449,230577301.72
PL,2009,F,250+,Totale,405.2418,513856332.29,19637.2863,296456530.79
PL,2009,F,mancante,Totale,413.512,23304142.05,890.5799,13444740.63
PL,2009,F,1-19,TFP,10333.6649,137028355.28,5236.6097,79055074.88
PL,2009,F,20-249,TFP,1580.4429,239799621.73,9164.0669,138346381.03
PL,2009,F,250+,TFP,243.1451,308313799.37,11782.3718,177873918.47
PL,2009,F,mancante,TFP,248.1072,13982485.23,534.3479,8066844.38
PL,2009,G,1-19,Totale,45710.3752,28399478800.0,223423.928,1358838208.0
PL,2009,G,20-249,Totale,6990.9986,49699087900.0,390991.874,2377966864.0
PL,2009,G,250+,Totale,1075.5382,63898827300.0,502703.838,3057385968.0
PL,2009,G,mancante,Totale,1097.488,2897906000.0,22798.36,138656960.0
PL,2009,G,1-19,TFP,27426.2251,17039687280.0,134054.3568,815302924.8
PL,2009,G,20-249,TFP,4194.5991,29819452740.0,234595.1244,1426780118.4
PL,2009,G,250+,TFP,645.3229,38339296380.0,301622.3028,1834431580.8
PL,2009,G,mancante,TFP,658.4928,1738743600.0,13679.016,83194176.0
PL,2009,H,1-19,Totale,9533.6874,5405792700.0,130657.52,959861810.87
PL,2009,H,20-249,Totale,140.3017,4237079000.0,57546.09,752343004.52
PL,2009,H,250+,Totale,15.2709,6205776500.0,162147.86,1101908304.61
PL,2009,H,mancante,Totale,197.74,323441800.0,7150.03,57430880.0
PL,2009,H,1-19,TFP,5720.2124,3243475620.0,78394.512,575917086.52
PL,2009,H,20-249,TFP,84.181,2542247400.0,34527.654,451405802.71
PL,2009,H,250+,TFP,9.1626,3723465900.0,97288.716,661144982.77
PL,2009,H,mancante,TFP,118.644,194065080.0,4290.018,34458528.0
PL,2009,I,1-19,Totale,6485.4286,1664200660.07,81636.45,292826917.9
PL,2009,I,20-249,Totale,120.1387,692060383.32,23775.78,121772520.53
PL,2009,I,250+,Totale,4.9247,566843756.6,18981.62,99739841.57
PL,2009,I,mancante,Totale,134.908,59655200.0,2538.65,10496720.0
PL,2009,I,1-19,TFP,3891.2572,998520396.04,48981.87,175696150.74
PL,2009,I,20-249,TFP,72.0832,415236229.99,14265.468,73063512.32
PL,2009,I,250+,TFP,2.9548,340106253.96,11388.972,59843904.94
PL,2009,I,mancante,TFP,80.9448,35793120.0,1523.19,6298032.0
PL,2009,J,1-19,Totale,2746.3085,2153073749.16,49045.57,318739268.18
PL,2009,J,20-249,Totale,53.1568,2261145169.04,28127.47,334738072.35
PL,2009,J,250+,Totale,5.0987,7722066781.81,49802.62,1143168419.48
PL,2009,J,mancante,Totale,57.236,247679300.0,2591.34,36666240.0
PL,2009,J,1-19,TFP,1647.7851,1291844249.49,29427.342,191243560.91
PL,2009,J,20-249,TFP,31.8941,1356687101.42,16876.482,200842843.41
PL,2009,J,250+,TFP,3.0592,4633240069.08,29881.572,685901051.69
PL,2009,J,mancante,TFP,34.3416,148607580.0,1554.804,21999744.0
PL,2009,K,1-19,Totale,2334.3992,791467842.67,7529.612,70849351.48
PL,2009,K,20-249,Totale,357.0258,1385068724.67,13176.8209,123986365.09
PL,2009,K,250+,Totale,54.927,1780802646.01,16941.6269,159411040.83
PL,2009,K,mancante,Totale,56.048,80762024.76,768.3278,7229525.66
PL,2009,K,1-19,TFP,1400.6395,474880705.6,4517.7672,42509610.89
PL,2009,K,20-249,TFP,214.2155,831041234.8,7906.0925,74391819.05
PL,2009,K,250+,TFP,32.9562,1068481587.6,10164.9761,95646624.5
PL,2009,K,mancante,TFP,33.6288,48457214.86,460.9967,4337715.4
PL,2009,L,1-19,Totale,3089.9958,5276701671.11,40477.92,429310685.59
PL,2009,L,20-249,Totale,106.0108,2295000855.53,32642.33,186720503.1
PL,2009,L,250+,Totale,3.3014,382374373.36,7009.94,31109851.31
PL,2009,L,mancante,Totale,65.292,162328100.0,1635.31,13206960.0
PL,2009,L,1-19,TFP,1853.9975,3166021002.67,24286.752,257586411.36
PL,2009,L,20-249,TFP,63.6065,1377000513.32,19585.398,112032301.86
PL,2009,L,250+,TFP,1.9808,229424624.02,4205.964,18665910.78
PL,2009,L,mancante,TFP,39.1752,97396860.0,981.186,7924176.0
PL,2009,M,1-19,Totale,11205.3696,5929862400.0,171530.38,858307049.33
PL,2009,M,20-249,Totale,91.9603,4305046900.0,39719.89,623126111.99
PL,2009,M,250+,Totale,5.4021,1777783700.0,25462.36,257322038.68
PL,2009,M,mancante,Totale,230.668,245157000.0,4830.87,35484800.0
PL,2009,M,1-19,TFP,6723.2218,3557917440.0,102918.228,514984229.6
PL,2009,M,20-249,TFP,55.1762,2583028140.0,23831.934,373875667.19
PL,2009,M,250+,TFP,3.2413,1066670220.0,15277.416,154393223.21
PL,2009,M,mancante,TFP,138.4008,147094200.0,2898.522,21290880.0
PL,2009,N,1-19,Totale,3218.838,1570305099.47,46898.39,436316862.11
PL,2009,N,20-249,Totale,94.1358,1764881930.98,45170.16,490380975.25
PL,2009,N,250+,Totale,16.6743,1501206069.56,100289.28,417117362.65
PL,2009,N,mancante,Totale,67.952,98701900.0,3925.67,27424800.0
PL,2009,N,1-19,TFP,1931.3028,942183059.68,28139.034,261790117.26
PL,2009,N,20-249,TFP,56.4815,1058929158.59,27102.096,294228585.15
PL,2009,N,250+,TFP,10.0046,900723641.73,60173.568,250270417.59
PL,2009,N,mancante,TFP,40.7712,59221140.0,2355.402,16454880.0
PL,2009,O,1-19,Totale,414.473,451810305.18,3531.7236,101412919.8
PL,2009,O,20-249,Totale,63.39,790668034.06,6180.5164,177472609.66
PL,2009,O,250+,Totale,9.7523,1016573186.65,7946.3782,228179069.56
PL,2009,O,mancante,Totale,9.9513,46103092.36,360.38,10348257.12
PL,2009,O,1-19,TFP,248.6838,271086183.11,2119.0342,60847751.88
PL,2009,O,20-249,TFP,38.034,474400820.43,3708.3098,106483565.79
PL,2009,O,250+,TFP,5.8514,609943911.99,4767.8269,136907441.73
PL,2009,O,mancante,TFP,5.9708,27661855.42,216.228,6208954.27
PL,2009,P,1-19,Totale,3843.7028,559624064.29,4440.5728,109664087.63
PL,2009,P,20-249,Totale,587.8604,979342112.5,7771.0025,191912153.35
PL,2009,P,250+,Totale,90.4401,1259154144.65,9991.2889,246744197.16
PL,2009,P,mancante,Totale,92.2858,57104496.36,453.1197,11190213.02
PL,2009,P,1-19,TFP,2306.2217,335774438.57,2664.3437,65798452.58
PL,2009,P,20-249,TFP,352.7163,587605267.5,4662.6015,115147292.01
PL,2009,P,250+,TFP,54.264,755492486.79,5994.7733,148046518.29
PL,2009,P,mancante,TFP,55.3715,34262697.81,271.8718,6714127.81
PL,2009,Q,1-19,Totale,4053.4162,925422924.41,4129.6181,34479583.35
PL,2009,Q,20-249,Totale,619.9342,1619490117.71,7226.8317,60339270.86
PL,2009,Q,250+,Totale,95.3745,2082201579.92,9291.6407,77579062.53
PL,2009,Q,mancante,Totale,97.3209,94430910.65,421.3896,3518324.83
PL,2009,Q,1-19,TFP,2432.0497,555253754.64,2477.7709,20687750.01
PL,2009,Q,20-249,TFP,371.9605,971694070.63,4336.099,36203562.52
PL,2009,Q,250+,TFP,57.2247,1249320947.95,5574.9844,46547437.52
PL,2009,Q,mancante,TFP,58.3926,56658546.39,252.8338,2110994.9
PL,2009,R,1-19,Totale,1912.5889,242128337.05,8949.6972,38138103.64
PL,2009,R,20-249,Totale,292.5136,423724589.83,15661.9701,66741681.37
PL,2009,R,250+,Totale,45.0021,544788758.36,20136.8187,85810733.19
PL,2009,R,mancante,Totale,45.9205,24706973.17,913.2344,3891643.23
PL,2009,R,1-19,TFP,1147.5533,145277002.23,5369.8183,22882862.18
PL,2009,R,20-249,TFP,175.5082,254234753.9,9397.1821,40045008.82
PL,2009,R,250+,TFP,27.0013,326873255.01,12082.0912,51486439.91
PL,2009,R,mancante,TFP,27.5523,14824183.9,547.9406,2334985.94
PL,2009,S,1-19,Totale,2223.5805,355478889.1,2729.3108,100235782.22
PL,2009,S,20-249,Totale,340.077,622088055.92,4776.2938,175412618.88
PL,2009,S,250+,Totale,52.3195,799827500.47,6140.9492,225530509.98
PL,2009,S,mancante,Totale,53.3873,36273356.03,278.5011,10228141.04
PL,2009,S,1-19,TFP,1334.1483,213287333.46,1637.5865,60141469.33
PL,2009,S,20-249,TFP,204.0462,373252833.55,2865.7763,105247571.33
PL,2009,S,250+,TFP,31.3917,479896500.28,3684.5695,135318305.99
PL,2009,S,mancante,TFP,32.0324,21764013.62,167.1007,6136884.63
PL,2010,A,1-19,Totale,2827.0219,788198597.83,5310.083,170521968.22
PL,2010,A,20-249,Totale,432.3681,1379347546.2,9292.6453,298413444.38
PL,2010,A,250+,Totale,66.5182,1773446845.11,11947.6868,383674428.49
PL,2010,A,mancante,Totale,67.8757,80428428.35,541.8452,17400200.84
PL,2010,A,1-19,TFP,1696.2132,472919158.7,3186.0498,102313180.93
PL,2010,A,20-249,TFP,259.4208,827608527.72,5575.5872,179048066.63
PL,2010,A,250+,TFP,39.9109,1064068107.07,7168.6121,230204657.1
PL,2010,A,mancante,TFP,40.7254,48257057.01,325.1071,10440120.5
PL,2010,B,1-19,Totale,207.7185,280064400.0,3036.04,84338878.85
PL,2010,B,20-249,Totale,28.7256,624701000.0,7323.05,188123095.83
PL,2010,B,250+,Totale,5.4199,5818127700.0,76156.78,1752076905.32
PL,2010,B,mancante,Totale,4.936,137201900.0,1765.63,41317120.0
PL,2010,B,1-19,TFP,124.6311,168038640.0,1821.624,50603327.31
PL,2010,B,20-249,TFP,17.2354,374820600.0,4393.83,112873857.5
PL,2010,B,250+,TFP,3.252,3490876620.0,45694.068,1051246143.19
PL,2010,B,mancante,TFP,2.9616,82321140.0,1059.378,24790272.0
PL,2010,C,1-19,Totale,18367.5246,10170498800.0,241848.32,966470706.74
PL,2010,C,20-249,Totale,1556.7514,32922605100.0,449121.26,3128532242.56
PL,2010,C,250+,Totale,175.72,83963048400.0,487230.03,7978746010.7
PL,2010,C,mancante,Totale,410.204,2592982700.0,24044.89,246403040.0
PL,2010,C,1-19,TFP,11020.5147,6102299280.0,145108.992,579882424.04
PL,2010,C,20-249,TFP,934.0509,19753563060.0,269472.756,1877119345.54
PL,2010,C,250+,TFP,105.432,50377829040.0,292338.018,4787247606.42
PL,2010,C,mancante,TFP,246.1224,1555789620.0,14426.934,147841824.0
PL,2010,D,1-19,Totale,209.4257,1239969500.0,2310.35,93080958.39
PL,2010,D,20-249,Totale,41.4528,3266232200.0,12509.21,245186694.92
PL,2010,D,250+,Totale,9.4095,18437195700.0,64760.85,1384027466.68
PL,2010,D,mancante,Totale,5.312,468232600.0,1624.09,35148880.0
PL,2010,D,1-19,TFP,125.6554,743981700.0,1386.21,55848575.04
PL,2010,D,20-249,TFP,24.8717,1959739320.0,7505.526,147112016.95
PL,2010,D,250+,TFP,5.6457,11062317420.0,38856.51,830416480.01
PL,2010,D,mancante,TFP,3.1872,280939560.0,974.454,21089328.0
PL,2010,E,1-19,Totale,627.4792,578570511.1,8621.55,102582536.44
PL,2010,E,20-249,Totale,132.5641,2199311772.36,34112.33,389945522.12
PL,2010,E,250+,Totale,8.6687,1164040316.54,16156.77,206388341.44
PL,2010,E,mancante,Totale,15.688,80447400.0,1201.85,14263600.0
PL,2010,E,1-19,TFP,376.4875,347142306.66,5172.93,61549521.87
PL,2010,E,20-249,TFP,79.5385,1319587063.41,20467.398,233967313.27
PL,2010,E,250+,TFP,5.2012,698424189.92,9694.062,123833004.86
PL,2010,E,mancante,TFP,9.4128,48268440.0,721.11,8558160.0
PL,2010,F,1-19,Totale,18607.2719,14457058000.0,249900.98,1511751923.96
PL,2010,F,20-249,Totale,408.1083,10881547600.0,134318.31,1137866398.54
PL,2010,F,250+,Totale,15.4358,7232032500.0,57881.74,756242317.49
PL,2010,F,mancante,Totale,388.384,664706900.0,9022.47,69507360.0
PL,2010,F,1-19,TFP,11164.3632,8674234800.0,149940.588,907051154.38
PL,2010,F,20-249,TFP,244.865,6528928560.0,80590.986,682719839.13
PL,2010,F,250+,TFP,9.2615,4339219500.0,34729.044,453745390.5
PL,2010,F,mancante,TFP,233.0304,398824140.0,5413.482,41704416.0
PL,2010,G,1-19,Totale,49494.5784,57835666349.9,636261.08,2693331661.52
PL,2010,G,20-249,Totale,1008.9889,58579809006.86,266807.45,2727985415.95
PL,2010,G,250+,Totale,41.8927,45524110143.24,211098.37,2119998522.53
PL,2010,G,mancante,Totale,1031.54,3304889500.0,22738.1,153904400.0
PL,2010,G,1-19,TFP,29696.747,34701399809.94,381756.648,1615998996.91
PL,2010,G,20-249,TFP,605.3933,35147885404.11,160084.47,1636791249.57
PL,2010,G,250+,TFP,25.1356,27314466085.94,126659.022,1271999113.52
PL,2010,G,mancante,TFP,618.924,1982933700.0,13642.86,92342640.0
PL,2010,H,1-19,Totale,9085.566,7020009413.47,138116.79,1131095733.16
PL,2010,H,20-249,Totale,125.0103,5112537011.28,57425.06,823755134.57
PL,2010,H,250+,Totale,13.7718,7258086375.25,161074.27,1169455772.27
PL,2010,H,mancante,Totale,188.252,395727200.0,7277.88,63761360.0
PL,2010,H,1-19,TFP,5451.3396,4212005648.08,82870.074,678657439.9
PL,2010,H,20-249,TFP,75.0062,3067522206.77,34455.036,494253080.74
PL,2010,H,250+,TFP,8.2631,4354851825.15,96644.562,701673463.36
PL,2010,H,mancante,TFP,112.9512,237436320.0,4366.728,38256816.0
PL,2010,I,1-19,Totale,6155.9149,1645857751.83,70321.37,303006726.41
PL,2010,I,20-249,Totale,127.9102,797731950.91,24281.95,146864543.26
PL,2010,I,250+,Totale,5.0309,631405297.27,18142.25,116243370.33
PL,2010,I,mancante,Totale,128.344,62755000.0,2300.93,11553360.0
PL,2010,I,1-19,TFP,3693.5489,987514651.1,42192.822,181804035.84
PL,2010,I,20-249,TFP,76.7461,478639170.54,14569.17,88118725.96
PL,2010,I,250+,TFP,3.0185,378843178.36,10885.35,69746022.2
PL,2010,I,mancante,TFP,77.0064,37653000.0,1380.558,6932016.0
PL,2010,J,1-19,Totale,2772.4014,2559687514.9,51269.68,380344768.09
PL,2010,J,20-249,Totale,48.4343,2604101642.64,27655.6,386944277.22
PL,2010,J,250+,Totale,4.7004,8444721142.46,49272.93,1254803754.69
PL,2010,J,mancante,Totale,57.664,277724700.0,2616.29,41267200.0
PL,2010,J,1-19,TFP,1663.4408,1535812508.94,30761.808,228206860.86
PL,2010,J,20-249,TFP,29.0606,1562460985.58,16593.36,232166566.33
PL,2010,J,250+,TFP,2.8202,5066832685.48,29563.758,752882252.81
PL,2010,J,mancante,TFP,34.5984,166634820.0,1569.774,24760320.0
PL,2010,K,1-19,Totale,2211.615,580025496.18,8254.1315,168572960.2
PL,2010,K,20-249,Totale,338.247,1015044618.32,14444.7302,295002680.34
PL,2010,K,250+,Totale,52.038,1305057366.41,18571.796,379289160.44
PL,2010,K,mancante,Totale,53.1,59186275.12,842.2583,17201322.47
PL,2010,K,1-19,TFP,1326.969,348015297.71,4952.4789,101143776.12
PL,2010,K,20-249,TFP,202.9482,609026770.99,8666.8381,177001608.21
PL,2010,K,250+,TFP,31.2228,783034419.85,11143.0776,227573496.27
PL,2010,K,mancante,TFP,31.86,35511765.07,505.355,10320793.48
PL,2010,L,1-19,Totale,3049.8307,4823909748.1,41542.2,447095110.37
PL,2010,L,20-249,Totale,101.7978,2637093659.47,32332.65,244414125.12
PL,2010,L,250+,Totale,3.5795,551123792.42,7615.58,51079884.51
PL,2010,L,mancante,Totale,64.392,163512800.0,1663.07,15154880.0
PL,2010,L,1-19,TFP,1829.8984,2894345848.86,24925.32,268257066.22
PL,2010,L,20-249,TFP,61.0787,1582256195.68,19399.59,146648475.07
PL,2010,L,250+,TFP,2.1477,330674275.45,4569.348,30647930.7
PL,2010,L,mancante,TFP,38.6352,98107680.0,997.842,9092928.0
PL,2010,M,1-19,Totale,10868.3837,6738011777.78,169205.33,968304343.43
PL,2010,M,20-249,Totale,87.7676,3885981514.77,39401.88,558445562.78
PL,2010,M,250+,Totale,5.5407,2806808707.46,26951.96,403360093.79
PL,2010,M,mancante,Totale,223.708,274098000.0,4807.33,39390000.0
PL,2010,M,1-19,TFP,6521.0302,4042807066.67,101523.198,580982606.06
PL,2010,M,20-249,TFP,52.6605,2331588908.86,23641.128,335067337.67
PL,2010,M,250+,TFP,3.3244,1684085224.47,16171.176,242016056.27
PL,2010,M,mancante,TFP,134.2248,164458800.0,2884.398,23634000.0
PL,2010,N,1-19,Totale,3180.9596,2063382518.23,48934.83,563177775.34
PL,2010,N,20-249,Totale,84.6423,2014979459.24,44490.04,549966687.8
PL,2010,N,250+,Totale,17.2021,1996006322.53,119358.12,544788176.87
PL,2010,N,mancante,Totale,66.996,123966700.0,4342.51,33835360.0
PL,2010,N,1-19,TFP,1908.5758,1238029510.94,29360.898,337906665.2
PL,2010,N,20-249,TFP,50.7854,1208987675.54,26694.024,329980012.68
PL,2010,N,250+,TFP,10.3213,1197603793.52,71614.872,326872906.12
PL,2010,N,mancante,TFP,40.1976,74380020.0,2605.506,20301216.0
PL,2010,O,1-19,Totale,2513.5476,272556792.13,9117.5946,160148241.06
PL,2010,O,20-249,Totale,384.4249,476974386.22,15955.7906,280259421.86
PL,2010,O,250+,Totale,59.1423,613252782.29,20514.5879,360333542.39
PL,2010,O,mancante,Totale,60.3493,27811917.56,930.3668,16341657.25
PL,2010,O,1-19,TFP,1508.1286,163534075.28,5470.5568,96088944.64
PL,2010,O,20-249,TFP,230.655,286184631.73,9573.4744,168155653.12
PL,2010,O,250+,TFP,35.4854,367951669.37,12308.7527,216200125.44
PL,2010,O,mancante,TFP,36.2096,16687150.54,558.2201,9804994.35
PL,2010,P,1-19,Totale,2513.9702,570529300.45,4658.7232,133847256.12
PL,2010,P,20-249,Totale,384.4896,998426275.79,8152.7655,234232698.2
PL,2010,P,250+,Totale,59.1522,1283690926.01,10482.1271,301156326.26
PL,2010,P,mancante,Totale,60.3594,58217275.56,475.3799,13657883.28
PL,2010,P,1-19,TFP,1508.3821,342317580.27,2795.2339,80308353.67
PL,2010,P,20-249,TFP,230.6937,599055765.47,4891.6593,140539618.92
PL,2010,P,250+,TFP,35.4913,770214555.61,6289.2763,180693795.76
PL,2010,P,mancante,TFP,36.2157,34930365.33,285.2279,8194729.97
PL,2010,Q,1-19,Totale,4150.7647,598642542.21,8825.4403,159950686.45
PL,2010,Q,20-249,Totale,634.8228,1047624448.88,15444.5206,279913701.3
PL,2010,Q,250+,Totale,97.6651,1346945719.98,19857.2407,359889044.52
PL,2010,Q,mancante,Totale,99.6582,61085973.7,900.5551,16321498.62
PL,2010,Q,1-19,TFP,2490.4588,359185525.33,5295.2642,95970411.87
PL,2010,Q,20-249,TFP,380.8937,628574669.33,9266.7123,167948220.78
PL,2010,Q,250+,TFP,58.599,808167431.99,11914.3444,215933426.71
PL,2010,Q,mancante,TFP,59.7949,36651584.22,540.3331,9792899.17
PL,2010,R,1-19,Totale,4136.4482,467699724.31,7024.8422,33166590.28
PL,2010,R,20-249,Totale,632.6333,818474517.54,12293.4739,58041532.98
PL,2010,R,250+,Totale,97.3282,1052324379.7,15805.895,74624828.12
PL,2010,R,mancante,Totale,99.3145,47724461.66,716.8206,3384345.95
PL,2010,R,1-19,TFP,2481.8689,280619834.59,4214.9053,19899954.17
PL,2010,R,20-249,TFP,379.58,491084710.53,7376.0843,34824919.79
PL,2010,R,250+,TFP,58.3969,631394627.82,9483.537,44774896.87
PL,2010,R,mancante,TFP,59.5887,28634677.0,430.0924,2030607.57
PL,2010,S,1-19,Totale,1827.1584,544100953.48,3623.0825,128732227.64
PL,2010,S,20-249,Totale,279.4478,952176668.59,6340.3944,225281398.37
PL,2010,S,250+,Totale,42.992,1224227145.33,8151.9357,289647512.19
PL,2010,S,mancante,Totale,43.8693,55520505.46,369.7023,13135941.6
PL,2010,S,1-19,TFP,1096.295,326460572.09,2173.8495,77239336.58
PL,2010,S,20-249,TFP,167.6687,571306001.15,3804.2366,135168839.02
PL,2010,S,250+,TFP,25.7952,734536287.2,4891.1614,173788507.32
PL,2010,S,mancante,TFP,26.3216,33312303.27,221.8214,7881564.96
PL,2019,A,1-19,Totale,1910.1361,595176829.8,5201.7001,135680464.32
PL,2019,A,20-249,Totale,292.1385,1041559452.15,9102.9752,237440812.56
PL,2019,A,250+,Totale,44.9444,1339147867.05,11703.8253,305281044.72
PL,2019,A,mancante,Totale,45.8616,60732329.57,530.7857,13844945.34
PL,2019,A,1-19,TFP,1146.0817,357106097.88,3121.0201,81408278.59
PL,2019,A,20-249,TFP,175.2831,624935671.29,5461.7851,142464487.53
PL,2019,A,250+,TFP,26.9666,803488720.23,7022.2952,183168626.83
PL,2019,A,mancante,TFP,27.517,36439397.74,318.4714,8306967.2
PL,2019,B,1-19,Totale,264.6092,424516400.0,3870.02,134258558.73
PL,2019,B,20-249,Totale,26.2318,657903400.0,6924.19,208070082.26
PL,2019,B,250+,Totale,3.551,5431826400.0,62440.21,1717882239.02
PL,2019,B,mancante,Totale,6.008,132943800.0,1494.58,42045120.0
PL,2019,B,1-19,TFP,158.7655,254709840.0,2322.012,80555135.24
PL,2019,B,20-249,TFP,15.7391,394742040.0,4154.514,124842049.35
PL,2019,B,250+,TFP,2.1306,3259095840.0,37464.126,1030729343.41
PL,2019,B,mancante,TFP,3.6048,79766280.0,896.748,25227072.0
PL,2019,C,1-19,Totale,18993.3708,19685848387.32,294756.07,2164728587.18
PL,2019,C,20-249,Totale,1331.6379,45580169942.15,455705.39,5012163811.33
PL,2019,C,250+,Totale,136.8033,135415377970.53,672213.36,14890775041.49
PL,2019,C,mancante,Totale,417.588,4095538700.0,29034.18,450360560.0
PL,2019,C,1-19,TFP,11396.0225,11811509032.39,176853.642,1298837152.31
PL,2019,C,20-249,TFP,798.9827,27348101965.29,273423.234,3007298286.8
PL,2019,C,250+,TFP,82.082,81249226782.32,403328.016,8934465024.89
PL,2019,C,mancante,TFP,250.5528,2457323220.0,17420.508,270216336.0
PL,2019,D,1-19,Totale,315.413,2309287204.49,3794.56,153708942.35
PL,2019,D,20-249,Totale,25.2099,2478371182.65,8132.04,164963375.93
PL,2019,D,250+,Totale,3.9451,23530000212.86,62558.3,1566185201.72
PL,2019,D,mancante,Totale,7.032,577911400.0,1520.1,38466480.0
PL,2019,D,1-19,TFP,189.2478,1385572322.69,2276.736,92225365.41
PL,2019,D,20-249,TFP,15.126,1487022709.59,4879.224,98978025.56
PL,2019,D,250+,TFP,2.367,14118000127.71,37534.98,939711121.03
PL,2019,D,mancante,TFP,4.2192,346746840.0,912.06,23079888.0
PL,2019,E,1-19,Totale,767.5996,1105920200.0,10841.74,223266526.32
PL,2019,E,20-249,Totale,137.9343,2560735100.0,37924.53,516968973.52
PL,2019,E,250+,Totale,9.9821,2223644500.0,25285.47,448916100.16
PL,2019,E,mancante,Totale,18.684,120210200.0,1511.26,24268400.0
PL,2019,E,1-19,TFP,460.5598,663552120.0,6505.044,133959915.79
PL,2019,E,20-249,TFP,82.7606,1536441060.0,22754.718,310181384.11
PL,2019,E,250+,TFP,5.9893,1334186700.0,15171.282,269349660.1
PL,2019,E,mancante,TFP,11.2104,72126120.0,906.756,14561040.0
PL,2019,F,1-19,Totale,22609.7385,24924815300.0,358902.46,2497345628.07
PL,2019,F,20-249,Totale,352.6624,14767198600.0,115226.93,1479601690.87
PL,2019,F,250+,Totale,7.623,8318494800.0,47788.72,833472841.06
PL,2019,F,mancante,Totale,468.776,979806300.0,10651.39,98171840.0
PL,2019,F,1-19,TFP,13565.8431,14954889180.0,215341.476,1498407376.84
PL,2019,F,20-249,TFP,211.5975,8860319160.0,69136.158,887761014.52
PL,2019,F,250+,TFP,4.5738,4991096880.0,28673.232,500083704.63
PL,2019,F,mancante,TFP,281.2656,587883780.0,6390.834,58903104.0
PL,2019,G,1-19,Totale,44789.8853,78055877900.0,594866.86,4601289951.57
PL,2019,G,20-249,Totale,974.3547,70556339700.0,266513.45,4159202171.77
PL,2019,G,250+,Totale,44.88,83608979300.0,328137.81,4928637876.66
PL,2019,G,mancante,Totale,934.88,4739208100.0,24275.88,279370000.0
PL,2019,G,1-19,TFP,26873.9312,46833526740.0,356920.116,2760773970.94
PL,2019,G,20-249,TFP,584.6128,42333803820.0,159908.07,2495521303.06
PL,2019,G,250+,TFP,26.928,50165387580.0,196882.686,2957182726.0
PL,2019,G,mancante,TFP,560.928,2843524860.0,14565.528,167622000.0
PL,2019,H,1-19,Totale,12020.3151,13631525600.0,188320.72,2003203885.52
PL,2019,H,20-249,Totale,292.7205,10770944800.0,97350.75,1582830792.92
PL,2019,H,250+,Totale,15.9525,11986443700.0,173750.08,1761452921.56
PL,2019,H,mancante,Totale,251.612,742630900.0,9375.95,109132400.0
PL,2019,H,1-19,TFP,7212.189,8178915360.0,112992.432,1201922331.31
PL,2019,H,20-249,TFP,175.6323,6462566880.0,58410.45,949698475.75
PL,2019,H,250+,TFP,9.5715,7191866220.0,104250.048,1056871752.94
PL,2019,H,mancante,TFP,150.9672,445578540.0,5625.57,65479440.0
PL,2019,I,1-19,Totale,6795.1784,4712498872.03,94379.88,807200251.4
PL,2019,I,20-249,Totale,163.624,2022368155.2,32876.55,346409861.87
PL,2019,I,250+,Totale,6.6457,1195817272.76,21530.6,204830606.74
PL,2019,I,mancante,Totale,142.152,161850700.0,3036.47,27723280.0
PL,2019,I,1-19,TFP,4077.107,2827499323.22,56627.928,484320150.84
PL,2019,I,20-249,TFP,98.1744,1213420893.12,19725.93,207845917.12
PL,2019,I,250+,TFP,3.9874,717490363.66,12918.36,122898364.04
PL,2019,I,mancante,TFP,85.2912,97110420.0,1821.882,16633968.0
PL,2019,J,1-19,Totale,4229.0428,6503072768.07,91721.63,1318719275.92
PL,2019,J,20-249,Totale,43.1059,3875562086.04,36113.49,785902082.01
PL,2019,J,250+,Totale,4.5713,11349425345.9,78871.87,2301482162.06
PL,2019,J,mancante,Totale,87.28,443429800.0,4218.51,89920480.0
PL,2019,J,1-19,TFP,2537.4257,3901843660.84,55032.978,791231565.55
PL,2019,J,20-249,TFP,25.8635,2325337251.62,21668.094,471541249.21
PL,2019,J,250+,TFP,2.7428,6809655207.54,47323.122,1380889297.24
PL,2019,J,mancante,TFP,52.368,266057880.0,2531.106,53952288.0
PL,2019,K,1-19,Totale,2509.4958,143463232.97,9037.3753,156219571.53
PL,2019,K,20-249,Totale,383.8052,251060657.7,15815.4068,273384250.17
PL,2019,K,250+,Totale,59.047,322792274.18,20334.0944,351494035.94
PL,2019,K,mancante,Totale,60.252,14639105.4,922.1812,15940772.6
PL,2019,K,1-19,TFP,1505.6975,86077939.78,5422.4252,93731742.92
PL,2019,K,20-249,TFP,230.2831,150636394.62,9489.2441,164030550.1
PL,2019,K,250+,TFP,35.4282,193675364.51,12200.4566,210896421.56
PL,2019,K,mancante,TFP,36.1512,8783463.24,553.3087,9564463.56
PL,2019,L,1-19,Totale,4187.8615,7235805500.0,55219.57,665325968.54
PL,2019,L,20-249,Totale,91.6535,3968010200.0,31713.78,364855057.19
PL,2019,L,250+,Totale,2.497,667012500.0,7100.1,61331214.28
PL,2019,L,mancante,Totale,87.388,242261800.0,1919.05,22275760.0
PL,2019,L,1-19,TFP,2512.7169,4341483300.0,33131.742,399195581.12
PL,2019,L,20-249,TFP,54.9921,2380806120.0,19028.268,218913034.31
PL,2019,L,250+,TFP,1.4982,400207500.0,4260.06,36798728.57
PL,2019,L,mancante,TFP,52.4328,145357080.0,1151.43,13365456.0
PL,2019,M,1-19,Totale,15463.5975,13714512388.23,259946.96,2631201959.46
PL,2019,M,20-249,Totale,88.8807,4018955865.18,43980.93,771058003.97
PL,2019,M,250+,Totale,5.4138,3576705246.59,41740.65,686209876.58
PL,2019,M,mancante,Totale,317.508,434901500.0,7054.46,83438160.0
PL,2019,M,1-19,TFP,9278.1585,8228707432.94,155968.176,1578721175.67
PL,2019,M,20-249,TFP,53.3284,2411373519.11,26388.558,462634802.38
PL,2019,M,250+,TFP,3.2483,2146023147.95,25044.39,411725925.95
PL,2019,M,mancante,TFP,190.5048,260940900.0,4232.676,50062896.0
PL,2019,N,1-19,Totale,5302.2386,5626600650.7,82048.54,1483391149.68
PL,2019,N,20-249,Totale,136.2145,3954413098.38,68554.43,1042537360.74
PL,2019,N,250+,Totale,18.3829,5322390150.92,138888.05,1403189409.58
PL,2019,N,mancante,Totale,111.364,304151100.0,5907.98,80186080.0
PL,2019,N,1-19,TFP,3181.3432,3375960390.42,49229.124,890034689.81
PL,2019,N,20-249,TFP,81.7287,2372647859.03,41132.658,625522416.44
PL,2019,N,250+,TFP,11.0298,3193434090.55,83332.83,841913645.75
PL,2019,N,mancante,TFP,66.8184,182490660.0,3544.788,48111648.0
PL,2019,O,1-19,Totale,2736.7141,443365852.64,6556.7411,125630325.32
PL,2019,O,20-249,Totale,418.5563,775890242.11,11474.2969,219853069.31
PL,2019,O,250+,Totale,64.3933,997573168.43,14752.6674,282668231.97
PL,2019,O,mancante,Totale,65.7074,45241413.53,669.0552,12819420.95
PL,2019,O,1-19,TFP,1642.0284,266019511.58,3934.0446,75378195.19
PL,2019,O,20-249,TFP,251.1338,465534145.27,6884.5781,131911841.58
PL,2019,O,250+,TFP,38.636,598543901.06,8851.6005,169600939.18
PL,2019,O,mancante,TFP,39.4245,27144848.12,401.4331,7691652.57
PL,2019,P,1-19,Totale,2609.934,751491436.9,1400.2072,62802677.86
PL,2019,P,20-249,Totale,399.1664,1315110014.57,2450.3625,109904686.26
PL,2019,P,250+,Totale,61.4102,1690855733.02,3150.4661,141306025.19
PL,2019,P,mancante,Totale,62.6635,76682799.68,142.8783,6408436.52
PL,2019,P,1-19,TFP,1565.9604,450894862.14,840.1243,37681606.72
PL,2019,P,20-249,TFP,239.4998,789066008.74,1470.2175,65942811.76
PL,2019,P,250+,TFP,36.8461,1014513439.81,1890.2797,84783615.12
PL,2019,P,mancante,TFP,37.5981,46009679.81,85.727,3845061.91
PL,2019,Q,1-19,Totale,1064.2168,836459390.71,6949.6543,47713766.91
PL,2019,Q,20-249,Totale,162.7626,1463803933.74,12161.895,83499092.1
PL,2019,Q,250+,Totale,25.0404,1882033629.09,15636.7221,107355975.55
PL,2019,Q,mancante,Totale,25.5514,85352999.05,709.1484,4868751.73
PL,2019,Q,1-19,TFP,638.5301,501875634.42,4169.7926,28628260.15
PL,2019,Q,20-249,TFP,97.6575,878282360.24,7297.137,50099455.26
PL,2019,Q,250+,TFP,15.0242,1129220177.45,9382.0333,64413585.33
PL,2019,Q,mancante,TFP,15.3309,51211799.43,425.489,2921251.04
PL,2019,R,1-19,Totale,1873.1365,680500737.28,8206.9951,107321750.3
PL,2019,R,20-249,Totale,286.4797,1190876290.23,14362.2414,187813063.02
PL,2019,R,250+,Totale,44.0738,1531126658.87,18465.739,241473938.17
PL,2019,R,mancante,Totale,44.9733,69438850.74,837.4485,10951199.01
PL,2019,R,1-19,TFP,1123.8819,408300442.37,4924.1971,64393050.18
PL,2019,R,20-249,TFP,171.8878,714525774.14,8617.3449,112687837.81
PL,2019,R,250+,TFP,26.4443,918675995.32,11079.4434,144884362.9
PL,2019,R,mancante,TFP,26.984,41663310.45,502.4691,6570719.41
PL,2019,S,1-19,Totale,2990.9187,244016696.19,1167.6541,67958450.25
PL,2019,S,20-249,Totale,457.4346,427029218.33,2043.3947,118927287.94
PL,2019,S,250+,Totale,70.3746,549037566.42,2627.2217,152906513.07
PL,2019,S,mancante,Totale,71.8108,24899662.88,119.1484,6934535.74
PL,2019,S,1-19,TFP,1794.5512,146410017.71,700.5925,40775070.15
PL,2019,S,20-249,TFP,274.4608,256217531.0,1226.0368,71356372.76
PL,2019,S,250+,TFP,42.2247,329422539.85,1576.333,91743907.84
PL,2019,S,mancante,TFP,43.0865,14939797.73,71.489,4160721.44
PL,2020,A,1-19,Totale,3421.1516,247194803.8,4328.7954,170686172.93
PL,2020,A,20-249,Totale,523.2349,432590906.65,7575.3919,298700802.62
PL,2020,A,250+,Totale,80.4977,556188308.54,9739.7895,384043889.08
PL,2020,A,mancante,Totale,82.1405,25223959.57,441.7138,17416956.42
PL,2020,A,1-19,TFP,2052.6909,148316882.28,2597.2772,102411703.76
PL,2020,A,20-249,TFP,313.941,259554543.99,4545.2351,179220481.57
PL,2020,A,250+,TFP,48.2986,333712985.13,5843.8737,230426333.45
PL,2020,A,mancante,TFP,49.2843,15134375.74,265.0283,10450173.85
PL,2020,B,1-19,Totale,252.9203,411533766.42,3771.04,134450724.16
PL,2020,B,20-249,Totale,25.5509,624119120.03,6708.59,203903724.29
PL,2020,B,250+,Totale,3.3768,5069600113.55,62179.04,1656270911.55
PL,2020,B,mancante,Totale,5.752,124597000.0,1482.83,40706640.0
PL,2020,B,1-19,TFP,151.7522,246920259.85,2262.624,80670434.49
PL,2020,B,20-249,TFP,15.3306,374471472.02,4025.154,122342234.58
PL,2020,B,250+,TFP,2.0261,3041760068.13,37307.424,993762546.93
PL,2020,B,mancante,TFP,3.4512,74758200.0,889.698,24423984.0
PL,2020,C,1-19,Totale,18749.6278,20535851904.02,293573.7,2343789155.94
PL,2020,C,20-249,Totale,1280.4171,44876883183.5,450734.83,5121869433.5
PL,2020,C,250+,Totale,131.887,125296837812.48,648161.71,14300325650.56
PL,2020,C,mancante,Totale,411.468,3892032100.0,28417.76,444203760.0
PL,2020,C,1-19,TFP,11249.7767,12321511142.41,176144.22,1406273493.57
PL,2020,C,20-249,TFP,768.2503,26926129910.1,270440.898,3073121660.1
PL,2020,C,250+,TFP,79.1322,75178102687.49,388897.026,8580195390.33
PL,2020,C,mancante,TFP,246.8808,2335219260.0,17050.656,266522256.0
PL,2020,D,1-19,Totale,360.6765,1269830100.0,3947.93,83920637.16
PL,2020,D,20-249,Totale,27.9137,2251079600.0,8370.67,148769535.65
PL,2020,D,250+,Totale,3.8019,24890750500.0,62097.21,1644981987.2
PL,2020,D,mancante,Totale,8.008,579829800.0,1518.69,38319840.0
PL,2020,D,1-19,TFP,216.4059,761898060.0,2368.758,50352382.29
PL,2020,D,20-249,TFP,16.7482,1350647760.0,5022.402,89261721.39
PL,2020,D,250+,TFP,2.2811,14934450300.0,37258.326,986989192.32
PL,2020,D,mancante,TFP,4.8048,347897880.0,911.214,22991904.0
PL,2020,E,1-19,Totale,782.5242,1244432856.79,10970.61,233347310.16
PL,2020,E,20-249,Totale,141.2606,2843093569.39,38921.68,533116940.24
PL,2020,E,250+,Totale,10.1552,2397398173.82,25229.12,449543269.6
PL,2020,E,mancante,Totale,19.06,132345400.0,1533.09,24816480.0
PL,2020,E,1-19,TFP,469.5145,746659714.07,6582.366,140008386.1
PL,2020,E,20-249,TFP,84.7563,1705856141.63,23353.008,319870164.14
PL,2020,E,250+,TFP,6.0931,1438438904.29,15137.472,269725961.76
PL,2020,E,mancante,TFP,11.436,79407240.0,919.854,14889888.0
PL,2020,F,1-19,Totale,24098.4539,26836677723.89,384995.45,2677629722.46
PL,2020,F,20-249,Totale,349.4787,14363611148.35,115770.34,1433129410.74
PL,2020,F,250+,Totale,7.3794,7960338027.76,45807.16,794242786.8
PL,2020,F,mancante,Totale,499.088,1003278100.0,11154.55,100102080.0
PL,2020,F,1-19,TFP,14459.0723,16102006634.33,230997.27,1606577833.47
PL,2020,F,20-249,TFP,209.6872,8618166689.01,69462.204,859877646.44
PL,2020,F,250+,TFP,4.4276,4776202816.66,27484.296,476545672.08
PL,2020,F,mancante,TFP,299.4528,601966860.0,6692.73,60061248.0
PL,2020,G,1-19,Totale,43252.6794,79527455700.0,581318.85,4735557806.06
PL,2020,G,20-249,Totale,934.9909,68427667000.0,261013.2,4074607564.9
PL,2020,G,250+,Totale,44.2377,79189502700.0,326899.09,4715433989.04
PL,2020,G,mancante,Totale,902.692,4635604600.0,23861.86,276032640.0
PL,2020,G,1-19,TFP,25951.6076,47716473420.0,348791.31,2841334683.64
PL,2020,G,20-249,TFP,560.9945,41056600200.0,156607.92,2444764538.94
PL,2020,G,250+,TFP,26.5426,47513701620.0,196139.454,2829260393.42
PL,2020,G,mancante,TFP,541.6152,2781362760.0,14317.116,165619584.0
PL,2020,H,1-19,Totale,11862.4719,13173180096.78,186653.25,2028636524.06
PL,2020,H,20-249,Totale,296.7832,10284836390.37,97194.93,1583838875.06
PL,2020,H,250+,Totale,16.8529,11872732812.84,179845.68,1828370920.88
PL,2020,H,mancante,Totale,248.492,721035700.0,9463.14,111037680.0
PL,2020,H,1-19,TFP,7117.4831,7903908058.07,111991.95,1217181914.43
PL,2020,H,20-249,TFP,178.0699,6170901834.22,58316.958,950303325.04
PL,2020,H,250+,TFP,10.1118,7123639687.71,107907.408,1097022552.53
PL,2020,H,mancante,TFP,149.0952,432621420.0,5677.884,66622608.0
PL,2020,I,1-19,Totale,6860.3105,3798906944.05,96091.94,770611501.48
PL,2020,I,20-249,Totale,137.8596,1183924390.27,28703.22,240160068.53
PL,2020,I,250+,Totale,6.6738,876853265.69,21761.39,177870429.99
PL,2020,I,mancante,Totale,142.956,119585400.0,2990.95,24258000.0
PL,2020,I,1-19,TFP,4116.1863,2279344166.43,57655.164,462366900.89
PL,2020,I,20-249,TFP,82.7158,710354634.16,17221.932,144096041.12
PL,2020,I,250+,TFP,4.0043,526111959.41,13056.834,106722258.0
PL,2020,I,mancante,TFP,85.7736,71751240.0,1794.57,14554800.0
PL,2020,J,1-19,Totale,4128.4203,6917973941.42,95823.91,1423165725.55
PL,2020,J,20-249,Totale,40.7044,4007744198.7,37271.85,824473209.74
PL,2020,J,250+,Totale,4.3033,11347109359.88,80280.62,2334327544.71
PL,2020,J,mancante,Totale,85.172,454547500.0,4354.62,93509520.0
PL,2020,J,1-19,TFP,2477.0522,4150784364.85,57494.346,853899435.33
PL,2020,J,20-249,TFP,24.4227,2404646519.22,22363.11,494683925.84
PL,2020,J,250+,TFP,2.582,6808265615.93,48168.372,1400596526.83
PL,2020,J,mancante,TFP,51.1032,272728500.0,2612.772,56105712.0
PL,2020,K,1-19,Totale,2385.5454,887718184.96,5847.4545,140928525.9
PL,2020,K,20-249,Totale,364.8481,1553506823.68,10233.0453,246624920.32
PL,2020,K,250+,Totale,56.1305,1997365916.15,13156.7726,317089183.26
PL,2020,K,mancante,Totale,57.276,90583488.26,596.679,14380461.83
PL,2020,K,1-19,TFP,1431.3272,532630910.97,3508.4727,84557115.54
PL,2020,K,20-249,TFP,218.9089,932104094.21,6139.8272,147974952.19
PL,2020,K,250+,TFP,33.6783,1198419549.69,7894.0635,190253509.96
PL,2020,K,mancante,TFP,34.3656,54350092.96,358.0074,8628277.1
PL,2020,L,1-19,Totale,4293.5084,7806822100.0,57205.05,686692423.16
PL,2020,L,20-249,Totale,87.1666,3697701700.0,31505.04,325251902.5
PL,2020,L,250+,Totale,2.277,664155800.0,7151.06,58419514.34
PL,2020,L,mancante,Totale,89.448,248340400.0,1956.35,21844160.0
PL,2020,L,1-19,TFP,2576.105,4684093260.0,34323.03,412015453.89
PL,2020,L,20-249,TFP,52.3,2218621020.0,18903.024,195151141.5
PL,2020,L,250+,TFP,1.3662,398493480.0,4290.636,35051708.61
PL,2020,L,mancante,TFP,53.6688,149004240.0,1173.81,13106496.0
PL,2020,M,1-19,Totale,15374.7064,13886561433.34,263613.14,2664161294.18
PL,2020,M,20-249,Totale,86.7208,3781040611.67,43797.67,725399307.65
PL,2020,M,250+,Totale,5.9128,3758510354.99,46339.79,721076838.18
PL,2020,M,mancante,Totale,315.66,437267600.0,7219.4,83890560.0
PL,2020,M,1-19,TFP,9224.8238,8331936860.0,158167.884,1598496776.51
PL,2020,M,20-249,TFP,52.0325,2268624367.0,26278.602,435239584.59
PL,2020,M,250+,TFP,3.5477,2255106212.99,27803.874,432646102.91
PL,2020,M,mancante,TFP,189.396,262360560.0,4331.64,50334336.0
PL,2020,N,1-19,Totale,5324.5685,5052747700.0,83953.17,1492178020.58
PL,2020,N,20-249,Totale,131.8719,3522095500.0,68528.95,1040145640.26
PL,2020,N,250+,Totale,15.6836,4171536600.0,126403.83,1231938659.15
PL,2020,N,mancante,Totale,111.676,260130200.0,5691.55,76821680.0
PL,2020,N,1-19,TFP,3194.7411,3031648620.0,50371.902,895306812.35
PL,2020,N,20-249,TFP,79.1231,2113257300.0,41117.37,624087384.16
PL,2020,N,250+,TFP,9.4102,2502921960.0,75842.298,739163195.49
PL,2020,N,mancante,TFP,67.0056,156078120.0,3414.93,46093008.0
PL,2020,O,1-19,Totale,2355.3051,543332018.48,4007.3195,139934610.77
PL,2020,O,20-249,Totale,360.2231,950831032.33,7012.8091,244885568.85
PL,2020,O,250+,Totale,55.4189,1222497041.57,9016.4688,314852874.24
PL,2020,O,mancante,Totale,56.5499,55442042.7,408.9101,14279041.92
PL,2020,O,1-19,TFP,1413.183,325999211.09,2404.3917,83960766.46
PL,2020,O,20-249,TFP,216.1339,570498619.4,4207.6854,146931341.31
PL,2020,O,250+,TFP,33.2514,733498224.94,5409.8813,188911724.54
PL,2020,O,mancante,TFP,33.93,33265225.62,245.3461,8567425.15
PL,2020,P,1-19,Totale,389.2283,385587564.58,6247.6358,170561359.06
PL,2020,P,20-249,Totale,59.529,674778238.02,10933.3627,298482378.35
PL,2020,P,250+,Totale,9.1583,867572020.31,14057.1806,383763057.88
PL,2020,P,mancante,Totale,9.3452,39345669.86,637.5139,17404220.31
PL,2020,P,1-19,TFP,233.537,231352538.75,3748.5815,102336815.43
PL,2020,P,20-249,TFP,35.7174,404866942.81,6560.0176,179089427.01
PL,2020,P,250+,TFP,5.495,520543212.19,8434.3084,230257834.73
PL,2020,P,mancante,TFP,5.6071,23607401.91,382.5083,10442532.19
PL,2020,Q,1-19,Totale,1715.7093,434540075.95,5996.4477,162649795.6
PL,2020,Q,20-249,Totale,262.4026,760445132.92,10493.7835,284637142.31
PL,2020,Q,250+,Totale,40.3696,977715170.89,13492.0073,365962040.11
PL,2020,Q,mancante,Totale,41.1935,44340824.08,611.8824,16596917.92
PL,2020,Q,1-19,TFP,1029.4256,260724045.57,3597.8686,97589877.36
PL,2020,Q,20-249,TFP,157.4416,456267079.75,6296.2701,170782285.39
PL,2020,Q,250+,TFP,24.2218,586629102.54,8095.2044,219577224.07
PL,2020,Q,mancante,TFP,24.7161,26604494.45,367.1295,9958150.75
PL,2020,R,1-19,Totale,1485.0272,268896026.07,1859.4885,92954328.9
PL,2020,R,20-249,Totale,227.1218,470568045.63,3254.1049,162670075.57
PL,2020,R,250+,Totale,34.9418,605016058.66,4183.8492,209147240.02
PL,2020,R,mancante,Totale,35.6549,27438370.01,189.7437,9485135.6
PL,2020,R,1-19,TFP,891.0163,161337615.64,1115.6931,55772597.34
PL,2020,R,20-249,TFP,136.2731,282340827.38,1952.463,97602045.34
PL,2020,R,250+,TFP,20.9651,363009635.2,2510.3095,125488344.01
PL,2020,R,mancante,TFP,21.3929,16463022.0,113.8462,5691081.36
PL,2020,S,1-19,Totale,1773.0426,142591021.75,2601.6037,170282063.79
PL,2020,S,20-249,Totale,271.1712,249534288.05,4552.8065,297993611.63
PL,2020,S,250+,Totale,41.7186,320829798.93,5853.6084,383134643.53
PL,2020,S,mancante,Totale,42.57,14550104.26,265.4698,17375720.8
PL,2020,S,1-19,TFP,1063.8255,85554613.05,1560.9622,102169238.27
PL,2020,S,20-249,TFP,162.7027,149720572.83,2731.6839,178796166.98
PL,2020,S,250+,TFP,25.0312,192497879.36,3512.165,229880786.12
PL,2020,S,mancante,TFP,25.542,8730062.56,159.2819,10425432.48
PL,2021,A,1-19,Totale,2361.3026,468278225.88,2362.1674,80380186.41
PL,2021,A,20-249,Totale,361.1404,819486895.3,4133.7929,140665326.22
PL,2021,A,250+,Totale,55.5601,1053626008.24,5314.8766,180855419.43
PL,2021,A,mancante,Totale,56.6939,47783492.44,241.0375,8202059.84
PL,2021,A,1-19,TFP,1416.7815,280966935.53,1417.3004,48228111.85
PL,2021,A,20-249,TFP,216.6842,491692137.18,2480.2757,84399195.73
PL,2021,A,250+,TFP,33.336,632175604.94,3188.926,108513251.66
PL,2021,A,mancante,TFP,34.0164,28670095.46,144.6225,4921235.9
PL,2021,B,1-19,Totale,260.2538,420058870.0,3773.98,114012564.05
PL,2021,B,20-249,Totale,26.293,674892680.0,6468.49,183179669.34
PL,2021,B,250+,Totale,3.1412,6464997770.0,61300.47,1754732550.61
PL,2021,B,mancante,Totale,5.912,154284680.0,1460.06,41876016.0
PL,2021,B,1-19,TFP,156.1523,252035322.0,2264.388,68407538.43
PL,2021,B,20-249,TFP,15.7758,404935608.0,3881.094,109907801.6
PL,2021,B,250+,TFP,1.8847,3878998662.0,36780.282,1052839530.37
PL,2021,B,mancante,TFP,3.5472,92570808.0,876.036,25125609.6
PL,2021,C,1-19,Totale,19261.8216,22515549435.07,297330.53,2411792274.65
PL,2021,C,20-249,Totale,1291.1666,52637391226.05,449631.84,5638345796.66
PL,2021,C,250+,Totale,135.3998,147551699188.89,671774.81,15805257128.69
PL,2021,C,mancante,Totale,422.212,4544992650.0,28953.82,486844800.0
PL,2021,C,1-19,TFP,11557.093,13509329661.04,178398.318,1447075364.79
PL,2021,C,20-249,TFP,774.7,31582434735.63,269779.104,3383007477.99
PL,2021,C,250+,TFP,81.2399,88531019513.33,403064.886,9483154277.22
PL,2021,C,mancante,TFP,253.3272,2726995590.0,17372.292,292106880.0
PL,2021,D,1-19,Totale,438.3107,1791700411.16,4478.11,90089237.72
PL,2021,D,20-249,Totale,28.4051,3159736105.88,7854.7,158876012.65
PL,2021,D,250+,Totale,4.4682,30969992102.96,57074.22,1557215125.63
PL,2021,D,mancante,Totale,9.616,733090380.0,1416.47,36860824.0
PL,2021,D,1-19,TFP,262.9864,1075020246.69,2686.866,54053542.63
PL,2021,D,20-249,TFP,17.0431,1895841663.53,4712.82,95325607.59
PL,2021,D,250+,TFP,2.6809,18581995261.78,34244.532,934329075.38
PL,2021,D,mancante,TFP,5.7696,439854228.0,849.882,22116494.4
PL,2021,E,1-19,Totale,794.44,1501955840.0,11129.86,257964971.8
PL,2021,E,20-249,Totale,148.2892,3434993100.0,39994.29,589969341.7
PL,2021,E,250+,Totale,10.2228,2606733360.0,24888.57,447713494.5
PL,2021,E,mancante,Totale,19.448,153952700.0,1551.28,26441792.0
PL,2021,E,1-19,TFP,476.664,901173504.0,6677.916,154778983.08
PL,2021,E,20-249,TFP,88.9735,2060995860.0,23996.574,353981605.02
PL,2021,E,250+,TFP,6.1337,1564040016.0,14933.142,268628096.7
PL,2021,E,mancante,TFP,11.6688,92371620.0,930.768,15865075.2
PL,2021,F,1-19,Totale,26436.0094,30050624450.0,411001.71,3036003484.41
PL,2021,F,20-249,Totale,366.8599,16737469980.0,118340.88,1690980407.55
PL,2021,F,250+,Totale,7.5787,9163194040.0,44425.36,925754108.04
PL,2021,F,mancante,Totale,547.152,1141863030.0,11709.55,115362000.0
PL,2021,F,1-19,TFP,15861.6056,18030374670.0,246601.026,1821602090.65
PL,2021,F,20-249,TFP,220.116,10042481988.0,71004.528,1014588244.53
PL,2021,F,250+,TFP,4.5472,5497916424.0,26655.216,555452464.82
PL,2021,F,mancante,TFP,328.2912,685117818.0,7025.73,69217200.0
PL,2021,G,1-19,Totale,44650.9934,91993727980.0,591045.84,5176715460.69
PL,2021,G,20-249,Totale,954.0979,81652409300.0,264114.41,4594783784.8
PL,2021,G,250+,Totale,44.2887,90156718960.0,332371.41,5073342402.51
PL,2021,G,mancante,Totale,931.62,5383731760.0,24235.34,302955952.0
PL,2021,G,1-19,TFP,26790.596,55196236788.0,354627.504,3106029276.42
PL,2021,G,20-249,TFP,572.4588,48991445580.0,158468.646,2756870270.88
PL,2021,G,250+,TFP,26.5732,54094031376.0,199422.846,3044005441.5
PL,2021,G,mancante,TFP,558.972,3230239056.0,14541.204,181773571.2
PL,2021,H,1-19,Totale,12606.2323,15569467760.0,193553.92,1909105455.84
PL,2021,H,20-249,Totale,330.914,12592112610.0,100862.09,1544026504.62
PL,2021,H,250+,Totale,16.4937,13707864170.0,147933.45,1680838335.53
PL,2021,H,mancante,Totale,264.36,854478460.0,9027.54,104774904.0
PL,2021,H,1-19,TFP,7563.7394,9341680656.0,116132.352,1145463273.5
PL,2021,H,20-249,TFP,198.5484,7555267566.0,60517.254,926415902.77
PL,2021,H,250+,TFP,9.8962,8224718502.0,88760.07,1008503001.32
PL,2021,H,mancante,TFP,158.616,512687076.0,5416.524,62864942.4
PL,2021,I,1-19,Totale,7790.8553,4937504110.0,107551.57,876674725.53
PL,2021,I,20-249,Totale,142.9087,1533056140.0,27722.73,272200597.88
PL,2021,I,250+,Totale,6.588,1110086670.0,20760.32,197100580.59
PL,2021,I,mancante,Totale,162.048,154707080.0,3184.38,27468896.0
PL,2021,I,1-19,TFP,4674.5132,2962502466.0,64530.942,526004835.32
PL,2021,I,20-249,TFP,85.7452,919833684.0,16633.638,163320358.73
PL,2021,I,250+,TFP,3.9528,666052002.0,12456.192,118260348.35
PL,2021,I,mancante,TFP,97.2288,92824248.0,1910.628,16481337.6
PL,2021,J,1-19,Totale,4624.1648,8548484266.99,108598.7,1786588059.49
PL,2021,J,20-249,Totale,41.3363,4751213911.22,39425.4,992978611.97
PL,2021,J,250+,Totale,4.1989,11837310641.79,84441.21,2473935400.54
PL,2021,J,mancante,Totale,95.3,513000180.0,4744.19,107214328.0
PL,2021,J,1-19,TFP,2774.4989,5129090560.2,65159.22,1071952835.69
PL,2021,J,20-249,TFP,24.8018,2850728346.73,23655.24,595787167.18
PL,2021,J,250+,TFP,2.5193,7102386385.07,50664.726,1484361240.33
PL,2021,J,mancante,TFP,57.18,307800108.0,2846.514,64328596.8
PL,2021,K,1-19,Totale,2645.5702,10691862720.0,43472.8,1238482078.34
PL,2021,K,20-249,Totale,42.1652,4494888090.0,28407.26,520661225.22
PL,2021,K,250+,Totale,5.3047,16954401310.0,91252.21,1963897472.44
PL,2021,K,mancante,Totale,54.96,655941880.0,3329.23,75980424.0
PL,2021,K,1-19,TFP,1587.3421,6415117632.0,26083.68,743089247.01
PL,2021,K,20-249,TFP,25.2991,2696932854.0,17044.356,312396735.13
PL,2021,K,250+,TFP,3.1828,10172640786.0,54751.326,1178338483.46
PL,2021,K,mancante,TFP,32.976,393565128.0,1997.538,45588254.4
PL,2021,L,1-19,Totale,4689.6433,8860651314.71,60100.95,747869239.86
PL,2021,L,20-249,Totale,87.7355,4573087946.57,31458.0,385984244.83
PL,2021,L,250+,Totale,1.8852,760340638.73,6232.31,64175347.31
PL,2021,L,mancante,Totale,97.536,289675100.0,1995.74,24449568.0
PL,2021,L,1-19,TFP,2813.786,5316390788.82,36060.57,448721543.92
PL,2021,L,20-249,TFP,52.6413,2743852767.94,18874.8,231590546.9
PL,2021,L,250+,TFP,1.1311,456204383.24,3739.386,38505208.39
PL,2021,L,mancante,TFP,58.5216,173805060.0,1197.444,14669740.8
PL,2021,M,1-19,Totale,16077.4813,15765205610.0,272768.79,3392245443.45
PL,2021,M,20-249,Totale,89.8036,4473274190.0,47179.65,962527502.89
PL,2021,M,250+,Totale,7.4192,4596775260.0,56340.69,989101589.67
PL,2021,M,mancante,Totale,330.096,506841940.0,7679.37,109058664.0
PL,2021,M,1-19,TFP,9646.4888,9459123366.0,163661.274,2035347266.07
PL,2021,M,20-249,TFP,53.8821,2683964514.0,28307.79,577516501.73
PL,2021,M,250+,TFP,4.4515,2758065156.0,33804.414,593460953.8
PL,2021,M,mancante,TFP,198.0576,304105164.0,4607.622,65435198.4
PL,2021,N,1-19,Totale,5801.5562,6093165384.13,88564.07,1677755892.97
PL,2021,N,20-249,Totale,135.0089,3946041955.06,68481.42,1086544468.53
PL,2021,N,250+,Totale,16.1508,5206903540.81,131493.95,1433723286.5
PL,2021,N,mancante,Totale,121.484,311145120.0,5888.56,85673952.0
PL,2021,N,1-19,TFP,3480.9337,3655899230.48,53138.442,1006653535.78
PL,2021,N,20-249,TFP,81.0054,2367625173.03,41088.852,651926681.12
PL,2021,N,250+,TFP,9.6905,3124142124.49,78896.37,860233971.9
PL,2021,N,mancante,TFP,72.8904,186687072.0,3533.136,51404371.2
PL,2021,O,1-19,Totale,1895.6137,261627520.65,5852.7034,151647370.76
PL,2021,O,20-249,Totale,289.9174,457848161.14,10242.2309,265382898.82
PL,2021,O,250+,Totale,44.6027,588661921.46,13168.5826,341206584.2
PL,2021,O,mancante,Totale,45.5129,26696685.78,597.2146,15474221.51
PL,2021,O,1-19,TFP,1137.3682,156976512.39,3511.622,90988422.45
PL,2021,O,20-249,TFP,173.9504,274708896.68,6145.3386,159229739.29
PL,2021,O,250+,TFP,26.7616,353197152.88,7901.1496,204723950.52
PL,2021,O,mancante,TFP,27.3078,16018011.47,358.3288,9284532.9
PL,2021,P,1-19,Totale,2380.204,1368120568.44,53273.78,437959595.13
PL,2021,P,20-249,Totale,35.0813,423800712.83,20939.66,135666104.94
PL,2021,P,250+,Totale,0.6107,139277988.73,5100.41,44585347.93
PL,2021,P,mancante,Totale,49.304,39412230.0,1618.65,12616552.0
PL,2021,P,1-19,TFP,1428.1224,820872341.06,31964.268,262775757.08
PL,2021,P,20-249,TFP,21.0488,254280427.7,12563.796,81399662.96
PL,2021,P,250+,TFP,0.3664,83566793.24,3060.246,26751208.76
PL,2021,P,mancante,TFP,29.5824,23647338.0,971.19,7569931.2
PL,2021,Q,1-19,Totale,5535.2291,6407171875.21,151800.53,1253650265.78
PL,2021,Q,20-249,Totale,38.6882,1884560604.53,32893.21,368739897.85
PL,2021,Q,250+,Totale,1.4988,1820279430.26,23930.13,356162412.37
PL,2021,Q,mancante,Totale,113.784,206367590.0,4257.63,40378624.0
PL,2021,Q,1-19,TFP,3321.1374,3844303125.13,91080.318,752190159.47
PL,2021,Q,20-249,TFP,23.2129,1130736362.72,19735.926,221243938.71
PL,2021,Q,250+,TFP,0.8993,1092167658.16,14358.078,213697447.42
PL,2021,Q,mancante,TFP,68.2704,123820554.0,2554.578,24227174.4
PL,2021,R,1-19,Totale,1195.6363,1156688610.0,22027.95,53515316.21
PL,2021,R,20-249,Totale,6.3102,462278740.0,3771.53,21387772.59
PL,2021,R,250+,Totale,0.3175,4445548030.0,4331.6,205677575.2
PL,2021,R,mancante,Totale,24.536,123765620.0,614.92,5726136.0
PL,2021,R,1-19,TFP,717.3818,694013166.0,13216.77,32109189.73
PL,2021,R,20-249,TFP,3.7861,277367244.0,2262.918,12832663.55
PL,2021,R,250+,TFP,0.1905,2667328818.0,2598.96,123406545.12
PL,2021,R,mancante,TFP,14.7216,74259372.0,368.952,3435681.6
PL,2021,S,1-19,Totale,2527.2538,274057529.06,3506.2425,170055921.5
PL,2021,S,20-249,Totale,386.5212,479600675.85,6135.9243,297597862.63
PL,2021,S,250+,Totale,59.4648,616629440.38,7889.0455,382625823.38
PL,2021,S,mancante,Totale,60.6784,27965053.99,357.7798,17352645.05
PL,2021,S,1-19,TFP,1516.3523,164434517.43,2103.7455,102033552.9
PL,2021,S,20-249,TFP,231.9127,287760405.51,3681.5546,178558717.58
PL,2021,S,250+,TFP,35.6789,369977664.23,4733.4273,229575494.03
PL,2021,S,mancante,TFP,36.407,16779032.39,214.6679,10411587.03
PL,2022,A,1-19,Totale,2820.6134,832618329.52,8646.9565,107415075.76
PL,2022,A,20-249,Totale,431.3879,1457082076.67,15132.1739,187976382.58
PL,2022,A,250+,Totale,66.3674,1873391241.43,19455.6522,241683920.46
PL,2022,A,mancante,Totale,67.7218,84961054.03,882.3425,10960722.02
PL,2022,A,1-19,TFP,1692.368,499570997.71,5188.1739,64449045.46
PL,2022,A,20-249,TFP,258.8328,874249246.0,9079.3043,112785829.55
PL,2022,A,250+,TFP,39.8204,1124034744.86,11673.3913,145010352.28
PL,2022,A,mancante,TFP,40.6331,50976632.42,529.4055,6576433.21
PL,2022,B,1-19,Totale,253.7864,475193180.0,3660.3,114866278.43
PL,2022,B,20-249,Totale,25.6338,770171710.0,6427.82,186170092.09
PL,2022,B,250+,Totale,3.0157,8706558630.0,59633.49,2104596677.48
PL,2022,B,mancante,Totale,5.764,203100480.0,1422.89,49094552.0
PL,2022,B,1-19,TFP,152.2719,285115908.0,2196.18,68919767.06
PL,2022,B,20-249,TFP,15.3803,462103026.0,3856.692,111702055.26
PL,2022,B,250+,TFP,1.8094,5223935178.0,35780.094,1262758006.49
PL,2022,B,mancante,TFP,3.4584,121860288.0,853.734,29456731.2
PL,2022,C,1-19,Totale,19217.2035,25673081552.46,292505.5,2414264170.77
PL,2022,C,20-249,Totale,1294.3431,63518550789.03,446606.58,5973204308.8
PL,2022,C,250+,Totale,138.8173,188933672038.51,686492.45,17767083944.43
PL,2022,C,mancante,Totale,421.436,5676026620.0,29093.97,533766376.0
PL,2022,C,1-19,TFP,11530.3221,15403848931.48,175503.3,1448558502.46
PL,2022,C,20-249,TFP,776.6059,38111130473.42,267963.948,3583922585.28
PL,2022,C,250+,TFP,83.2904,113360203223.11,411895.47,10660250366.66
PL,2022,C,mancante,TFP,252.8616,3405615972.0,17456.382,320259825.6
PL,2022,D,1-19,Totale,443.832,2780701000.0,4596.69,98819045.9
PL,2022,D,20-249,Totale,28.8011,4765978140.0,8005.62,169370749.53
PL,2022,D,250+,Totale,4.4309,47636307950.0,57067.85,1692873308.56
PL,2022,D,mancante,Totale,9.736,1126183410.0,1421.84,40021696.0
PL,2022,D,1-19,TFP,266.2992,1668420600.0,2758.014,59291427.54
PL,2022,D,20-249,TFP,17.2806,2859586884.0,4803.372,101622449.72
PL,2022,D,250+,TFP,2.6586,28581784770.0,34240.71,1015723985.14
PL,2022,D,mancante,TFP,5.8416,675710046.0,853.104,24013017.6
PL,2022,E,1-19,Totale,802.76,1685101501.73,11264.61,296734118.22
PL,2022,E,20-249,Totale,153.6486,3713960799.2,40951.75,654001484.01
PL,2022,E,250+,Totale,10.0675,2510800429.07,23710.61,442133693.77
PL,2022,E,mancante,Totale,19.724,161425770.0,1549.53,28425904.0
PL,2022,E,1-19,TFP,481.656,1011060901.04,6758.766,178040470.93
PL,2022,E,20-249,TFP,92.1892,2228376479.52,24571.05,392400890.41
PL,2022,E,250+,TFP,6.0405,1506480257.44,14226.366,265280216.26
PL,2022,E,mancante,TFP,11.8344,96855462.0,929.718,17055542.4
PL,2022,F,1-19,Totale,27181.1978,33241431829.95,409073.56,3219963562.1
PL,2022,F,20-249,Totale,364.1284,19248004264.43,113995.07,1864476617.36
PL,2022,F,250+,Totale,7.7658,10600163555.61,44241.12,1026795132.53
PL,2022,F,mancante,Totale,562.308,1287542850.0,11577.75,124719088.0
PL,2022,F,1-19,TFP,16308.7187,19944859097.97,245444.136,1931978137.26
PL,2022,F,20-249,TFP,218.4771,11548802558.66,68397.042,1118685970.42
PL,2022,F,250+,TFP,4.6595,6360098133.37,26544.672,616077079.52
PL,2022,F,mancante,TFP,337.3848,772525710.0,6946.65,74831452.8
PL,2022,G,1-19,Totale,44077.9889,105413803880.0,572692.89,5502620324.32
PL,2022,G,20-249,Totale,961.6941,93923709110.0,263537.68,4902835223.29
PL,2022,G,250+,Totale,46.393,113716355060.0,350849.31,5936015052.39
PL,2022,G,mancante,Totale,920.124,6388854450.0,24226.12,333499400.0
PL,2022,G,1-19,TFP,26446.7933,63248282328.0,343615.734,3301572194.59
PL,2022,G,20-249,TFP,577.0165,56354225466.0,158122.608,2941701133.98
PL,2022,G,250+,TFP,27.8358,68229813036.0,210509.586,3561609031.43
PL,2022,G,mancante,TFP,552.0744,3833312670.0,14535.672,200099640.0
PL,2022,H,1-19,Totale,12732.0165,19626590830.0,191141.16,2514780315.52
PL,2022,H,20-249,Totale,346.8652,16532957210.0,103994.66,2118389062.53
PL,2022,H,250+,Totale,16.8583,16395700860.0,151914.7,2100802229.95
PL,2022,H,mancante,Totale,267.26,1072556100.0,9123.48,137427992.0
PL,2022,H,1-19,TFP,7639.2099,11775954498.0,114684.696,1508868189.31
PL,2022,H,20-249,TFP,208.1191,9919774326.0,62396.796,1271033437.52
PL,2022,H,250+,TFP,10.115,9837420516.0,91148.82,1260481337.97
PL,2022,H,mancante,TFP,160.356,643533660.0,5474.088,82456795.2
PL,2022,I,1-19,Totale,7890.832,6582467430.0,105778.75,1073173837.36
PL,2022,I,20-249,Totale,159.3361,2422481600.0,31163.51,394949751.33
PL,2022,I,250+,Totale,7.3919,1523364920.0,23794.4,248362091.31
PL,2022,I,mancante,Totale,164.44,214863550.0,3280.34,35030320.0
PL,2022,I,1-19,TFP,4734.4992,3949480458.0,63467.25,643904302.42
PL,2022,I,20-249,TFP,95.6016,1453488960.0,18698.106,236969850.8
PL,2022,I,250+,TFP,4.4351,914018952.0,14276.64,149017254.79
PL,2022,I,mancante,TFP,98.664,128918130.0,1968.204,21018192.0
PL,2022,J,1-19,Totale,4681.4332,10869098625.97,123342.31,2299692163.28
PL,2022,J,20-249,Totale,36.2821,5690337198.31,41281.03,1203965877.18
PL,2022,J,250+,Totale,4.1207,13858694995.72,95211.9,2932233239.54
PL,2022,J,mancante,Totale,96.364,620778180.0,5302.76,131344720.0
PL,2022,J,1-19,TFP,2808.8599,6521459175.58,74005.386,1379815297.97
PL,2022,J,20-249,TFP,21.7692,3414202318.99,24768.618,722379526.31
PL,2022,J,250+,TFP,2.4724,8315216997.43,57127.14,1759339943.72
PL,2022,J,mancante,TFP,57.8184,372466908.0,3181.656,78806832.0
PL,2022,K,1-19,Totale,2508.9373,12952191560.0,39708.62,1365248633.76
PL,2022,K,20-249,Totale,42.8805,5332849830.0,27132.77,562118457.77
PL,2022,K,250+,Totale,5.9822,21249886350.0,105462.7,2239881812.47
PL,2022,K,mancante,Totale,52.2,806835260.0,3516.41,85045896.0
PL,2022,K,1-19,TFP,1505.3624,7771314936.0,23825.172,819149180.26
PL,2022,K,20-249,TFP,25.7283,3199709898.0,16279.662,337271074.66
PL,2022,K,250+,TFP,3.5893,12749931810.0,63277.62,1343929087.48
PL,2022,K,mancante,TFP,31.32,484101156.0,2109.846,51027537.6
PL,2022,L,1-19,Totale,4797.578,8872791620.0,60590.95,770677180.22
PL,2022,L,20-249,Totale,88.1638,4962174140.0,30855.79,431006895.88
PL,2022,L,250+,Totale,1.9102,911659210.0,6167.63,79185331.9
PL,2022,L,mancante,Totale,99.748,300951530.0,1992.13,26140192.0
PL,2022,L,1-19,TFP,2878.5468,5323674972.0,36354.57,462406308.13
PL,2022,L,20-249,TFP,52.8983,2977304484.0,18513.474,258604137.53
PL,2022,L,250+,TFP,1.1461,546995526.0,3700.578,47511199.14
PL,2022,L,mancante,TFP,59.8488,180570918.0,1195.278,15684115.2
PL,2022,M,1-19,Totale,15947.038,17538280440.03,274046.71,3873519569.62
PL,2022,M,20-249,Totale,92.6044,5049146201.17,51131.99,1115158734.46
PL,2022,M,250+,Totale,7.8576,5216122978.8,62647.97,1152037367.92
PL,2022,M,mancante,Totale,327.5,567419380.0,7914.83,125320728.0
PL,2022,M,1-19,TFP,9568.2228,10522968264.02,164428.026,2324111741.77
PL,2022,M,20-249,TFP,55.5626,3029487720.7,30679.194,669095240.68
PL,2022,M,250+,TFP,4.7146,3129673787.28,37588.782,691222420.75
PL,2022,M,mancante,TFP,196.5,340451628.0,4748.898,75192436.8
PL,2022,N,1-19,Totale,5911.8066,7132556803.89,89518.59,1833952562.66
PL,2022,N,20-249,Totale,136.2016,4948937787.54,67349.52,1272491392.28
PL,2022,N,250+,Totale,16.4278,5850598818.56,127099.63,1504330213.05
PL,2022,N,mancante,Totale,123.764,365961090.0,5795.26,94097432.0
PL,2022,N,1-19,TFP,3547.0839,4279534082.34,53711.154,1100371537.6
PL,2022,N,20-249,TFP,81.721,2969362672.53,40409.712,763494835.37
PL,2022,N,250+,TFP,9.8567,3510359291.14,76259.778,902598127.83
PL,2022,N,mancante,TFP,74.2584,219576654.0,3477.156,56458459.2
PL,2022,O,1-19,Totale,1680.9398,455676733.11,3542.7174,94406854.59
PL,2022,O,20-249,Totale,257.0849,797434282.95,6199.7555,165211995.53
PL,2022,O,250+,Totale,39.5515,1025272649.5,7971.1142,212415422.82
PL,2022,O,mancante,Totale,40.3587,46497625.83,361.5018,9633352.51
PL,2022,O,1-19,TFP,1008.5639,273406039.87,2125.6305,56644112.75
PL,2022,O,20-249,TFP,154.2509,478460569.77,3719.8533,99127197.32
PL,2022,O,250+,TFP,23.7309,615163589.7,4782.6685,127449253.69
PL,2022,O,mancante,TFP,24.2152,27898575.5,216.9011,5780011.51
PL,2022,P,1-19,Totale,2470.7212,1791168466.4,54740.84,531774969.37
PL,2022,P,20-249,Totale,38.7961,470977149.91,23168.18,139827081.69
PL,2022,P,250+,Totale,0.6546,155323283.69,5389.51,46113492.94
PL,2022,P,mancante,Totale,51.228,49336100.0,1699.97,14647256.0
PL,2022,P,1-19,TFP,1482.4327,1074701079.84,32844.504,319064981.62
PL,2022,P,20-249,TFP,23.2777,282586289.94,13900.908,83896249.01
PL,2022,P,250+,TFP,0.3928,93193970.21,3233.706,27668095.76
PL,2022,P,mancante,TFP,30.7368,29601660.0,1019.982,8788353.6
PL,2022,Q,1-19,Totale,5754.6458,8305334199.48,153811.49,1687026809.69
PL,2022,Q,20-249,Totale,41.9616,2014042694.45,33781.09,409103828.91
PL,2022,Q,250+,Totale,1.6605,2079320956.07,25839.17,422363521.39
PL,2022,Q,mancante,Totale,118.332,253034650.0,4355.75,51397840.0
PL,2022,Q,1-19,TFP,3452.7875,4983200519.69,92286.894,1012216085.82
PL,2022,Q,20-249,TFP,25.177,1208425616.67,20268.654,245462297.35
PL,2022,Q,250+,TFP,0.9963,1247592573.64,15503.502,253418112.84
PL,2022,Q,mancante,TFP,70.9992,151820790.0,2613.45,30838704.0
PL,2022,R,1-19,Totale,1192.8492,1638381108.41,21262.57,69987857.36
PL,2022,R,20-249,Totale,7.0452,588425933.09,4171.37,25136196.98
PL,2022,R,250+,Totale,0.4096,6417416238.5,5669.3,274137201.66
PL,2022,R,mancante,Totale,24.496,176412720.0,634.76,7535944.0
PL,2022,R,1-19,TFP,715.7095,983028665.04,12757.542,41992714.42
PL,2022,R,20-249,TFP,4.2271,353055559.86,2502.822,15081718.19
PL,2022,R,250+,TFP,0.2458,3850449743.1,3401.58,164482321.0
PL,2022,R,mancante,TFP,14.6976,105847632.0,380.856,4521566.4
PL,2022,S,1-19,Totale,3745.3119,591255677.19,9677.5768,145056367.21
PL,2022,S,20-249,Totale,572.8124,1034697435.08,16935.7594,253848642.62
PL,2022,S,250+,Totale,88.125,1330325273.67,21774.5478,326376826.22
PL,2022,S,mancante,Totale,89.9235,60332211.96,987.5078,14801670.12
PL,2022,S,1-19,TFP,2247.1872,354753406.31,5806.5461,87033820.33
PL,2022,S,20-249,TFP,343.6874,620818461.05,10161.4557,152309185.57
PL,2022,S,250+,TFP,52.875,798195164.2,13064.7287,195826095.73
PL,2022,S,mancante,TFP,53.9541,36199327.17,592.5047,8881002.07
PL,2023,A,1-19,Totale,1655.7639,328696750.95,3300.7251,170784274.49
PL,2023,A,20-249,Totale,253.2345,575219314.17,5776.2689,298872480.35
PL,2023,A,250+,Totale,38.9592,739567689.64,7426.6314,384264617.6
PL,2023,A,mancante,Totale,39.7542,33540484.79,336.8087,17426966.78
PL,2023,A,1-19,TFP,993.4583,197218050.57,1980.435,102470564.69
PL,2023,A,20-249,TFP,151.9407,345131588.5,3465.7613,179323488.21
PL,2023,A,250+,TFP,23.3755,443740613.79,4455.9788,230558770.56
PL,2023,A,mancante,TFP,23.8525,20124290.87,202.0852,10456180.07
PL,2023,B,1-19,Totale,241.9994,567367570.0,3585.33,159478094.74
PL,2023,B,20-249,Totale,25.0695,963144490.0,6978.58,270724758.25
PL,2023,B,250+,Totale,2.8231,9077412190.0,61614.56,2551517707.01
PL,2023,B,mancante,Totale,5.508,216488250.0,1473.03,60851440.0
PL,2023,B,1-19,TFP,145.1996,340420542.0,2151.198,95686856.84
PL,2023,B,20-249,TFP,15.0417,577886694.0,4187.148,162434854.95
PL,2023,B,250+,TFP,1.6939,5446447314.0,36968.736,1530910624.21
PL,2023,B,mancante,TFP,3.3048,129892950.0,883.818,36510864.0
PL,2023,C,1-19,Totale,18919.9304,27136725247.09,288435.56,2923803074.67
PL,2023,C,20-249,Totale,1219.7869,64106006884.71,429286.55,6906999217.03
PL,2023,C,250+,Totale,131.5827,188473004938.21,694027.67,20306722580.3
PL,2023,C,mancante,Totale,413.7,5708484430.0,28811.22,615051528.0
PL,2023,C,1-19,TFP,11351.9582,16282035148.25,173061.336,1754281844.8
PL,2023,C,20-249,TFP,731.8721,38463604130.82,257571.93,4144199530.22
PL,2023,C,250+,TFP,78.9496,113083802962.92,416416.602,12184033548.18
PL,2023,C,mancante,TFP,248.22,3425090658.0,17286.732,369030916.8
PL,2023,D,1-19,Totale,494.0897,3307950558.17,5172.44,110102778.78
PL,2023,D,20-249,Totale,27.697,6976653789.97,8103.13,232212953.41
PL,2023,D,250+,Totale,4.6692,63445383521.85,59236.59,2111734411.82
PL,2023,D,mancante,Totale,10.744,1504693630.0,1479.84,50082656.0
PL,2023,D,1-19,TFP,296.4538,1984770334.9,3103.464,66061667.27
PL,2023,D,20-249,TFP,16.6182,4185992273.98,4861.878,139327772.04
PL,2023,D,250+,TFP,2.8015,38067230113.11,35541.954,1267040647.09
PL,2023,D,mancante,TFP,6.4464,902816178.0,887.904,30049593.6
PL,2023,E,1-19,Totale,808.5043,1616424366.49,11232.27,314395565.0
PL,2023,E,20-249,Totale,154.7337,3932406527.52,40698.91,764855564.95
PL,2023,E,250+,Totale,9.902,2396999305.99,21653.59,466217886.05
PL,2023,E,mancante,Totale,19.86,162159800.0,1501.73,31540184.0
PL,2023,E,1-19,TFP,485.1026,969854619.89,6739.362,188637339.0
PL,2023,E,20-249,TFP,92.8402,2359443916.51,24419.346,458913338.97
PL,2023,E,250+,TFP,5.9412,1438199583.59,12992.154,279730731.63
PL,2023,E,mancante,TFP,11.916,97295880.0,901.038,18924110.4
PL,2023,F,1-19,Totale,26845.8813,36735108410.0,407122.38,3728028498.68
PL,2023,F,20-249,Totale,335.7527,20859682690.0,108542.35,2116925603.53
PL,2023,F,250+,Totale,7.6821,12142484200.0,46364.29,1232268777.79
PL,2023,F,mancante,Totale,554.884,1423209700.0,11469.98,144433120.0
PL,2023,F,1-19,TFP,16107.5288,22041065046.0,244273.428,2236817099.21
PL,2023,F,20-249,TFP,201.4516,12515809614.0,65125.41,1270155362.12
PL,2023,F,250+,TFP,4.6093,7285490520.0,27818.574,739361266.67
PL,2023,F,mancante,TFP,332.9304,853925820.0,6881.988,86659872.0
PL,2023,G,1-19,Totale,42985.5337,107379400343.89,559841.66,6240086246.84
PL,2023,G,20-249,Totale,912.8468,93923599747.71,256725.21,5458135928.89
PL,2023,G,250+,Totale,45.9955,122739417838.4,359054.36,7132695384.27
PL,2023,G,mancante,Totale,896.824,6613110570.0,23992.27,384304440.0
PL,2023,G,1-19,TFP,25791.3202,64427640206.33,335904.996,3744051748.1
PL,2023,G,20-249,TFP,547.7081,56354159848.63,154035.126,3274881557.33
PL,2023,G,250+,TFP,27.5973,73643650703.04,215432.616,4279617230.56
PL,2023,G,mancante,TFP,538.0944,3967866342.0,14395.362,230582664.0
PL,2023,H,1-19,Totale,12620.4026,20382117910.0,189447.72,3031709190.06
PL,2023,H,20-249,Totale,348.7692,16555147840.0,106415.26,2462471960.52
PL,2023,H,250+,Totale,16.8082,17636209360.0,154888.02,2623272921.42
PL,2023,H,mancante,Totale,265.02,1113744390.0,9199.0,165662328.0
PL,2023,H,1-19,TFP,7572.2416,12229270746.0,113668.632,1819025514.04
PL,2023,H,20-249,TFP,209.2615,9933088704.0,63849.156,1477483176.31
PL,2023,H,250+,TFP,10.0849,10581725616.0,92932.812,1573963752.85
PL,2023,H,mancante,TFP,159.012,668246634.0,5519.4,99397396.8
PL,2023,I,1-19,Totale,7626.3709,7733922350.0,103282.69,1251972297.97
PL,2023,I,20-249,Totale,153.198,2938293820.0,32053.35,475652883.42
PL,2023,I,250+,Totale,6.9231,1866891180.0,24200.12,302213538.6
PL,2023,I,mancante,Totale,158.908,255900150.0,3255.84,41425280.0
PL,2023,I,1-19,TFP,4575.8226,4640353410.0,61969.614,751183378.78
PL,2023,I,20-249,TFP,91.9188,1762976292.0,19232.01,285391730.05
PL,2023,I,250+,TFP,4.1539,1120134708.0,14520.072,181328123.16
PL,2023,I,mancante,TFP,95.3448,153540090.0,1953.504,24855168.0
PL,2023,J,1-19,Totale,4604.2269,12711021400.0,134885.24,2667763243.35
PL,2023,J,20-249,Totale,31.6194,6561963870.0,40966.45,1377211591.87
PL,2023,J,250+,Totale,3.6697,15906170280.0,99837.5,3338354572.78
PL,2023,J,mancante,Totale,94.684,717941950.0,5626.31,150680192.0
PL,2023,J,1-19,TFP,2762.5361,7626612840.0,80931.144,1600657946.01
PL,2023,J,20-249,TFP,18.9716,3937178322.0,24579.87,826326955.12
PL,2023,J,250+,TFP,2.2018,9543702168.0,59902.5,2003012743.67
PL,2023,J,mancante,TFP,56.8104,430765170.0,3375.786,90408115.2
PL,2023,K,1-19,Totale,2418.016,13154893290.0,39281.34,1461888832.38
PL,2023,K,20-249,Totale,40.7114,5698852390.0,27048.0,633307202.32
PL,2023,K,250+,Totale,5.7766,25452819700.0,104906.55,2828543877.3
PL,2023,K,mancante,Totale,50.296,904215620.0,3494.61,100484488.0
PL,2023,K,1-19,TFP,1450.8096,7892935974.0,23568.804,877133299.43
PL,2023,K,20-249,TFP,24.4268,3419311434.0,16228.8,379984321.39
PL,2023,K,250+,TFP,3.466,15271691820.0,62943.93,1697126326.38
PL,2023,K,mancante,TFP,30.1776,542529372.0,2096.766,60290692.8
PL,2023,L,1-19,Totale,4900.223,9826435791.71,61595.45,832460193.58
PL,2023,L,20-249,Totale,87.5794,6004959352.19,30854.81,508718494.75
PL,2023,L,250+,Totale,1.9656,1045492576.1,7100.59,88570359.66
PL,2023,L,mancante,Totale,101.832,344426280.0,2031.65,29178552.0
PL,2023,L,1-19,TFP,2940.1338,5895861475.03,36957.27,499476116.15
PL,2023,L,20-249,TFP,52.5476,3602975611.31,18512.886,305231096.85
PL,2023,L,250+,TFP,1.1794,627295545.66,4260.354,53142215.8
PL,2023,L,mancante,TFP,61.0992,206655768.0,1218.99,17507131.2
PL,2023,M,1-19,Totale,15834.5826,19257129939.38,278925.64,4222619249.09
PL,2023,M,20-249,Totale,89.0041,5708084469.79,49733.53,1251643803.28
PL,2023,M,250+,Totale,7.2933,6105666970.82,62378.47,1338823955.63
PL,2023,M,mancante,Totale,325.12,634099620.0,7980.36,139042592.0
PL,2023,M,1-19,TFP,9500.7496,11554277963.63,167355.384,2533571549.45
PL,2023,M,20-249,TFP,53.4024,3424850681.88,29840.118,750986281.97
PL,2023,M,250+,TFP,4.376,3663400182.49,37427.082,803294373.38
PL,2023,M,mancante,TFP,195.072,380459772.0,4788.216,83425555.2
PL,2023,N,1-19,Totale,6023.6235,8354650920.0,92263.08,2138150998.61
PL,2023,N,20-249,Totale,128.2914,5466845230.0,65467.43,1399093834.05
PL,2023,N,250+,Totale,15.6171,7052448480.0,124131.21,1804886871.34
PL,2023,N,mancante,Totale,125.868,425998870.0,5752.28,109023096.0
PL,2023,N,1-19,TFP,3614.1741,5012790552.0,55357.848,1282890599.17
PL,2023,N,20-249,TFP,76.9749,3280107138.0,39280.458,839456300.43
PL,2023,N,250+,TFP,9.3702,4231469088.0,74478.726,1082932122.81
PL,2023,N,mancante,TFP,75.5208,255599322.0,3451.368,65413857.6
PL,2023,O,1-19,Totale,3272.0757,591549378.32,569.594,159735716.11
PL,2023,O,20-249,Totale,500.4351,1035211412.05,996.7895,279537503.19
PL,2023,O,250+,Totale,76.99,1330986101.21,1281.5865,359405361.25
PL,2023,O,mancante,Totale,78.5612,60362181.46,58.1218,16299562.87
PL,2023,O,1-19,TFP,1963.2454,354929626.99,341.7564,95841429.67
PL,2023,O,20-249,TFP,300.2611,621126847.23,598.0737,167722501.92
PL,2023,O,250+,TFP,46.194,798591660.73,768.9519,215643216.75
PL,2023,O,mancante,TFP,47.1367,36217308.88,34.8731,9779737.72
PL,2023,P,1-19,Totale,2502.6996,2160430580.0,57048.25,662237912.5
PL,2023,P,20-249,Totale,37.7839,589660610.0,23920.33,180748974.33
PL,2023,P,250+,Totale,0.6565,183416310.0,5725.65,56222697.17
PL,2023,P,mancante,Totale,51.86,59867500.0,1769.27,18351216.0
PL,2023,P,1-19,TFP,1501.6197,1296258348.0,34228.95,397342747.5
PL,2023,P,20-249,TFP,22.6703,353796366.0,14352.198,108449384.6
PL,2023,P,250+,TFP,0.3939,110049786.0,3435.39,33733618.3
PL,2023,P,mancante,TFP,31.116,35920500.0,1061.562,11010729.6
PL,2023,Q,1-19,Totale,5734.2812,10404433773.66,158792.34,2086803829.91
PL,2023,Q,20-249,Totale,40.7969,2482106634.93,34019.72,497832918.61
PL,2023,Q,250+,Totale,1.6299,2762246591.42,28079.45,554020227.48
PL,2023,Q,mancante,Totale,117.892,319363000.0,4507.99,64054224.0
PL,2023,Q,1-19,TFP,3440.5687,6242660264.19,95275.404,1252082297.95
PL,2023,Q,20-249,TFP,24.4781,1489263980.96,20411.832,298699751.16
PL,2023,Q,250+,TFP,0.9779,1657347954.85,16847.67,332412136.49
PL,2023,Q,mancante,TFP,70.7352,191617800.0,2704.794,38432534.4
PL,2023,R,1-19,Totale,1166.7994,2012980753.02,21595.77,84241568.72
PL,2023,R,20-249,Totale,6.4595,646589472.97,3906.28,27059231.16
PL,2023,R,250+,Totale,0.3891,8333518034.01,6250.44,348750792.12
PL,2023,R,mancante,Totale,23.952,224348740.0,648.01,9388808.0
PL,2023,R,1-19,TFP,700.0796,1207788451.81,12957.462,50544941.23
PL,2023,R,20-249,TFP,3.8757,387953683.78,2343.768,16235538.7
PL,2023,R,250+,TFP,0.2335,5000110820.41,3750.264,209250475.27
PL,2023,R,mancante,TFP,14.3712,134609244.0,388.806,5633284.8
PL,2023,S,1-19,Totale,1769.0521,792223812.21,1385.1269,42139291.12
PL,2023,S,20-249,Totale,270.5609,1386391671.36,2423.9721,73743759.47
PL,2023,S,250+,Totale,41.6248,1782503577.47,3116.5356,94813405.03
PL,2023,S,mancante,Totale,42.4742,80839164.51,141.3395,4299927.67
PL,2023,S,1-19,TFP,1061.4312,475334287.32,831.0762,25283574.67
PL,2023,S,20-249,TFP,162.3365,831835002.82,1454.3833,44246255.68
PL,2023,S,250+,TFP,24.9749,1069502146.48,1869.9214,56888043.02
PL,2023,S,mancante,TFP,25.4845,48503498.71,84.8037,2579956.6
EE,2005,A,1-19,Totale,3151.4773,873340227.39,883.7885,30152441.69
EE,2005,A,20-249,Totale,481.9906,1528345397.93,1546.6299,52766772.95
EE,2005,A,250+,Totale,74.1524,1965015511.62,1988.5241,67842993.79
EE,2005,A,mancante,Totale,75.6657,89116349.73,90.1825,3076779.76
EE,2005,A,1-19,TFP,1890.8864,524004136.43,530.2731,18091465.01
EE,2005,A,20-249,TFP,289.1944,917007238.76,927.9779,31660063.77
EE,2005,A,250+,TFP,44.4914,1179009306.97,1193.1145,40705796.28
EE,2005,A,mancante,TFP,45.3994,53469809.84,54.1095,1846067.86
EE,2005,B,1-19,Totale,43.1077,34782160.0,997.542,9296280.0
EE,2005,B,20-249,Totale,6.593,60868780.0,1745.6985,16268490.0
EE,2005,B,250+,Totale,1.0143,78259860.0,2244.4695,20916630.0
EE,2005,B,mancante,Totale,1.035,3549200.0,101.79,948600.0
EE,2005,B,1-19,TFP,25.8646,20869296.0,598.5252,5577768.0
EE,2005,B,20-249,TFP,3.9558,36521268.0,1047.4191,9761094.0
EE,2005,B,250+,TFP,0.6086,46955916.0,1346.6817,12549978.0
EE,2005,B,mancante,TFP,0.621,2129520.0,61.074,569160.0
EE,2005,C,1-19,Totale,2864.8787,683540200.0,18685.17,103351422.37
EE,2005,C,20-249,Totale,923.7925,3631458600.0,62514.396,549077306.02
EE,2005,C,250+,Totale,56.8488,1597037400.0,34292.16,241472391.62
EE,2005,C,mancante,Totale,78.48,120653800.0,2356.974,18242880.0
EE,2005,C,1-19,TFP,1718.9272,410124120.0,11211.102,62010853.42
EE,2005,C,20-249,TFP,554.2755,2178875160.0,37508.6376,329446383.61
EE,2005,C,250+,TFP,34.1093,958222440.0,20575.296,144883434.97
EE,2005,C,mancante,TFP,47.088,72392280.0,1414.1844,10945728.0
EE,2005,D,1-19,Totale,156.8123,210703920.0,1508.7492,15512028.0
EE,2005,D,20-249,Totale,23.9831,368731860.0,2640.3111,27146049.0
EE,2005,D,250+,Totale,3.6897,474083820.0,3394.6857,34902063.0
EE,2005,D,mancante,Totale,3.765,21500400.0,153.954,1582860.0
EE,2005,D,1-19,TFP,94.0874,126422352.0,905.2495,9307216.8
EE,2005,D,20-249,TFP,14.3898,221239116.0,1584.1867,16287629.4
EE,2005,D,250+,TFP,2.2138,284450292.0,2036.8114,20941237.8
EE,2005,D,mancante,TFP,2.259,12900240.0,92.3724,949716.0
EE,2005,E,1-19,Totale,777.4689,790159229.93,5108.9337,95470511.42
EE,2005,E,20-249,Totale,118.907,1382778652.38,8940.634,167073394.99
EE,2005,E,250+,Totale,18.2934,1777858267.35,11495.1009,214808650.71
EE,2005,E,mancante,Totale,18.6667,80628492.85,521.3198,9741888.92
EE,2005,E,1-19,TFP,466.4814,474095537.96,3065.3602,57282306.85
EE,2005,E,20-249,TFP,71.3442,829667191.43,5364.3804,100244037.0
EE,2005,E,250+,TFP,10.976,1066714960.41,6897.0605,128885190.42
EE,2005,E,mancante,TFP,11.2,48377095.71,312.7919,5845133.35
EE,2005,F,1-19,Totale,2246.601,496595400.0,7263.9756,76028988.0
EE,2005,F,20-249,Totale,343.5978,869041950.0,12711.9573,133050729.0
EE,2005,F,250+,Totale,52.8612,1117339650.0,16343.9451,171065223.0
EE,2005,F,mancante,Totale,53.94,50673000.0,741.222,7758060.0
EE,2005,F,1-19,TFP,1347.9606,297957240.0,4358.3854,45617392.8
EE,2005,F,20-249,TFP,206.1587,521425170.0,7627.1744,79830437.4
EE,2005,F,250+,TFP,31.7167,670403790.0,9806.3671,102639133.8
EE,2005,F,mancante,TFP,32.364,30403800.0,444.7332,4654836.0
EE,2005,G,1-19,Totale,7806.876,2500014300.0,16604.0028,125572692.0
EE,2005,G,20-249,Totale,1193.9928,4375025025.0,29057.0049,219752211.0
EE,2005,G,250+,Totale,183.6912,5625032175.0,37359.0063,282538557.0
EE,2005,G,mancante,Totale,187.44,255103500.0,1694.286,12813540.0
EE,2005,G,1-19,TFP,4684.1256,1500008580.0,9962.4017,75343615.2
EE,2005,G,20-249,TFP,716.3957,2625015015.0,17434.2029,131851326.6
EE,2005,G,250+,TFP,110.2147,3375019305.0,22415.4038,169523134.2
EE,2005,G,mancante,TFP,112.464,153062100.0,1016.5716,7688124.0
EE,2005,H,1-19,Totale,2106.657,727185480.0,7702.8588,69977292.0
EE,2005,H,20-249,Totale,322.1946,1272574590.0,13480.0029,122460261.0
EE,2005,H,250+,Totale,49.5684,1636167330.0,17331.4323,157448907.0
EE,2005,H,mancante,Totale,50.58,74202600.0,786.006,7140540.0
EE,2005,H,1-19,TFP,1263.9942,436311288.0,4621.7153,41986375.2
EE,2005,H,20-249,TFP,193.3168,763544754.0,8088.0017,73476156.6
EE,2005,H,250+,TFP,29.741,981700398.0,10398.8594,94469344.2
EE,2005,H,mancante,TFP,30.348,44521560.0,471.6036,4284324.0
EE,2005,I,1-19,Totale,1078.3185,68558840.0,2983.4532,15183924.0
EE,2005,I,20-249,Totale,164.9193,119977970.0,5221.0431,26571867.0
EE,2005,I,250+,Totale,25.3722,154257390.0,6712.7697,34163829.0
EE,2005,I,mancante,Totale,25.89,6995800.0,304.434,1549380.0
EE,2005,I,1-19,TFP,646.9911,41135304.0,1790.0719,9110354.4
EE,2005,I,20-249,TFP,98.9516,71986782.0,3132.6259,15943120.2
EE,2005,I,250+,TFP,15.2233,92554434.0,4027.6618,20498297.4
EE,2005,I,mancante,TFP,15.534,4197480.0,182.6604,929628.0
EE,2005,J,1-19,Totale,3598.4397,260883078.54,1614.0646,59836417.95
EE,2005,J,20-249,Totale,550.3496,456545387.45,2824.613,104713731.4
EE,2005,J,250+,Totale,84.6692,586986926.72,3631.6453,134631940.38
EE,2005,J,mancante,Totale,86.3971,26620722.3,164.7005,6105756.93
EE,2005,J,1-19,TFP,2159.0638,156529847.13,968.4387,35901850.77
EE,2005,J,20-249,TFP,330.2098,273927232.47,1694.7678,62828238.84
EE,2005,J,250+,TFP,50.8015,352192156.03,2178.9872,80779164.23
EE,2005,J,mancante,TFP,51.8383,15972433.38,98.8203,3663454.16
EE,2005,K,1-19,Totale,224.91,614964281.54,6083.4414,174365715.13
EE,2005,K,20-249,Totale,34.398,1076187492.7,10646.0225,305140001.48
EE,2005,K,250+,Totale,5.292,1383669633.47,13687.7432,392322859.05
EE,2005,K,mancante,Totale,5.4,62751457.3,620.7593,17792419.91
EE,2005,K,1-19,TFP,134.946,368978568.92,3650.0648,104619429.08
EE,2005,K,20-249,TFP,20.6388,645712495.62,6387.6135,183084000.89
EE,2005,K,250+,TFP,3.1752,830201780.08,8212.6459,235393715.43
EE,2005,K,mancante,TFP,3.24,37650874.38,372.4556,10675451.95
EE,2005,L,1-19,Totale,5317.872,389549020.0,9899.568,78562680.0
EE,2005,L,20-249,Totale,813.3216,681710785.0,17324.244,137484690.0
EE,2005,L,250+,Totale,125.1264,876485295.0,22274.028,176766030.0
EE,2005,L,mancante,Totale,127.68,39749900.0,1010.16,8016600.0
EE,2005,L,1-19,TFP,3190.7232,233729412.0,5939.7408,47137608.0
EE,2005,L,20-249,TFP,487.993,409026471.0,10394.5464,82490814.0
EE,2005,L,250+,TFP,75.0758,525891177.0,13364.4168,106059618.0
EE,2005,L,mancante,TFP,76.608,23849940.0,606.096,4809960.0
EE,2005,M,1-19,Totale,2656.2354,384540797.3,4934.9055,147693882.63
EE,2005,M,20-249,Totale,406.2478,672946395.28,8636.0846,258464294.59
EE,2005,M,250+,Totale,62.4997,865216793.93,11103.5374,332311235.91
EE,2005,M,mancante,Totale,63.7752,39238856.87,503.5618,15070804.35
EE,2005,M,1-19,TFP,1593.7412,230724478.38,2960.9433,88616329.58
EE,2005,M,20-249,TFP,243.7487,403767837.17,5181.6508,155078576.76
EE,2005,M,250+,TFP,37.4998,519130076.36,6662.1224,199386741.54
EE,2005,M,mancante,TFP,38.2651,23543314.12,302.1371,9042482.61
EE,2005,N,1-19,Totale,1390.799,348354436.88,2021.4662,76290095.46
EE,2005,N,20-249,Totale,212.7104,609620264.54,3537.5659,133507667.05
EE,2005,N,250+,Totale,32.7247,783797482.98,4548.299,171652714.78
EE,2005,N,mancante,Totale,33.3925,35546371.11,206.2721,7784703.62
EE,2005,N,1-19,TFP,834.4794,209012662.13,1212.8797,45774057.27
EE,2005,N,20-249,TFP,127.6263,365772158.72,2122.5395,80104600.23
EE,2005,N,250+,TFP,19.6348,470278489.79,2728.9794,102991628.87
EE,2005,N,mancante,TFP,20.0355,21327822.67,123.7632,4670822.17
EE,2005,O,1-19,Totale,3474.4589,204847709.36,3269.4019,58162878.67
EE,2005,O,20-249,Totale,531.3878,358483491.37,5721.4534,101785037.66
EE,2005,O,250+,Totale,81.752,460907346.05,7356.1543,130866477.0
EE,2005,O,mancante,Totale,83.4204,20902827.49,333.6124,5934987.62
EE,2005,O,1-19,TFP,2084.6754,122908625.61,1961.6412,34897727.2
EE,2005,O,20-249,TFP,318.8327,215090094.82,3432.872,61071022.6
EE,2005,O,250+,TFP,49.0512,276544407.63,4413.6926,78519886.2
EE,2005,O,mancante,TFP,50.0522,12541696.49,200.1675,3560992.57
EE,2005,P,1-19,Totale,1309.287,242333624.97,5100.3714,139519937.77
EE,2005,P,20-249,Totale,200.2439,424083843.7,8925.65,244159891.09
EE,2005,P,250+,Totale,30.8068,545250656.19,11475.8358,313919859.98
EE,2005,P,mancante,Totale,31.4355,24727920.92,520.4461,14236728.34
EE,2005,P,1-19,TFP,785.5722,145400174.98,3060.2229,83711962.66
EE,2005,P,20-249,TFP,120.1463,254450306.22,5355.39,146495934.66
EE,2005,P,250+,TFP,18.4841,327150393.71,6885.5015,188351915.99
EE,2005,P,mancante,TFP,18.8613,14836752.55,312.2676,8542037.01
EE,2005,Q,1-19,Totale,2084.9265,262930645.04,6132.905,83317951.27
EE,2005,Q,20-249,Totale,318.8711,460128628.83,10732.5837,145806414.72
EE,2005,Q,250+,Totale,49.0571,591593951.35,13799.0362,187465390.36
EE,2005,Q,mancante,Totale,50.0583,26829657.66,625.8066,8501831.76
EE,2005,Q,1-19,TFP,1250.9559,157758387.03,3679.743,49990770.76
EE,2005,Q,20-249,TFP,191.3227,276077177.3,6439.5502,87483848.83
EE,2005,Q,250+,TFP,29.4343,354956370.81,8279.4217,112479234.22
EE,2005,Q,mancante,TFP,30.035,16097794.59,375.484,5101099.06
EE,2005,R,1-19,Totale,3218.7023,178863410.73,9741.4213,53626141.63
EE,2005,R,20-249,Totale,492.2721,313010968.78,17047.4873,93845747.85
EE,2005,R,250+,Totale,75.7342,402442674.14,21918.198,120658818.66
EE,2005,R,mancante,Totale,77.2798,18251368.44,994.0226,5472055.27
EE,2005,R,1-19,TFP,1931.2214,107318046.44,5844.8528,32175684.98
EE,2005,R,20-249,TFP,295.3633,187806581.27,10228.4924,56307448.71
EE,2005,R,250+,TFP,45.4405,241465604.49,13150.9188,72395291.2
EE,2005,R,mancante,TFP,46.3679,10950821.07,596.4136,3283233.16
EE,2005,S,1-19,Totale,1486.5264,967950019.49,3193.3693,175928761.93
EE,2005,S,20-249,Totale,227.3511,1693912534.1,5588.3962,307875333.38
EE,2005,S,250+,Totale,34.9771,2177887543.85,7185.0808,395839714.35
EE,2005,S,mancante,Totale,35.6909,98770410.15,325.854,17951914.48
EE,2005,S,1-19,TFP,891.9158,580770011.69,1916.0216,105557257.16
EE,2005,S,20-249,TFP,136.4107,1016347520.46,3353.0377,184725200.03
EE,2005,S,250+,TFP,20.9863,1306732526.31,4311.0485,237503828.61
EE,2005,S,mancante,TFP,21.4145,59262246.09,195.5124,10771148.69
EE,2006,A,1-19,Totale,1196.3801,519621650.63,4787.2029,73189013.26
EE,2006,A,20-249,Totale,182.9758,909337888.6,8377.605,128080773.2
EE,2006,A,250+,Totale,28.1501,1169148713.92,10771.2064,164675279.83
EE,2006,A,mancante,Totale,28.7246,53022617.41,488.4901,7468266.66
EE,2006,A,1-19,TFP,717.8281,311772990.38,2872.3217,43913407.96
EE,2006,A,20-249,TFP,109.7855,545602733.16,5026.563,76848463.92
EE,2006,A,250+,TFP,16.8901,701489228.35,6462.7239,98805167.9
EE,2006,A,mancante,TFP,17.2348,31813570.45,293.0941,4480960.0
EE,2006,B,1-19,Totale,48.7305,38878560.0,944.7984,10080084.0
EE,2006,B,20-249,Totale,7.4529,68037480.0,1653.3972,17640147.0
EE,2006,B,250+,Totale,1.1466,87476760.0,2125.7964,22680189.0
EE,2006,B,mancante,Totale,1.17,3967200.0,96.408,1028580.0
EE,2006,B,1-19,TFP,29.2383,23327136.0,566.879,6048050.4
EE,2006,B,20-249,TFP,4.4717,40822488.0,992.0383,10584088.2
EE,2006,B,250+,TFP,0.688,52486056.0,1275.4778,13608113.4
EE,2006,B,mancante,TFP,0.702,2380320.0,57.8448,617148.0
EE,2006,C,1-19,Totale,2984.851,828217600.0,19922.616,126027864.42
EE,2006,C,20-249,Totale,875.0053,4174138500.0,62290.368,635168536.56
EE,2006,C,250+,Totale,58.4287,1926239000.0,34419.168,293111119.02
EE,2006,C,mancante,Totale,79.965,141399900.0,2380.248,21516480.0
EE,2006,C,1-19,TFP,1790.9106,496930560.0,11953.5696,75616718.65
EE,2006,C,20-249,TFP,525.0032,2504483100.0,37374.2208,381101121.93
EE,2006,C,250+,TFP,35.0572,1155743400.0,20651.5008,175866671.41
EE,2006,C,mancante,TFP,47.979,84839940.0,1428.1488,12909888.0
EE,2006,D,1-19,Totale,159.3113,222900020.0,1455.8292,16459884.0
EE,2006,D,20-249,Totale,24.3653,390075035.0,2547.7011,28804797.0
EE,2006,D,250+,Totale,3.7485,501525045.0,3275.6157,37034739.0
EE,2006,D,mancante,Totale,3.825,22744900.0,148.554,1679580.0
EE,2006,D,1-19,TFP,95.5867,133740012.0,873.4975,9875930.4
EE,2006,D,20-249,TFP,14.6192,234045021.0,1528.6207,17282878.2
EE,2006,D,250+,TFP,2.2491,300915027.0,1965.3694,22220843.4
EE,2006,D,mancante,TFP,2.295,13646940.0,89.1324,1007748.0
EE,2006,E,1-19,Totale,1706.2922,249405983.77,7990.9958,62092716.23
EE,2006,E,20-249,Totale,260.9623,436460471.59,13984.2427,108662253.4
EE,2006,E,250+,Totale,40.1481,561163463.48,17979.7406,139708611.52
EE,2006,E,mancante,Totale,40.9674,25449590.18,815.4077,6335991.45
EE,2006,E,1-19,TFP,1023.7753,149643590.26,4794.5975,37255629.74
EE,2006,E,20-249,TFP,156.5774,261876282.96,8390.5456,65197352.04
EE,2006,E,250+,TFP,24.0888,336698078.09,10787.8443,83825166.91
EE,2006,E,mancante,TFP,24.5804,15269754.11,489.2446,3801594.87
EE,2006,F,1-19,Totale,2861.355,661382400.0,8822.8224,89535936.0
EE,2006,F,20-249,Totale,437.619,1157419200.0,15439.9392,156687888.0
EE,2006,F,250+,Totale,67.326,1488110400.0,19851.3504,201455856.0
EE,2006,F,mancante,Totale,68.7,67488000.0,900.288,9136320.0
EE,2006,F,1-19,TFP,1716.813,396829440.0,5293.6934,53721561.6
EE,2006,F,20-249,TFP,262.5714,694451520.0,9263.9635,94012732.8
EE,2006,F,250+,TFP,40.3956,892866240.0,11910.8102,120873513.6
EE,2006,F,mancante,TFP,41.22,40492800.0,540.1728,5481792.0
EE,2006,G,1-19,Totale,7623.8242,3062952760.0,17369.4024,153625584.0
EE,2006,G,20-249,Totale,1165.9967,5360167330.0,30396.4542,268844772.0
EE,2006,G,250+,Totale,179.3841,6891643710.0,39081.1554,345657564.0
EE,2006,G,mancante,Totale,183.045,312546200.0,1772.388,15676080.0
EE,2006,G,1-19,TFP,4574.2945,1837771656.0,10421.6414,92175350.4
EE,2006,G,20-249,TFP,699.598,3216100398.0,18237.8725,161306863.2
EE,2006,G,250+,TFP,107.6305,4134986226.0,23448.6932,207394538.4
EE,2006,G,mancante,TFP,109.827,187527720.0,1063.4328,9405648.0
EE,2006,H,1-19,Totale,2018.5672,823599840.0,7969.0464,84997164.0
EE,2006,H,20-249,Totale,308.7221,1441299720.0,13945.8312,148745037.0
EE,2006,H,250+,Totale,47.4957,1853099640.0,17930.3544,191243619.0
EE,2006,H,mancante,Totale,48.465,84040800.0,813.168,8673180.0
EE,2006,H,1-19,TFP,1211.1403,494159904.0,4781.4278,50998298.4
EE,2006,H,20-249,TFP,185.2332,864779832.0,8367.4987,89247022.2
EE,2006,H,250+,TFP,28.4974,1111859784.0,10758.2126,114746171.4
EE,2006,H,mancante,TFP,29.079,50424480.0,487.9008,5203908.0
EE,2006,I,1-19,Totale,1009.596,80866660.0,3271.338,18993576.0
EE,2006,I,20-249,Totale,154.4088,141516655.0,5724.8415,33238758.0
EE,2006,I,250+,Totale,23.7552,181949985.0,7360.5105,42735546.0
EE,2006,I,mancante,Totale,24.24,8251700.0,333.81,1938120.0
EE,2006,I,1-19,TFP,605.7576,48519996.0,1962.8028,11396145.6
EE,2006,I,20-249,TFP,92.6453,84909993.0,3434.9049,19943254.8
EE,2006,I,250+,TFP,14.2531,109169991.0,4416.3063,25641327.6
EE,2006,I,mancante,TFP,14.544,4951020.0,200.286,1162872.0
EE,2006,J,1-19,Totale,3496.4257,441808538.0,6468.4053,44196432.57
EE,2006,J,20-249,Totale,534.7475,773164941.51,11319.7093,77343756.99
EE,2006,J,250+,Totale,82.2688,994069210.51,14553.912,99441973.27
EE,2006,J,mancante,Totale,83.9478,45082503.88,660.0414,4509840.06
EE,2006,J,1-19,TFP,2097.8554,265085122.8,3881.0432,26517859.54
EE,2006,J,20-249,TFP,320.8485,463898964.91,6791.8256,46406254.19
EE,2006,J,250+,TFP,49.3613,596441526.31,8732.3472,59665183.96
EE,2006,J,mancante,TFP,50.3687,27049502.33,396.0248,2705904.03
EE,2006,K,1-19,Totale,258.6465,224182550.41,6426.7522,156909589.43
EE,2006,K,20-249,Totale,39.5577,392319463.22,11246.8163,274591781.5
EE,2006,K,250+,Totale,6.0858,504410738.43,14460.1924,353046576.22
EE,2006,K,mancante,Totale,6.21,22875770.45,655.791,16011182.6
EE,2006,K,1-19,TFP,155.1879,134509530.25,3856.0513,94145753.66
EE,2006,K,20-249,TFP,23.7346,235391677.93,6748.0898,164755068.9
EE,2006,K,250+,TFP,3.6515,302646443.06,8676.1155,211827945.73
EE,2006,K,mancante,TFP,3.726,13725462.27,393.4746,9606709.56
EE,2006,L,1-19,Totale,5952.618,462520800.0,11537.2656,105448980.0
EE,2006,L,20-249,Totale,910.4004,809411400.0,20190.2148,184535715.0
EE,2006,L,250+,Totale,140.0616,1040671800.0,25958.8476,237260205.0
EE,2006,L,mancante,Totale,142.92,47196000.0,1177.272,10760100.0
EE,2006,L,1-19,TFP,3571.5708,277512480.0,6922.3594,63269388.0
EE,2006,L,20-249,TFP,546.2402,485646840.0,12114.1289,110721429.0
EE,2006,L,250+,TFP,84.037,624403080.0,15575.3086,142356123.0
EE,2006,L,mancante,TFP,85.752,28317600.0,706.3632,6456060.0
EE,2006,M,1-19,Totale,2829.6962,349343398.85,2893.7828,145747931.6
EE,2006,M,20-249,Totale,432.7771,611350947.98,5064.1198,255058880.29
EE,2006,M,250+,Totale,66.5811,786022647.4,6511.0112,327932846.09
EE,2006,M,mancante,Totale,67.9399,35647285.6,295.284,14872237.92
EE,2006,M,1-19,TFP,1697.8177,209606039.31,1736.2697,87448758.96
EE,2006,M,20-249,TFP,259.6662,366810568.79,3038.4719,153035328.18
EE,2006,M,250+,TFP,39.9487,471613588.44,3906.6067,196759707.65
EE,2006,M,mancante,TFP,40.7639,21388371.36,177.1704,8923342.75
EE,2006,N,1-19,Totale,3595.3585,238321921.69,1958.3247,165078689.5
EE,2006,N,20-249,Totale,549.8784,417063362.97,3427.0682,288887706.62
EE,2006,N,250+,Totale,84.5967,536224323.81,4406.2305,371427051.37
EE,2006,N,mancante,Totale,86.3231,24318563.44,199.829,16844764.23
EE,2006,N,1-19,TFP,2157.2151,142993153.02,1174.9948,99047213.7
EE,2006,N,20-249,TFP,329.927,250238017.78,2056.2409,173332623.97
EE,2006,N,250+,TFP,50.758,321734594.29,2643.7383,222856230.82
EE,2006,N,mancante,TFP,51.7939,14591138.06,119.8974,10106858.54
EE,2006,O,1-19,Totale,126.5228,570451745.77,7755.5941,82033928.95
EE,2006,O,20-249,Totale,19.3506,998290555.09,13572.2896,143559375.67
EE,2006,O,250+,Totale,2.977,1283516427.98,17450.0867,184576340.15
EE,2006,O,mancante,Totale,3.0378,58209361.81,791.3871,8370809.08
EE,2006,O,1-19,TFP,75.9137,342271047.46,4653.3564,49220357.37
EE,2006,O,20-249,TFP,11.6103,598974333.06,8143.3738,86135625.4
EE,2006,O,250+,TFP,1.7862,770109856.79,10470.052,110745804.09
EE,2006,O,mancante,TFP,1.8227,34925617.09,474.8323,5022485.45
EE,2006,P,1-19,Totale,717.3593,349678151.23,2373.024,144627742.31
EE,2006,P,20-249,Totale,109.7138,611936764.66,4152.792,253098549.03
EE,2006,P,250+,Totale,16.879,786775840.27,5339.3039,325412420.19
EE,2006,P,mancante,Totale,17.2235,35681444.0,242.1453,14757932.89
EE,2006,P,1-19,TFP,430.4156,209806890.74,1423.8144,86776645.38
EE,2006,P,20-249,TFP,65.8283,367162058.79,2491.6752,151859129.42
EE,2006,P,250+,TFP,10.1274,472065504.16,3203.5824,195247452.11
EE,2006,P,mancante,TFP,10.3341,21408866.4,145.2872,8854759.73
EE,2006,Q,1-19,Totale,2691.9853,452675071.31,9591.4898,63162683.71
EE,2006,Q,20-249,Totale,411.7154,792181374.8,16785.1071,110534696.49
EE,2006,Q,250+,Totale,63.3408,1018518910.46,21580.8519,142116038.35
EE,2006,Q,mancante,Totale,64.6335,46191333.81,978.7234,6445171.81
EE,2006,Q,1-19,TFP,1615.1912,271605042.79,5754.8939,37897610.23
EE,2006,Q,20-249,TFP,247.0292,475308824.88,10071.0642,66320817.9
EE,2006,Q,250+,TFP,38.0045,611111346.27,12948.5112,85269623.01
EE,2006,Q,mancante,TFP,38.7801,27714800.28,587.2341,3867103.08
EE,2006,R,1-19,Totale,3896.1919,702063302.97,8998.9632,170514481.28
EE,2006,R,20-249,Totale,595.8882,1228610780.2,15748.1856,298400342.23
EE,2006,R,250+,Totale,91.6751,1579642431.69,20247.6672,383657582.87
EE,2006,R,mancante,Totale,93.546,71639112.55,918.2616,17399436.86
EE,2006,R,1-19,TFP,2337.7151,421237981.78,5399.3779,102308688.77
EE,2006,R,20-249,TFP,357.5329,737166468.12,9448.9114,179040205.34
EE,2006,R,250+,TFP,55.0051,947785459.01,12148.6003,230194549.72
EE,2006,R,mancante,TFP,56.1276,42983467.53,550.9569,10439662.12
EE,2006,S,1-19,Totale,203.4556,610124770.08,9494.5882,30163282.77
EE,2006,S,20-249,Totale,31.1167,1067718347.63,16615.5293,52785744.85
EE,2006,S,250+,Totale,4.7872,1372780732.67,21362.8234,67867386.24
EE,2006,S,mancante,Totale,4.8849,62257629.6,968.8355,3077886.0
EE,2006,S,1-19,TFP,122.0733,366074862.05,5696.7529,18097969.66
EE,2006,S,20-249,TFP,18.67,640631008.58,9969.3176,31671446.91
EE,2006,S,250+,TFP,2.8723,823668439.6,12817.6941,40720431.74
EE,2006,S,mancante,TFP,2.9309,37354577.76,581.3013,1846731.6
EE,2007,A,1-19,Totale,2852.0111,740437035.73,6077.3931,81244320.44
EE,2007,A,20-249,Totale,436.1899,1295764812.53,10635.438,142177560.76
EE,2007,A,250+,Totale,67.1061,1665983330.39,13674.1345,182799720.98
EE,2007,A,mancante,Totale,68.4757,75554799.56,620.1422,8290236.78
EE,2007,A,1-19,TFP,1711.2067,444262221.44,3646.4359,48746592.26
EE,2007,A,20-249,TFP,261.714,777458887.52,6381.2628,85306536.46
EE,2007,A,250+,TFP,40.2637,999589998.23,8204.4807,109679832.59
EE,2007,A,mancante,TFP,41.0854,45332879.74,372.0853,4974142.07
EE,2007,B,1-19,Totale,51.8543,50031940.0,918.3384,12431496.0
EE,2007,B,20-249,Totale,7.9307,87555895.0,1607.0922,21755118.0
EE,2007,B,250+,Totale,1.2201,112571865.0,2066.2614,27970866.0
EE,2007,B,mancante,Totale,1.245,5105300.0,93.708,1268520.0
EE,2007,B,1-19,TFP,31.1125,30019164.0,551.003,7458897.6
EE,2007,B,20-249,TFP,4.7584,52533537.0,964.2553,13053070.8
EE,2007,B,250+,TFP,0.7321,67543119.0,1239.7568,16782519.6
EE,2007,B,mancante,TFP,0.747,3063180.0,56.2248,761112.0
EE,2007,C,1-19,Totale,3233.2431,932768900.0,20899.872,147964503.9
EE,2007,C,20-249,Totale,884.6335,4788784700.0,63676.872,759641699.46
EE,2007,C,250+,Totale,53.2484,2254882000.0,31761.702,357690416.64
EE,2007,C,mancante,Totale,85.125,162784400.0,2374.254,25822380.0
EE,2007,C,1-19,TFP,1939.9459,559661340.0,12539.9232,88778702.34
EE,2007,C,20-249,TFP,530.7801,2873270820.0,38206.1232,455785019.68
EE,2007,C,250+,TFP,31.949,1352929200.0,19057.0212,214614249.99
EE,2007,C,mancante,TFP,51.075,97670640.0,1424.5524,15493428.0
EE,2007,D,1-19,Totale,158.6865,269394160.0,1419.3144,19449276.0
EE,2007,D,20-249,Totale,24.2697,471439780.0,2483.8002,34036233.0
EE,2007,D,250+,Totale,3.7338,606136860.0,3193.4574,43760871.0
EE,2007,D,mancante,Totale,3.81,27489200.0,144.828,1984620.0
EE,2007,D,1-19,TFP,95.2119,161636496.0,851.5886,11669565.6
EE,2007,D,20-249,TFP,14.5618,282863868.0,1490.2801,20421739.8
EE,2007,D,250+,TFP,2.2403,363682116.0,1916.0744,26256522.6
EE,2007,D,mancante,TFP,2.286,16493520.0,86.8968,1190772.0
EE,2007,E,1-19,Totale,2995.8375,833214283.77,9730.4408,125728614.29
EE,2007,E,20-249,Totale,458.1869,1458124996.61,17028.2714,220025075.01
EE,2007,E,250+,Totale,70.4903,1874732138.49,21893.4918,282889382.16
EE,2007,E,mancante,Totale,71.9289,85021865.69,992.9021,12829450.44
EE,2007,E,1-19,TFP,1797.5025,499928570.26,5838.2645,75437168.57
EE,2007,E,20-249,TFP,274.9121,874874997.96,10216.9628,132015045.01
EE,2007,E,250+,TFP,42.2942,1124839283.1,13136.0951,169733629.29
EE,2007,E,mancante,TFP,43.1573,51013119.41,595.7413,7697670.26
EE,2007,F,1-19,Totale,3733.506,847526540.0,10395.7812,129619308.0
EE,2007,F,20-249,Totale,571.0068,1483171445.0,18192.6171,226833789.0
EE,2007,F,250+,Totale,87.8472,1906934715.0,23390.5077,291643443.0
EE,2007,F,mancante,Totale,89.64,86482300.0,1060.794,13226460.0
EE,2007,F,1-19,TFP,2240.1036,508515924.0,6237.4687,77771584.8
EE,2007,F,20-249,TFP,342.6041,889902867.0,10915.5703,136100273.4
EE,2007,F,250+,TFP,52.7083,1144160829.0,14034.3046,174986065.8
EE,2007,F,mancante,TFP,53.784,51889380.0,636.4764,7935876.0
EE,2007,G,1-19,Totale,7605.0817,3583419000.0,17790.2928,190227408.0
EE,2007,G,20-249,Totale,1163.1302,6270983250.0,31133.0124,332897964.0
EE,2007,G,250+,Totale,178.9431,8062692750.0,40028.1588,428011668.0
EE,2007,G,mancante,Totale,182.595,365655000.0,1815.336,19410960.0
EE,2007,G,1-19,TFP,4563.049,2150051400.0,10674.1757,114136444.8
EE,2007,G,20-249,TFP,697.8781,3762589950.0,18679.8074,199738778.4
EE,2007,G,250+,TFP,107.3659,4837615650.0,24016.8953,256807000.8
EE,2007,G,mancante,TFP,109.557,219393000.0,1089.2016,11646576.0
EE,2007,H,1-19,Totale,2305.3275,960214780.0,8353.7748,102860604.0
EE,2007,H,20-249,Totale,352.5795,1680375865.0,14619.1059,180006057.0
EE,2007,H,250+,Totale,54.243,2160483255.0,18795.9933,231436359.0
EE,2007,H,mancante,Totale,55.35,97981100.0,852.426,10495980.0
EE,2007,H,1-19,TFP,1383.1965,576128868.0,5012.2649,61716362.4
EE,2007,H,20-249,TFP,211.5477,1008225519.0,8771.4635,108003634.2
EE,2007,H,250+,TFP,32.5458,1296289953.0,11277.596,138861815.4
EE,2007,H,mancante,TFP,33.21,58788660.0,511.4556,6297588.0
EE,2007,I,1-19,Totale,1040.8335,95334400.0,3647.07,24881220.0
EE,2007,I,20-249,Totale,159.1863,166835200.0,6382.3725,43542135.0
EE,2007,I,250+,Totale,24.4902,214502400.0,8205.9075,55982745.0
EE,2007,I,mancante,Totale,24.99,9728000.0,372.15,2538900.0
EE,2007,I,1-19,TFP,624.5001,57200640.0,2188.242,14928732.0
EE,2007,I,20-249,TFP,95.5118,100101120.0,3829.4235,26125281.0
EE,2007,I,250+,TFP,14.6941,128701440.0,4923.5445,33589647.0
EE,2007,I,mancante,TFP,14.994,5836800.0,223.29,1523340.0
EE,2007,J,1-19,Totale,976.9938,673963069.52,4552.6887,91660151.42
EE,2007,J,20-249,Totale,149.4226,1179435371.67,7967.2053,160405264.99
EE,2007,J,250+,Totale,22.9881,1516416906.43,10243.5496,206235340.71
EE,2007,J,mancante,Totale,23.4572,68771741.79,464.5601,9353076.68
EE,2007,J,1-19,TFP,586.1963,404377841.71,2731.6132,54996090.85
EE,2007,J,20-249,TFP,89.6536,707661223.0,4780.3232,96243159.0
EE,2007,J,250+,TFP,13.7929,909850143.86,6146.1298,123741204.42
EE,2007,J,mancante,TFP,14.0743,41263045.07,278.736,5611846.01
EE,2007,K,1-19,Totale,280.5127,656911018.72,3594.5542,22345910.98
EE,2007,K,20-249,Totale,42.902,1149594282.76,6290.4699,39105344.21
EE,2007,K,250+,Totale,6.6003,1478049792.12,8087.747,50278299.7
EE,2007,K,mancante,Totale,6.735,67031736.6,366.7912,2280195.0
EE,2007,K,1-19,TFP,168.3076,394146611.23,2156.7325,13407546.59
EE,2007,K,20-249,TFP,25.7412,689756569.66,3774.2819,23463206.53
EE,2007,K,250+,TFP,3.9602,886829875.27,4852.6482,30166979.82
EE,2007,K,mancante,TFP,4.041,40219041.96,220.0747,1368117.0
EE,2007,L,1-19,Totale,6817.272,589714020.0,12458.25,134303904.0
EE,2007,L,20-249,Totale,1042.6416,1031999535.0,21801.9375,235031832.0
EE,2007,L,250+,Totale,160.4064,1326856545.0,28031.0625,302183784.0
EE,2007,L,mancante,Totale,163.68,60174900.0,1271.25,13704480.0
EE,2007,L,1-19,TFP,4090.3632,353828412.0,7474.95,80582342.4
EE,2007,L,20-249,TFP,625.585,619199721.0,13081.1625,141019099.2
EE,2007,L,250+,TFP,96.2438,796113927.0,16818.6375,181310270.4
EE,2007,L,mancante,TFP,98.208,36104940.0,762.75,8222688.0
EE,2007,M,1-19,Totale,3138.2106,919035151.15,5794.7798,118201548.73
EE,2007,M,20-249,Totale,479.9616,1608311514.51,10140.8647,206852710.27
EE,2007,M,250+,Totale,73.8402,2067829090.09,13038.2546,265953484.63
EE,2007,M,mancante,Totale,75.3472,93779097.06,591.3041,12061382.52
EE,2007,M,1-19,TFP,1882.9263,551421090.69,3476.8679,70920929.24
EE,2007,M,20-249,TFP,287.977,964986908.71,6084.5188,124111626.16
EE,2007,M,250+,TFP,44.3041,1240697454.05,7822.9527,159572090.78
EE,2007,M,mancante,TFP,45.2083,56267458.23,354.7824,7236829.51
EE,2007,N,1-19,Totale,1103.9413,337176549.8,3909.793,175190020.92
EE,2007,N,20-249,Totale,168.8381,590058962.15,6842.1377,306582536.61
EE,2007,N,250+,Totale,25.9751,758647237.04,8797.0342,394177547.08
EE,2007,N,mancante,Totale,26.5052,34405770.39,398.9585,17876532.75
EE,2007,N,1-19,TFP,662.3648,202305929.88,2345.8758,105114012.55
EE,2007,N,20-249,TFP,101.3029,354035377.29,4105.2826,183949521.97
EE,2007,N,250+,TFP,15.5851,455188342.23,5278.2205,236506528.25
EE,2007,N,mancante,TFP,15.9031,20643462.23,239.3751,10725919.65
EE,2007,O,1-19,Totale,664.3904,431607615.05,8972.7935,60199791.01
EE,2007,O,20-249,Totale,101.6127,755313326.33,15702.3886,105349634.28
EE,2007,O,250+,Totale,15.6327,971117133.85,20188.7854,135449529.78
EE,2007,O,mancante,Totale,15.9518,44041593.37,915.5912,6142835.82
EE,2007,O,1-19,TFP,398.6342,258964569.03,5383.6761,36119874.61
EE,2007,O,20-249,TFP,60.9676,453187995.8,9421.4332,63209780.57
EE,2007,O,250+,TFP,9.3796,582670280.31,12113.2712,81269717.87
EE,2007,O,mancante,TFP,9.5711,26424956.02,549.3547,3685701.49
EE,2007,P,1-19,Totale,136.0505,250853903.09,1950.2752,54615680.61
EE,2007,P,20-249,Totale,20.8077,438994330.41,3412.9815,95577441.08
EE,2007,P,250+,Totale,3.2012,564421281.96,4388.1191,122885281.38
EE,2007,P,mancante,Totale,3.2665,25597337.05,199.0077,5573028.63
EE,2007,P,1-19,TFP,81.6303,150512341.86,1170.1651,32769408.37
EE,2007,P,20-249,TFP,12.4846,263396598.25,2047.7889,57346464.65
EE,2007,P,250+,TFP,1.9207,338652769.18,2632.8715,73731168.83
EE,2007,P,mancante,TFP,1.9599,15358402.23,119.4046,3343817.18
EE,2007,Q,1-19,Totale,3045.3014,132082116.22,6685.759,133683706.54
EE,2007,Q,20-249,Totale,465.752,231143703.39,11700.0783,233946486.45
EE,2007,Q,250+,Totale,71.6542,297184761.5,15042.9579,300788339.72
EE,2007,Q,mancante,Totale,73.1165,13477766.96,682.2203,13641194.55
EE,2007,Q,1-19,TFP,1827.1808,79249269.73,4011.4554,80210223.93
EE,2007,Q,20-249,TFP,279.4512,138686222.03,7020.047,140367891.87
EE,2007,Q,250+,TFP,42.9925,178310856.9,9025.7747,180473003.83
EE,2007,Q,mancante,TFP,43.8699,8086660.18,409.3322,8184716.73
EE,2007,R,1-19,Totale,2734.4108,536182933.13,4813.1368,148433572.76
EE,2007,R,20-249,Totale,418.204,938320132.98,8422.9894,259758752.33
EE,2007,R,250+,Totale,64.3391,1206411599.54,10829.5578,333975538.71
EE,2007,R,mancante,Totale,65.6521,54712544.2,491.1364,15146282.93
EE,2007,R,1-19,TFP,1640.6465,321709759.88,2887.8821,89060143.65
EE,2007,R,20-249,TFP,250.9224,562992079.79,5053.7936,155855251.4
EE,2007,R,250+,TFP,38.6034,723846959.73,6497.7347,200385323.22
EE,2007,R,mancante,TFP,39.3913,32827526.52,294.6818,9087769.76
EE,2007,S,1-19,Totale,4006.0895,772578843.51,8807.8415,108270811.24
EE,2007,S,20-249,Totale,612.696,1352012976.14,15413.7226,189473919.67
EE,2007,S,250+,Totale,94.2609,1738302397.9,19817.6434,243609325.29
EE,2007,S,mancante,Totale,96.1846,78834575.87,898.7593,11048041.96
EE,2007,S,1-19,TFP,2403.6537,463547306.11,5284.7049,64962486.74
EE,2007,S,20-249,TFP,367.6176,811207785.69,9248.2336,113684351.8
EE,2007,S,250+,TFP,56.5566,1042981438.74,11890.586,146165595.17
EE,2007,S,mancante,TFP,57.7108,47300745.52,539.2556,6628825.18
EE,2008,A,1-19,Totale,3988.3418,589861988.32,8329.0624,119123484.73
EE,2008,A,20-249,Totale,609.9817,1032258479.57,14575.8592,208466098.27
EE,2008,A,250+,Totale,93.8433,1327189473.73,18740.3904,268027840.63
EE,2008,A,mancante,Totale,95.7585,60189998.81,849.9043,12155457.63
EE,2008,A,1-19,TFP,2393.0051,353917192.99,4997.4374,71474090.84
EE,2008,A,20-249,TFP,365.989,619355087.74,8745.5155,125079658.96
EE,2008,A,250+,TFP,56.306,796313684.24,11244.2342,160816704.38
EE,2008,A,mancante,TFP,57.4551,36113999.29,509.9426,7293274.58
EE,2008,B,1-19,Totale,44.2708,53569740.0,937.0368,14454804.0
EE,2008,B,20-249,Totale,19.8227,93747045.0,1639.8144,25295907.0
EE,2008,B,250+,Totale,1.3215,120531915.0,2108.3328,32523309.0
EE,2008,B,mancante,Totale,1.335,5466300.0,95.616,1474980.0
EE,2008,B,1-19,TFP,26.5625,32141844.0,562.2221,8672882.4
EE,2008,B,20-249,TFP,11.8936,56248227.0,983.8886,15177544.2
EE,2008,B,250+,TFP,0.7929,72319149.0,1264.9997,19513985.4
EE,2008,B,mancante,TFP,0.801,3279780.0,57.3696,884988.0
EE,2008,C,1-19,Totale,3009.8577,938250674.06,19212.606,154847461.97
EE,2008,C,20-249,Totale,820.677,4660716932.4,58510.998,769197622.67
EE,2008,C,250+,Totale,51.7353,2252155393.54,28930.482,371692295.35
EE,2008,C,mancante,Totale,79.23,160227000.0,2176.614,26443620.0
EE,2008,C,1-19,TFP,1805.9146,562950404.43,11527.5636,92908477.18
EE,2008,C,20-249,TFP,492.4062,2796430159.44,35106.5988,461518573.6
EE,2008,C,250+,TFP,31.0412,1351293236.13,17358.2892,223015377.21
EE,2008,C,mancante,TFP,47.538,96136200.0,1305.9684,15866172.0
EE,2008,D,1-19,Totale,94.5673,79600500.0,598.878,5183864.5
EE,2008,D,20-249,Totale,23.3088,542866100.0,1970.388,35353349.6
EE,2008,D,250+,Totale,2.6639,813414700.0,2978.514,52972425.9
EE,2008,D,mancante,Totale,2.46,29303700.0,113.22,1908360.0
EE,2008,D,1-19,TFP,56.7404,47760300.0,359.3268,3110318.7
EE,2008,D,20-249,TFP,13.9853,325719660.0,1182.2328,21212009.76
EE,2008,D,250+,TFP,1.5983,488048820.0,1787.1084,31783455.54
EE,2008,D,mancante,TFP,1.476,17582220.0,67.932,1145016.0
EE,2008,E,1-19,Totale,120.6794,35843500.0,806.8241,6000544.79
EE,2008,E,20-249,Totale,34.5767,171210900.0,1842.0279,28662342.51
EE,2008,E,250+,Totale,2.0339,78762600.0,806.8241,13185612.7
EE,2008,E,mancante,Totale,3.21,5833000.0,70.524,976500.0
EE,2008,E,1-19,TFP,72.4076,21506100.0,484.0944,3600326.87
EE,2008,E,20-249,TFP,20.746,102726540.0,1105.2167,17197405.5
EE,2008,E,250+,TFP,1.2204,47257560.0,484.0944,7911367.62
EE,2008,E,mancante,TFP,1.926,3499800.0,42.3144,585900.0
EE,2008,F,1-19,Totale,4451.9685,644734566.49,2103.9503,116563075.26
EE,2008,F,20-249,Totale,680.8893,1128285491.35,3681.913,203985381.71
EE,2008,F,250+,Totale,104.7522,1450652774.6,4733.8882,262266919.34
EE,2008,F,mancante,Totale,106.89,65789241.48,214.6888,11894191.35
EE,2008,F,1-19,TFP,2671.1811,386840739.89,1262.3702,69937845.16
EE,2008,F,20-249,TFP,408.5336,676971294.81,2209.1478,122391229.03
EE,2008,F,250+,TFP,62.8513,870391664.76,2840.3329,157360151.6
EE,2008,F,mancante,TFP,64.134,39473544.89,128.8133,7136514.81
EE,2008,G,1-19,Totale,7387.044,3513817440.0,17546.508,205466016.0
EE,2008,G,20-249,Totale,1129.7832,6149180520.0,30706.389,359565528.0
EE,2008,G,250+,Totale,173.8128,7906089240.0,39479.643,462298536.0
EE,2008,G,mancante,Totale,177.36,358552800.0,1790.46,20965920.0
EE,2008,G,1-19,TFP,4432.2264,2108290464.0,10527.9048,123279609.6
EE,2008,G,20-249,TFP,677.8699,3689508312.0,18423.8334,215739316.8
EE,2008,G,250+,TFP,104.2877,4743653544.0,23687.7858,277379121.6
EE,2008,G,mancante,TFP,106.416,215131680.0,1074.276,12579552.0
EE,2008,H,1-19,Totale,2440.3816,1825230488.46,12047.238,223447611.56
EE,2008,H,20-249,Totale,198.9069,1284624885.76,13683.348,157265816.17
EE,2008,H,250+,Totale,8.9165,747277625.77,10414.656,91482912.27
EE,2008,H,mancante,Totale,54.045,78717000.0,737.658,9636660.0
EE,2008,H,1-19,TFP,1464.229,1095138293.08,7228.3428,134068566.93
EE,2008,H,20-249,TFP,119.3441,770774931.46,8210.0088,94359489.7
EE,2008,H,250+,TFP,5.3499,448366575.46,6248.7936,54889747.36
EE,2008,H,mancante,TFP,32.427,47230200.0,442.5948,5781996.0
EE,2008,I,1-19,Totale,1137.135,179929176.07,7621.362,52563489.42
EE,2008,I,20-249,Totale,153.6669,247972749.64,9170.154,72441353.24
EE,2008,I,250+,Totale,5.0031,77817274.29,2034.774,22733097.34
EE,2008,I,mancante,Totale,26.445,10320800.0,384.21,3015060.0
EE,2008,I,1-19,TFP,682.281,107957505.64,4572.8172,31538093.65
EE,2008,I,20-249,TFP,92.2001,148783649.78,5502.0924,43464811.94
EE,2008,I,250+,TFP,3.0019,46690364.57,1220.8644,13639858.4
EE,2008,I,mancante,TFP,15.867,6192480.0,230.526,1809036.0
EE,2008,J,1-19,Totale,1073.1268,217311234.39,4949.784,45852073.75
EE,2008,J,20-249,Totale,78.865,500076538.1,6081.39,105514776.4
EE,2008,J,250+,Totale,5.6332,560316627.5,3415.104,118225269.85
EE,2008,J,mancante,Totale,23.625,26075600.0,294.822,5501880.0
EE,2008,J,1-19,TFP,643.8761,130386740.64,2969.8704,27511244.25
EE,2008,J,20-249,TFP,47.319,300045922.86,3648.834,63308865.84
EE,2008,J,250+,TFP,3.3799,336189976.5,2049.0624,70935161.91
EE,2008,J,mancante,TFP,14.175,15645360.0,176.8932,3301128.0
EE,2008,K,1-19,Totale,319.2473,310603202.1,8272.3651,176032721.06
EE,2008,K,20-249,Totale,48.8261,543555603.67,14476.6389,308057261.86
EE,2008,K,250+,Totale,7.5117,698857204.72,18612.8214,396073622.39
EE,2008,K,mancante,Totale,7.665,31694204.3,844.1189,17962522.56
EE,2008,K,1-19,TFP,191.5483,186361921.26,4963.419,105619632.64
EE,2008,K,20-249,TFP,29.2956,326133362.2,8685.9833,184834357.12
EE,2008,K,250+,TFP,4.507,419314322.83,11167.6928,237644173.44
EE,2008,K,mancante,TFP,4.599,19016522.58,506.4713,10777513.53
EE,2008,L,1-19,Totale,1937.8829,149984100.0,2131.0884,15967728.0
EE,2008,L,20-249,Totale,38.0622,262472175.0,3729.4047,27943524.0
EE,2008,L,250+,Totale,0.4699,337464225.0,4794.9489,35927388.0
EE,2008,L,mancante,Totale,40.335,15304500.0,217.458,1629360.0
EE,2008,L,1-19,TFP,1162.7297,89990460.0,1278.653,9580636.8
EE,2008,L,20-249,TFP,22.8373,157483305.0,2237.6428,16766114.4
EE,2008,L,250+,TFP,0.2819,202478535.0,2876.9693,21556432.8
EE,2008,L,mancante,TFP,24.201,9182700.0,130.4748,977616.0
EE,2008,M,1-19,Totale,3683.526,200704980.0,4334.148,56525028.0
EE,2008,M,20-249,Totale,563.3628,351233715.0,7584.759,98918799.0
EE,2008,M,250+,Totale,86.6712,451586205.0,9751.833,127181313.0
EE,2008,M,mancante,Totale,88.44,20480100.0,442.26,5767860.0
EE,2008,M,1-19,TFP,2210.1156,120422988.0,2600.4888,33915016.8
EE,2008,M,20-249,TFP,338.0177,210740229.0,4550.8554,59351279.4
EE,2008,M,250+,TFP,52.0027,270951723.0,5851.0998,76308787.8
EE,2008,M,mancante,TFP,53.064,12288060.0,265.356,3460716.0
EE,2008,N,1-19,Totale,1408.0745,409890841.33,6608.826,123613576.74
EE,2008,N,20-249,Totale,123.0646,396758687.58,9432.99,119653223.56
EE,2008,N,250+,Totale,10.1558,161031871.09,10666.026,48563479.7
EE,2008,N,mancante,Totale,31.455,19748600.0,545.058,5955720.0
EE,2008,N,1-19,TFP,844.8447,245934504.8,3965.2956,74168146.04
EE,2008,N,20-249,TFP,73.8388,238055212.55,5659.794,71791934.14
EE,2008,N,250+,TFP,6.0935,96619122.65,6399.6156,29138087.82
EE,2008,N,mancante,TFP,18.873,11849160.0,327.0348,3573432.0
EE,2008,O,1-19,Totale,3601.5018,823032644.4,4904.9975,88236758.55
EE,2008,O,20-249,Totale,550.8179,1440307127.7,8583.7456,154414327.47
EE,2008,O,250+,Totale,84.7412,1851823449.89,11036.2443,198532706.75
EE,2008,O,mancante,Totale,86.4706,83982922.9,500.5099,9003750.87
EE,2008,O,1-19,TFP,2160.9011,493819586.64,2942.9985,52942055.13
EE,2008,O,20-249,TFP,330.4907,864184276.62,5150.2473,92648596.48
EE,2008,O,250+,TFP,50.8447,1111094069.94,6621.7466,119119624.05
EE,2008,O,mancante,TFP,51.8824,50389753.74,300.306,5402250.52
EE,2008,P,1-19,Totale,346.7362,206439854.16,6863.1709,53558610.62
EE,2008,P,20-249,Totale,53.0303,361269744.79,12010.549,93727568.58
EE,2008,P,250+,Totale,8.1585,464489671.87,15442.1345,120506873.89
EE,2008,P,mancante,Totale,8.325,21065291.24,700.3236,5465164.35
EE,2008,P,1-19,TFP,208.0417,123863912.5,4117.9025,32135166.37
EE,2008,P,20-249,TFP,31.8182,216761846.87,7206.3294,56236541.15
EE,2008,P,250+,TFP,4.8951,278693803.12,9265.2807,72304124.34
EE,2008,P,mancante,TFP,4.995,12639174.74,420.1941,3279098.61
EE,2008,Q,1-19,Totale,686.6002,203103764.36,8733.3831,39464172.49
EE,2008,Q,20-249,Totale,105.0095,355431587.63,15283.4205,69062301.86
EE,2008,Q,250+,Totale,16.1553,456983469.81,19650.112,88794388.11
EE,2008,Q,mancante,Totale,16.485,20724873.91,891.1615,4026956.38
EE,2008,Q,1-19,TFP,411.9601,121862258.61,5240.0299,23678503.5
EE,2008,Q,20-249,TFP,63.0057,213258952.58,9170.0523,41437381.12
EE,2008,Q,250+,TFP,9.6932,274190081.88,11790.0672,53276632.86
EE,2008,Q,mancante,TFP,9.891,12434924.35,534.6969,2416173.83
EE,2008,R,1-19,Totale,319.2473,375203546.63,4645.2266,58228145.81
EE,2008,R,20-249,Totale,48.8261,656606206.61,8129.1466,101899255.17
EE,2008,R,250+,Totale,7.5117,844207979.92,10451.7599,131013328.08
EE,2008,R,mancante,Totale,7.665,38286076.19,474.0027,5941647.53
EE,2008,R,1-19,TFP,191.5483,225122127.98,2787.136,34936887.49
EE,2008,R,20-249,TFP,29.2956,393963723.96,4877.4879,61139553.1
EE,2008,R,250+,TFP,4.507,506524787.95,6271.0559,78607996.85
EE,2008,R,mancante,TFP,4.599,22971645.71,284.4016,3564988.52
EE,2008,S,1-19,Totale,689.724,831295238.37,9699.809,25461890.67
EE,2008,S,20-249,Totale,105.4872,1454766667.15,16974.6658,44558308.68
EE,2008,S,250+,Totale,16.2288,1870414286.33,21824.5703,57289254.02
EE,2008,S,mancante,Totale,16.56,84826044.73,989.7764,2598152.11
EE,2008,S,1-19,TFP,413.8344,498777143.02,5819.8854,15277134.4
EE,2008,S,20-249,TFP,63.2923,872860000.29,10184.7995,26734985.21
EE,2008,S,250+,TFP,9.7373,1122248571.8,13094.7422,34373552.41
EE,2008,S,mancante,TFP,9.936,50895626.84,593.8659,1558891.27
EE,2009,A,1-19,Totale,1992.8855,888972379.7,4281.0374,119799471.25
EE,2009,A,20-249,Totale,304.7943,1555701664.48,7491.8155,209649074.68
EE,2009,A,250+,Totale,46.8914,2000187854.33,9632.3342,269548810.31
EE,2009,A,mancante,Totale,47.8484,90711467.32,436.8406,12224435.84
EE,2009,A,1-19,TFP,1195.7313,533383427.82,2568.6225,71879682.75
EE,2009,A,20-249,TFP,182.8766,933420998.69,4495.0893,125789444.81
EE,2009,A,250+,TFP,28.1349,1200112712.6,5779.4005,161729286.18
EE,2009,A,mancante,TFP,28.709,54426880.39,262.1043,7334661.5
EE,2009,B,1-19,Totale,46.4479,48505100.0,917.4564,13215300.0
EE,2009,B,20-249,Totale,19.8178,84883925.0,1605.5487,23126775.0
EE,2009,B,250+,Totale,0.6193,109136475.0,2064.2769,29734425.0
EE,2009,B,mancante,Totale,1.365,4949500.0,93.618,1348500.0
EE,2009,B,1-19,TFP,27.8687,29103060.0,550.4738,7929180.0
EE,2009,B,20-249,TFP,11.8907,50930355.0,963.3292,13876065.0
EE,2009,B,250+,TFP,0.3716,65481885.0,1238.5661,17840655.0
EE,2009,B,mancante,TFP,0.819,2969700.0,56.1708,809100.0
EE,2009,C,1-19,Totale,2997.7342,673485400.0,16667.154,118889642.76
EE,2009,C,20-249,Totale,686.2531,3338938400.0,48434.148,589419152.34
EE,2009,C,250+,Totale,42.4628,1770017200.0,22043.826,312459204.89
EE,2009,C,mancante,Totale,76.05,118009000.0,1778.472,20832000.0
EE,2009,C,1-19,TFP,1798.6405,404091240.0,10000.2924,71333785.66
EE,2009,C,20-249,TFP,411.7518,2003363040.0,29060.4888,353651491.41
EE,2009,C,250+,TFP,25.4777,1062010320.0,13226.2956,187475522.94
EE,2009,C,mancante,TFP,45.63,70805400.0,1067.0832,12499200.0
EE,2009,D,1-19,Totale,91.3773,122418472.03,591.822,7961123.82
EE,2009,D,20-249,Totale,20.1742,473196268.7,1839.852,30772921.97
EE,2009,D,250+,Totale,2.3734,824067159.27,2749.194,53590774.21
EE,2009,D,mancante,Totale,2.325,28973100.0,105.732,1884180.0
EE,2009,D,1-19,TFP,54.8264,73451083.22,355.0932,4776674.29
EE,2009,D,20-249,TFP,12.1045,283917761.22,1103.9112,18463753.18
EE,2009,D,250+,TFP,1.4241,494440295.56,1649.5164,32154464.52
EE,2009,D,mancante,TFP,1.395,17383860.0,63.4392,1130508.0
EE,2009,E,1-19,Totale,120.8262,43198400.0,658.854,7799261.6
EE,2009,E,20-249,Totale,35.8264,113675100.0,1694.322,20523487.95
EE,2009,E,250+,Totale,2.1074,79879800.0,790.272,14421910.45
EE,2009,E,mancante,Totale,3.24,4831700.0,64.152,872340.0
EE,2009,E,1-19,TFP,72.4957,25919040.0,395.3124,4679556.96
EE,2009,E,20-249,TFP,21.4958,68205060.0,1016.5932,12314092.77
EE,2009,E,250+,TFP,1.2645,47927880.0,474.1632,8653146.27
EE,2009,E,mancante,TFP,1.944,2899020.0,38.4912,523404.0
EE,2009,F,1-19,Totale,4055.877,475600342.21,4416.9775,139110473.57
EE,2009,F,20-249,Totale,620.3106,832300598.86,7729.7106,243443328.75
EE,2009,F,250+,Totale,95.4324,1070100769.97,9938.1993,312998565.53
EE,2009,F,mancante,Totale,97.38,48530647.16,450.712,14194946.28
EE,2009,F,1-19,TFP,2433.5262,285360205.32,2650.1865,83466284.14
EE,2009,F,20-249,TFP,372.1864,499380359.32,4637.8263,146065997.25
EE,2009,F,250+,TFP,57.2594,642060461.98,5962.9196,187799139.32
EE,2009,F,mancante,TFP,58.428,29118388.3,270.4272,8516967.77
EE,2009,G,1-19,Totale,6910.3597,2520570780.0,15536.43,165546696.0
EE,2009,G,20-249,Totale,1056.8786,4410998865.0,27188.7525,289706718.0
EE,2009,G,250+,Totale,162.5967,5671284255.0,34956.9675,372480066.0
EE,2009,G,mancante,Totale,165.915,257201100.0,1585.35,16892520.0
EE,2009,G,1-19,TFP,4146.2158,1512342468.0,9321.858,99328017.6
EE,2009,G,20-249,TFP,634.1271,2646599319.0,16313.2515,173824030.8
EE,2009,G,250+,TFP,97.558,3402770553.0,20974.1805,223488039.6
EE,2009,G,mancante,TFP,99.549,154320660.0,951.21,10135512.0
EE,2009,H,1-19,Totale,2382.7288,1420386182.37,10878.588,175674652.09
EE,2009,H,20-249,Totale,192.0587,1177402113.68,12726.378,145622161.96
EE,2009,H,250+,Totale,8.0024,665925303.96,9247.77,82362245.95
EE,2009,H,mancante,Totale,52.71,66606400.0,670.464,8237940.0
EE,2009,H,1-19,TFP,1429.6373,852231709.42,6527.1528,105404791.26
EE,2009,H,20-249,TFP,115.2352,706441268.21,7635.8268,87373297.18
EE,2009,H,250+,TFP,4.8015,399555182.37,5548.662,49417347.57
EE,2009,H,mancante,TFP,31.626,39963840.0,402.2784,4942764.0
EE,2009,I,1-19,Totale,1159.2849,155993571.51,7068.348,45163621.83
EE,2009,I,20-249,Totale,130.1725,189820134.51,7280.028,54957167.07
EE,2009,I,250+,Totale,3.4077,57123093.99,1572.606,16538411.1
EE,2009,I,mancante,Totale,26.385,8223200.0,324.918,2380800.0
EE,2009,I,1-19,TFP,695.5709,93596142.9,4241.0088,27098173.1
EE,2009,I,20-249,TFP,78.1035,113892080.7,4368.0168,32974300.24
EE,2009,I,250+,TFP,2.0446,34273856.39,943.5636,9923046.66
EE,2009,I,mancante,TFP,15.831,4933920.0,194.9508,1428480.0
EE,2009,J,1-19,Totale,1069.1179,226006088.99,5152.644,49747478.92
EE,2009,J,20-249,Totale,68.3801,347343515.42,5612.166,76455746.35
EE,2009,J,250+,Totale,5.427,631550595.59,3632.076,139014174.73
EE,2009,J,mancante,Totale,23.325,24589800.0,293.814,5412600.0
EE,2009,J,1-19,TFP,641.4707,135603653.39,3091.5864,29848487.35
EE,2009,J,20-249,TFP,41.0281,208406109.25,3367.2996,45873447.81
EE,2009,J,250+,TFP,3.2562,378930357.36,2179.2456,83408504.84
EE,2009,J,mancante,TFP,13.995,14753880.0,176.2884,3247560.0
EE,2009,K,1-19,Totale,293.6325,291201476.54,9437.5253,145194433.01
EE,2009,K,20-249,Totale,44.9085,509602583.94,16515.6692,254090257.77
EE,2009,K,250+,Totale,6.909,655203322.21,21234.4319,326687474.28
EE,2009,K,mancante,Totale,7.05,29714436.38,963.0128,14815758.47
EE,2009,K,1-19,TFP,176.1795,174720885.92,5662.5152,87116659.81
EE,2009,K,20-249,TFP,26.9451,305761550.37,9909.4015,152454154.66
EE,2009,K,250+,TFP,4.1454,393121993.33,12740.6591,196012484.57
EE,2009,K,mancante,TFP,4.23,17828661.83,577.8077,8889455.08
EE,2009,L,1-19,Totale,1826.6156,138719000.0,1990.674,14290752.0
EE,2009,L,20-249,Totale,29.5597,242758250.0,3483.6795,25008816.0
EE,2009,L,250+,Totale,0.4347,312117750.0,4479.0165,32154192.0
EE,2009,L,mancante,Totale,37.89,14155000.0,203.13,1458240.0
EE,2009,L,1-19,TFP,1095.9694,83231400.0,1194.4044,8574451.2
EE,2009,L,20-249,TFP,17.7358,145654950.0,2090.2077,15005289.6
EE,2009,L,250+,TFP,0.2608,187270650.0,2687.4099,19292515.2
EE,2009,L,mancante,TFP,22.734,8493000.0,121.878,874944.0
EE,2009,M,1-19,Totale,3697.8953,183220800.0,4214.3724,50692068.0
EE,2009,M,20-249,Totale,565.5605,320636400.0,7375.1517,88711119.0
EE,2009,M,250+,Totale,87.0093,412246800.0,9482.3379,114057153.0
EE,2009,M,mancante,Totale,88.785,18696000.0,430.038,5172660.0
EE,2009,M,1-19,TFP,2218.7371,109932480.0,2528.6234,30415240.8
EE,2009,M,20-249,TFP,339.3363,192381840.0,4425.091,53226671.4
EE,2009,M,250+,TFP,52.2056,247348080.0,5689.4027,68434291.8
EE,2009,M,mancante,TFP,53.271,11217600.0,258.0228,3103596.0
EE,2009,N,1-19,Totale,1455.2214,385849253.09,6201.342,114232363.4
EE,2009,N,20-249,Totale,103.5446,274023733.56,7280.91,81125927.96
EE,2009,N,250+,Totale,11.194,178399413.35,11614.176,52815928.64
EE,2009,N,mancante,Totale,32.04,17107600.0,512.172,5064780.0
EE,2009,N,1-19,TFP,873.1328,231509551.86,3720.8052,68539418.04
EE,2009,N,20-249,TFP,62.1268,164414240.13,4368.546,48675556.78
EE,2009,N,250+,TFP,6.7164,107039648.01,6968.5056,31689557.18
EE,2009,N,mancante,TFP,19.224,10264560.0,307.3032,3038868.0
EE,2009,O,1-19,Totale,990.3104,234361776.0,355.392,71603230.33
EE,2009,O,20-249,Totale,151.4592,410133108.01,621.936,125305653.08
EE,2009,O,250+,Totale,23.3014,527313996.01,799.6319,161107268.25
EE,2009,O,mancante,Totale,23.777,23914466.94,36.2645,7306452.07
EE,2009,O,1-19,TFP,594.1862,140617065.6,213.2352,42961938.2
EE,2009,O,20-249,TFP,90.8755,246079864.8,373.1616,75183391.85
EE,2009,O,250+,TFP,13.9809,316388397.61,479.7792,96664360.95
EE,2009,O,mancante,TFP,14.2662,14348680.16,21.7587,4383871.24
EE,2009,P,1-19,Totale,349.86,201741010.11,7352.8141,33383754.63
EE,2009,P,20-249,Totale,53.508,353046767.69,12867.4248,58421570.6
EE,2009,P,250+,Totale,8.232,453917272.75,16543.8318,75113447.91
EE,2009,P,mancante,Totale,8.4,20585817.36,750.2872,3406505.57
EE,2009,P,1-19,TFP,209.916,121044606.07,4411.6885,20030252.78
EE,2009,P,20-249,TFP,32.1048,211828060.61,7720.4549,35052942.36
EE,2009,P,250+,TFP,4.9392,272350363.65,9926.2991,45068068.75
EE,2009,P,mancante,TFP,5.04,12351490.41,450.1723,2043903.34
EE,2009,Q,1-19,Totale,754.0732,386475526.55,2956.4039,141567184.2
EE,2009,Q,20-249,Totale,115.3289,676332171.46,5173.7068,247742572.35
EE,2009,Q,250+,Totale,17.7429,869569934.74,6651.9087,318526164.45
EE,2009,Q,mancante,Totale,18.105,39436278.22,301.6739,14445631.04
EE,2009,Q,1-19,TFP,452.4439,231885315.93,1773.8423,84940310.52
EE,2009,Q,20-249,TFP,69.1973,405799302.88,3104.2241,148645543.41
EE,2009,Q,250+,TFP,10.6457,521741960.84,3991.1452,191115698.67
EE,2009,Q,mancante,TFP,10.863,23661766.93,181.0043,8667378.62
EE,2009,R,1-19,Totale,341.7382,918396061.59,5002.8853,80845891.11
EE,2009,R,20-249,Totale,52.2659,1607193107.79,8755.0493,141480309.44
EE,2009,R,250+,Totale,8.0409,2066391138.59,11256.4919,181903255.0
EE,2009,R,mancante,Totale,8.205,93713883.84,510.4985,8249580.73
EE,2009,R,1-19,TFP,205.0429,551037636.96,3001.7312,48507534.67
EE,2009,R,20-249,TFP,31.3595,964315864.67,5253.0296,84888185.67
EE,2009,R,250+,TFP,4.8245,1239834683.15,6753.8951,109141953.0
EE,2009,R,mancante,TFP,4.923,56228330.3,306.2991,4949748.44
EE,2009,S,1-19,Totale,760.3207,384446325.5,5179.6727,67971227.37
EE,2009,S,20-249,Totale,116.2844,672781069.63,9064.4272,118949647.89
EE,2009,S,250+,Totale,17.8899,865004232.38,11654.2635,152935261.57
EE,2009,S,mancante,Totale,18.255,39229216.89,528.538,6935839.53
EE,2009,S,1-19,TFP,456.1924,230667795.3,3107.8036,40782736.42
EE,2009,S,20-249,TFP,69.7706,403668641.78,5438.6563,71369788.73
EE,2009,S,250+,TFP,10.7339,519002539.43,6992.5581,91761156.94
EE,2009,S,mancante,TFP,10.953,23537530.13,317.1228,4161503.72
EE,2010,A,1-19,Totale,3427.0259,725653958.59,650.4028,157629639.89
EE,2010,A,20-249,Totale,524.1334,1269894427.53,1138.2048,275851869.81
EE,2010,A,250+,Totale,80.6359,1632721406.82,1463.4062,354666689.76
EE,2010,A,mancante,Totale,82.2815,74046322.3,66.3676,16084657.13
EE,2010,A,1-19,TFP,2056.2156,435392375.15,390.2417,94577783.94
EE,2010,A,20-249,TFP,314.48,761936656.52,682.9229,165511121.89
EE,2010,A,250+,TFP,48.3815,979632844.09,878.0437,212800013.85
EE,2010,A,mancante,TFP,49.3689,44427793.38,39.8206,9650794.28
EE,2010,B,1-19,Totale,65.3447,61688060.0,873.3564,14236068.0
EE,2010,B,20-249,Totale,17.0996,107954105.0,1528.3737,24913119.0
EE,2010,B,250+,Totale,0.6107,138798135.0,1965.0519,32031153.0
EE,2010,B,mancante,Totale,1.695,6294700.0,89.118,1452660.0
EE,2010,B,1-19,TFP,39.2068,37012836.0,524.0138,8541640.8
EE,2010,B,20-249,TFP,10.2597,64772463.0,917.0242,14947871.4
EE,2010,B,250+,TFP,0.3664,83278881.0,1179.0311,19218691.8
EE,2010,B,mancante,TFP,1.017,3776820.0,53.4708,871596.0
EE,2010,C,1-19,Totale,2945.7972,944220200.0,17675.28,132300819.16
EE,2010,C,20-249,Totale,588.7678,4011679000.0,46574.892,562102376.03
EE,2010,C,250+,Totale,34.595,2362412500.0,20272.77,331012944.81
EE,2010,C,mancante,Totale,72.84,149353300.0,1724.958,20926860.0
EE,2010,C,1-19,TFP,1767.4783,566532120.0,10605.168,79380491.5
EE,2010,C,20-249,TFP,353.2607,2407007400.0,27944.9352,337261425.62
EE,2010,C,250+,TFP,20.757,1417447500.0,12163.662,198607766.88
EE,2010,C,mancante,TFP,43.704,89611980.0,1034.9748,12556116.0
EE,2010,D,1-19,Totale,101.3311,341397700.0,1002.1284,18665472.0
EE,2010,D,20-249,Totale,20.4877,597445975.0,1753.7247,32664576.0
EE,2010,D,250+,Totale,1.6612,768144825.0,2254.7889,41997312.0
EE,2010,D,mancante,Totale,2.52,34836500.0,102.258,1904640.0
EE,2010,D,1-19,TFP,60.7987,204838620.0,601.277,11199283.2
EE,2010,D,20-249,TFP,12.2926,358467585.0,1052.2348,19598745.6
EE,2010,D,250+,TFP,0.9967,460886895.0,1352.8733,25198387.2
EE,2010,D,mancante,TFP,1.512,20901900.0,61.3548,1142784.0
EE,2010,E,1-19,Totale,151.7198,71966300.0,809.676,9670208.2
EE,2010,E,20-249,Totale,27.8801,146167000.0,1467.648,19640655.72
EE,2010,E,250+,Totale,1.9451,78948800.0,755.874,10608456.08
EE,2010,E,mancante,Totale,3.705,6062900.0,61.902,814680.0
EE,2010,E,1-19,TFP,91.0319,43179780.0,485.8056,5802124.92
EE,2010,E,20-249,TFP,16.7281,87700200.0,880.5888,11784393.43
EE,2010,E,250+,TFP,1.1671,47369280.0,453.5244,6365073.65
EE,2010,E,mancante,TFP,2.223,3637740.0,37.1412,488808.0
EE,2010,F,1-19,Totale,4078.0232,936120500.0,19537.182,160624315.01
EE,2010,F,20-249,Totale,183.3334,1050074900.0,12061.35,180177190.35
EE,2010,F,250+,Totale,4.5833,281348200.0,2466.072,48275154.64
EE,2010,F,mancante,Totale,87.06,46276400.0,695.196,7940340.0
EE,2010,F,1-19,TFP,2446.8139,561672300.0,11722.3092,96374589.0
EE,2010,F,20-249,TFP,110.0001,630044940.0,7236.81,108106314.21
EE,2010,F,250+,TFP,2.75,168808920.0,1479.6432,28965092.79
EE,2010,F,mancante,TFP,52.236,27765840.0,417.1176,4764204.0
EE,2010,G,1-19,Totale,6906.3029,7244251672.54,33202.4125,392314235.27
EE,2010,G,20-249,Totale,315.3049,4737238409.15,23150.1361,256546313.93
EE,2010,G,250+,Totale,15.2022,2195591718.31,16036.7194,118902810.79
EE,2010,G,mancante,Totale,147.69,289328200.0,1477.332,15668640.0
EE,2010,G,1-19,TFP,4143.7818,4346551003.53,19921.4475,235388541.16
EE,2010,G,20-249,TFP,189.1829,2842343045.49,13890.0816,153927788.36
EE,2010,G,250+,TFP,9.1213,1317355030.99,9622.0316,71341686.47
EE,2010,G,mancante,TFP,88.614,173596920.0,886.3992,9401184.0
EE,2010,H,1-19,Totale,2313.6895,1776968390.16,11360.16,182992631.23
EE,2010,H,20-249,Totale,159.5435,1321206577.69,12124.854,136058170.41
EE,2010,H,250+,Totale,7.392,704773832.15,9083.718,72577778.36
EE,2010,H,mancante,Totale,50.625,77611200.0,664.668,7992420.0
EE,2010,H,1-19,TFP,1388.2137,1066181034.1,6816.096,109795578.74
EE,2010,H,20-249,TFP,95.7261,792723946.61,7274.9124,81634902.25
EE,2010,H,250+,TFP,4.4352,422864299.29,5450.2308,43546667.01
EE,2010,H,mancante,TFP,30.375,46566720.0,398.8008,4795452.0
EE,2010,I,1-19,Totale,1241.5428,85354080.0,3175.5528,22876140.0
EE,2010,I,20-249,Totale,116.9376,149369640.0,5557.2174,40033245.0
EE,2010,I,250+,Totale,2.0046,192046680.0,7144.9938,51471315.0
EE,2010,I,mancante,Totale,27.765,8709600.0,324.036,2334300.0
EE,2010,I,1-19,TFP,744.9257,51212448.0,1905.3317,13725684.0
EE,2010,I,20-249,TFP,70.1625,89621784.0,3334.3304,24019947.0
EE,2010,I,250+,TFP,1.2028,115228008.0,4286.9963,30882789.0
EE,2010,I,mancante,TFP,16.659,5225760.0,194.4216,1400580.0
EE,2010,J,1-19,Totale,1230.7189,271220940.86,5531.022,57284913.21
EE,2010,J,20-249,Totale,57.9162,391329081.51,6023.178,82653103.41
EE,2010,J,250+,Totale,3.4949,560783977.62,3049.074,118443883.38
EE,2010,J,mancante,Totale,26.37,24966000.0,298.026,5273100.0
EE,2010,J,1-19,TFP,738.4313,162732564.52,3318.6132,34370947.93
EE,2010,J,20-249,TFP,34.7497,234797448.91,3613.9068,49591862.05
EE,2010,J,250+,TFP,2.097,336470386.57,1829.4444,71066330.03
EE,2010,J,mancante,TFP,15.822,14979600.0,178.8156,3163860.0
EE,2010,K,1-19,Totale,376.7242,322915696.14,304.5775,134476328.05
EE,2010,K,20-249,Totale,57.6167,565102468.24,533.0106,235333574.09
EE,2010,K,250+,Totale,8.8641,726560316.31,685.2993,302571738.12
EE,2010,K,mancante,Totale,9.045,32950581.24,31.0793,13722074.29
EE,2010,K,1-19,TFP,226.0345,193749417.68,182.7465,80685796.83
EE,2010,K,20-249,TFP,34.57,339061480.94,319.8063,141200144.45
EE,2010,K,250+,TFP,5.3185,435936189.78,411.1796,181543042.87
EE,2010,K,mancante,TFP,5.427,19770348.74,18.6476,8233244.57
EE,2010,L,1-19,Totale,1557.5017,136819760.0,1887.3036,12413268.0
EE,2010,L,20-249,Totale,238.2062,239434580.0,3302.7813,21723219.0
EE,2010,L,250+,Totale,36.6471,307844460.0,4246.4331,27929853.0
EE,2010,L,mancante,Totale,37.395,13961200.0,192.582,1266660.0
EE,2010,L,1-19,TFP,934.501,82091856.0,1132.3822,7447960.8
EE,2010,L,20-249,TFP,142.9237,143660748.0,1981.6688,13033931.4
EE,2010,L,250+,TFP,21.9883,184706676.0,2547.8599,16757911.8
EE,2010,L,mancante,TFP,22.437,8376720.0,115.5492,759996.0
EE,2010,M,1-19,Totale,3612.3045,177206540.0,3981.348,48559392.0
EE,2010,M,20-249,Totale,552.4701,310111445.0,6967.359,84978936.0
EE,2010,M,250+,Totale,84.9954,398714715.0,8958.033,109258632.0
EE,2010,M,mancante,Totale,86.73,18082300.0,406.26,4955040.0
EE,2010,M,1-19,TFP,2167.3827,106323924.0,2388.8088,29135635.2
EE,2010,M,20-249,TFP,331.4821,186066867.0,4180.4154,50987361.6
EE,2010,M,250+,TFP,50.9972,239228829.0,5374.8198,65555179.2
EE,2010,M,mancante,TFP,52.038,10849380.0,243.756,2973024.0
EE,2010,N,1-19,Totale,1744.6175,487699024.07,7642.53,133597607.37
EE,2010,N,20-249,Totale,85.0194,289548027.46,7332.066,79317205.44
EE,2010,N,250+,Totale,7.8631,162318148.47,11014.416,44464547.19
EE,2010,N,mancante,Totale,37.5,19174800.0,530.388,5252640.0
EE,2010,N,1-19,TFP,1046.7705,292619414.44,4585.518,80158564.42
EE,2010,N,20-249,TFP,51.0116,173728816.48,4399.2396,47590323.27
EE,2010,N,250+,TFP,4.7178,97390889.08,6608.6496,26678728.31
EE,2010,N,mancante,TFP,22.5,11504880.0,318.2328,3151584.0
EE,2010,O,1-19,Totale,2297.1284,275794394.68,4408.7955,72374334.65
EE,2010,O,20-249,Totale,351.3255,482640190.69,7715.3922,126655085.64
EE,2010,O,250+,Totale,54.0501,620537388.03,9919.79,162842252.96
EE,2010,O,mancante,Totale,55.1531,28142285.17,449.8771,7385136.19
EE,2010,O,1-19,TFP,1378.277,165476636.81,2645.2773,43424600.79
EE,2010,O,20-249,TFP,210.7953,289584114.41,4629.2353,75993051.38
EE,2010,O,250+,TFP,32.43,372322432.82,5951.874,97705351.78
EE,2010,O,mancante,TFP,33.0919,16885371.1,269.9263,4431081.71
EE,2010,P,1-19,Totale,362.9797,892259447.2,3724.9583,137112617.14
EE,2010,P,20-249,Totale,55.5146,1561454032.6,6518.6771,239947079.99
EE,2010,P,250+,Totale,8.5407,2007583756.2,8381.1563,308503388.56
EE,2010,P,mancante,Totale,8.715,91046882.37,380.0978,13991083.38
EE,2010,P,1-19,TFP,217.7878,535355668.32,2234.975,82267570.28
EE,2010,P,20-249,TFP,33.3087,936872419.56,3911.2063,143968248.0
EE,2010,P,250+,TFP,5.1244,1204550253.72,5028.6938,185102033.14
EE,2010,P,mancante,TFP,5.229,54628129.42,228.0587,8394650.03
EE,2010,Q,1-19,Totale,836.5403,607176022.4,1256.906,130156987.98
EE,2010,Q,20-249,Totale,127.9415,1062558039.21,2199.5856,227774728.96
EE,2010,Q,250+,Totale,19.6833,1366146050.41,2828.0386,292853222.95
EE,2010,Q,mancante,Totale,20.085,61956736.98,128.2557,13281325.3
EE,2010,Q,1-19,TFP,501.9241,364305613.44,754.1436,78094192.79
EE,2010,Q,20-249,TFP,76.7649,637534823.52,1319.7513,136664837.38
EE,2010,Q,250+,TFP,11.81,819687630.25,1696.8231,175711933.77
EE,2010,Q,mancante,TFP,12.051,37174042.19,76.9534,7968795.18
EE,2010,R,1-19,Totale,384.2212,811221634.92,4572.1137,83101710.81
EE,2010,R,20-249,Totale,58.7633,1419637861.11,8001.1989,145427993.91
EE,2010,R,250+,Totale,9.0405,1825248678.57,10287.2558,186978849.31
EE,2010,R,mancante,Totale,9.225,82777717.85,466.5422,8479766.41
EE,2010,R,1-19,TFP,230.5327,486732980.95,2743.2682,49861026.48
EE,2010,R,20-249,TFP,35.258,851782716.67,4800.7194,87256796.35
EE,2010,R,250+,TFP,5.4243,1095149207.14,6172.3535,112187309.59
EE,2010,R,mancante,TFP,5.535,49666630.71,279.9253,5087859.85
EE,2010,S,1-19,Totale,816.5482,770968773.33,6863.3033,58797011.79
EE,2010,S,20-249,Totale,124.8839,1349195353.32,12010.7808,102894770.63
EE,2010,S,250+,Totale,19.2129,1734679739.99,15442.4324,132293276.53
EE,2010,S,mancante,Totale,19.605,78670282.99,700.3371,5999695.08
EE,2010,S,1-19,TFP,489.9289,462581264.0,4117.982,35278207.07
EE,2010,S,20-249,TFP,74.9303,809517211.99,7206.4685,61736862.38
EE,2010,S,250+,TFP,11.5277,1040807843.99,9265.4595,79375965.92
EE,2010,S,mancante,TFP,11.763,47202169.8,420.2022,3599817.05
EE,2019,A,1-19,Totale,1146.7261,875432952.94,8841.6539,142185835.0
EE,2019,A,20-249,Totale,175.3816,1532007667.65,15472.8944,248825211.25
EE,2019,A,250+,Totale,26.9818,1969724144.12,19893.7213,319918128.74
EE,2019,A,mancante,Totale,27.5324,89329893.16,902.2096,14508758.67
EE,2019,A,1-19,TFP,688.0357,525259771.76,5304.9924,85311501.0
EE,2019,A,20-249,TFP,105.229,919204600.59,9283.7366,149295126.75
EE,2019,A,250+,TFP,16.1891,1181834486.47,11936.2328,191950877.25
EE,2019,A,mancante,TFP,16.5195,53597935.89,541.3258,8705255.2
EE,2019,B,1-19,Totale,69.02,49423678.87,400.428,11989398.3
EE,2019,B,20-249,Totale,15.08,131796476.98,967.554,31971728.8
EE,2019,B,250+,Totale,1.16,189224744.15,1937.754,45902912.89
EE,2019,B,mancante,Totale,1.74,7560100.0,67.464,1833960.0
EE,2019,B,1-19,TFP,41.412,29654207.32,240.2568,7193638.98
EE,2019,B,20-249,TFP,9.048,79077886.19,580.5324,19183037.28
EE,2019,B,250+,TFP,0.696,113534846.49,1162.6524,27541747.74
EE,2019,B,mancante,TFP,1.044,4536060.0,40.4784,1100376.0
EE,2019,C,1-19,Totale,4126.9238,1924842500.0,20488.86,313565575.52
EE,2019,C,20-249,Totale,630.0835,7234335500.0,54021.618,1178506072.35
EE,2019,C,250+,Totale,34.4577,3671119200.0,23290.974,598041972.13
EE,2019,C,mancante,Totale,97.785,261842800.0,1995.948,42655380.0
EE,2019,C,1-19,TFP,2476.1543,1154905500.0,12293.316,188139345.31
EE,2019,C,20-249,TFP,378.0501,4340601300.0,32412.9708,707103643.41
EE,2019,C,250+,TFP,20.6746,2202671520.0,13974.5844,358825183.28
EE,2019,C,mancante,TFP,58.671,157105680.0,1197.5688,25593228.0
EE,2019,D,1-19,Totale,96.4687,279113800.0,545.958,21124120.56
EE,2019,D,20-249,Totale,12.4476,734559000.0,1459.71,55593499.42
EE,2019,D,250+,Totale,1.3337,816766300.0,2257.92,61815180.02
EE,2019,D,mancante,Totale,2.25,37355900.0,87.012,2827200.0
EE,2019,D,1-19,TFP,57.8812,167468280.0,327.5748,12674472.34
EE,2019,D,20-249,TFP,7.4685,440735400.0,875.826,33356099.65
EE,2019,D,250+,TFP,0.8002,490059780.0,1354.752,37089108.01
EE,2019,D,mancante,TFP,1.35,22413540.0,52.2072,1696320.0
EE,2019,E,1-19,Totale,154.8246,77924700.0,792.036,13017836.85
EE,2019,E,20-249,Totale,23.2569,219809100.0,1423.548,36720564.87
EE,2019,E,250+,Totale,1.9935,115257800.0,934.038,19254578.28
EE,2019,E,mancante,Totale,3.675,8428400.0,64.278,1408020.0
EE,2019,E,1-19,TFP,92.8948,46754820.0,475.2216,7810702.11
EE,2019,E,20-249,TFP,13.9542,131885460.0,854.1288,22032338.92
EE,2019,E,250+,TFP,1.1961,69154680.0,560.4228,11552746.97
EE,2019,E,mancante,TFP,2.205,5057040.0,38.5668,844812.0
EE,2019,F,1-19,Totale,7579.589,3162556357.77,32616.36,490009912.04
EE,2019,F,20-249,Totale,223.2981,2128231920.48,11114.964,329750561.95
EE,2019,F,250+,Totale,5.0179,523213621.75,2290.554,81067286.01
EE,2019,F,mancante,Totale,159.345,118653100.0,939.222,18384240.0
EE,2019,F,1-19,TFP,4547.7534,1897533814.66,19569.816,294005947.23
EE,2019,F,20-249,TFP,133.9788,1276939152.29,6668.9784,197850337.17
EE,2019,F,250+,TFP,3.0108,313928173.05,1374.3324,48640371.6
EE,2019,F,mancante,TFP,95.607,71191860.0,563.5332,11030544.0
EE,2019,G,1-19,Totale,8950.7978,14675166800.0,35499.618,773260503.51
EE,2019,G,20-249,Totale,293.921,9352267400.0,25090.254,492787516.3
EE,2019,G,250+,Totale,20.6912,4546910900.0,22045.59,239584780.19
EE,2019,G,mancante,Totale,189.09,583149900.0,1686.438,30727200.0
EE,2019,G,1-19,TFP,5370.4787,8805100080.0,21299.7708,463956302.11
EE,2019,G,20-249,TFP,176.3526,5611360440.0,15054.1524,295672509.78
EE,2019,G,250+,TFP,12.4147,2728146540.0,13227.354,143750868.11
EE,2019,G,mancante,TFP,113.454,349889940.0,1011.8628,18436320.0
EE,2019,H,1-19,Totale,3434.6528,2295659800.0,14020.272,316328479.4
EE,2019,H,20-249,Totale,181.7309,1939366100.0,13206.186,267233293.63
EE,2019,H,250+,Totale,7.9013,1003431800.0,9013.158,138267026.97
EE,2019,H,mancante,Totale,73.965,106907300.0,739.584,14731200.0
EE,2019,H,1-19,TFP,2060.7917,1377395880.0,8412.1632,189797087.64
EE,2019,H,20-249,TFP,109.0385,1163619660.0,7923.7116,160339976.18
EE,2019,H,250+,TFP,4.7408,602059080.0,5407.8948,82960216.18
EE,2019,H,mancante,TFP,44.379,64144380.0,443.7504,8838720.0
EE,2019,I,1-19,Totale,1930.6006,391894488.04,10593.702,115583926.71
EE,2019,I,20-249,Totale,168.7414,451390942.75,9821.952,133131593.41
EE,2019,I,250+,Totale,4.963,153908669.22,2948.526,45393259.88
EE,2019,I,mancante,Totale,42.945,20350900.0,476.82,6002220.0
EE,2019,I,1-19,TFP,1158.3603,235136692.82,6356.2212,69350356.02
EE,2019,I,20-249,TFP,101.2449,270834565.65,5893.1712,79878956.05
EE,2019,I,250+,TFP,2.9778,92345201.53,1769.1156,27235955.93
EE,2019,I,mancante,TFP,25.767,12210540.0,286.092,3601332.0
EE,2019,J,1-19,Totale,2874.3539,998125100.0,10448.172,296639380.9
EE,2019,J,20-249,Totale,69.8957,830172700.0,8451.324,246724499.53
EE,2019,J,250+,Totale,6.0404,893666900.0,6704.082,265594759.56
EE,2019,J,mancante,Totale,60.21,55550300.0,522.522,16509360.0
EE,2019,J,1-19,TFP,1724.6123,598875060.0,6268.9032,177983628.54
EE,2019,J,20-249,TFP,41.9374,498103620.0,5070.7944,148034699.72
EE,2019,J,250+,TFP,3.6242,536200140.0,4022.4492,159356855.74
EE,2019,J,mancante,TFP,36.126,33330180.0,313.5132,9905616.0
EE,2019,K,1-19,Totale,497.9257,935030071.39,7300.973,24271633.84
EE,2019,K,20-249,Totale,76.1534,1636302624.93,12776.7028,42475359.21
EE,2019,K,250+,Totale,11.7159,2103817660.63,16427.1893,54611176.13
EE,2019,K,mancante,Totale,11.955,95411231.77,744.9972,2476697.33
EE,2019,K,1-19,TFP,298.7554,561018042.83,4380.5838,14562980.3
EE,2019,K,20-249,TFP,45.692,981781574.96,7666.0217,25485215.53
EE,2019,K,250+,TFP,7.0295,1262290596.38,9856.3136,32766705.68
EE,2019,K,mancante,TFP,7.173,57246739.06,446.9983,1486018.4
EE,2019,L,1-19,Totale,2330.3175,370389040.0,2197.2384,24170328.0
EE,2019,L,20-249,Totale,356.4015,648180820.0,3845.1672,42298074.0
EE,2019,L,250+,Totale,54.831,833375340.0,4943.7864,54383238.0
EE,2019,L,mancante,Totale,55.95,37794800.0,224.208,2466360.0
EE,2019,L,1-19,TFP,1398.1905,222233424.0,1318.343,14502196.8
EE,2019,L,20-249,TFP,213.8409,388908492.0,2307.1003,25378844.4
EE,2019,L,250+,TFP,32.8986,500025204.0,2966.2718,32629942.8
EE,2019,L,mancante,TFP,33.57,22676880.0,134.5248,1479816.0
EE,2019,M,1-19,Totale,6544.881,388115280.0,5346.684,96134472.0
EE,2019,M,20-249,Totale,1000.9818,679201740.0,9356.697,168235326.0
EE,2019,M,250+,Totale,153.9972,873259380.0,12030.039,216302562.0
EE,2019,M,mancante,Totale,157.14,39603600.0,545.58,9809640.0
EE,2019,M,1-19,TFP,3926.9286,232869168.0,3208.0104,57680683.2
EE,2019,M,20-249,TFP,600.5891,407521044.0,5614.0182,100941195.6
EE,2019,M,250+,TFP,92.3983,523955628.0,7218.0234,129781537.2
EE,2019,M,mancante,TFP,94.284,23762160.0,327.348,5885784.0
EE,2019,N,1-19,Totale,2617.3754,1047095700.0,9909.27,255954486.37
EE,2019,N,20-249,Totale,111.7078,653934400.0,9878.4,159849232.0
EE,2019,N,250+,Totale,8.7918,232936200.0,10426.122,56939461.63
EE,2019,N,mancante,Totale,55.875,39468700.0,616.608,9647820.0
EE,2019,N,1-19,TFP,1570.4252,628257420.0,5945.562,153572691.82
EE,2019,N,20-249,TFP,67.0247,392360640.0,5927.04,95909539.2
EE,2019,N,250+,TFP,5.2751,139761720.0,6255.6732,34163676.98
EE,2019,N,mancante,TFP,33.525,23681220.0,369.9648,5788692.0
EE,2019,O,1-19,Totale,748.0106,845494857.35,5061.618,21032683.6
EE,2019,O,20-249,Totale,114.4016,1479616000.35,8857.8316,36807196.31
EE,2019,O,250+,Totale,17.6003,1902363429.03,11388.6406,47323538.11
EE,2019,O,mancante,Totale,17.9594,86274985.44,516.4916,2146192.2
EE,2019,O,1-19,TFP,448.8064,507296914.41,3036.9708,12619610.16
EE,2019,O,20-249,TFP,68.641,887769600.21,5314.6989,22084317.78
EE,2019,O,250+,TFP,10.5602,1141418057.42,6833.1843,28394122.86
EE,2019,O,mancante,TFP,10.7757,51764991.27,309.895,1287715.32
EE,2019,P,1-19,Totale,686.6002,304985937.81,6561.6699,38402758.51
EE,2019,P,20-249,Totale,105.0095,533725391.17,11482.9223,67204827.39
EE,2019,P,250+,Totale,16.1553,686218360.07,14763.7573,86406206.65
EE,2019,P,mancante,Totale,16.485,31121014.06,669.5582,3918648.83
EE,2019,P,1-19,TFP,411.9601,182991562.69,3937.0019,23041655.11
EE,2019,P,20-249,TFP,63.0057,320235234.7,6889.7534,40322896.44
EE,2019,P,250+,TFP,9.6932,411731016.04,8858.2544,51843723.99
EE,2019,P,mancante,TFP,9.891,18672608.44,401.7349,2351189.3
EE,2019,Q,1-19,Totale,1057.7017,298233595.87,1164.2438,100638127.67
EE,2019,Q,20-249,Totale,161.7662,521908792.78,2037.4266,176116723.42
EE,2019,Q,250+,Totale,24.8871,671025590.71,2619.5485,226435787.26
EE,2019,Q,mancante,Totale,25.395,30431999.58,118.8004,10269196.7
EE,2019,Q,1-19,TFP,634.621,178940157.52,698.5463,60382876.6
EE,2019,Q,20-249,TFP,97.0597,313145275.67,1222.4559,105670034.05
EE,2019,Q,250+,TFP,14.9323,402615354.43,1571.7291,135861472.35
EE,2019,Q,mancante,TFP,15.237,18259199.75,71.2802,6161518.02
EE,2019,R,1-19,Totale,1115.8035,260741846.33,2457.0816,159147917.7
EE,2019,R,20-249,Totale,170.6523,456298231.08,4299.8928,278508855.97
EE,2019,R,250+,Totale,26.2542,586669154.24,5528.4336,358082814.82
EE,2019,R,mancante,Totale,26.79,26606310.85,250.7226,16239583.44
EE,2019,R,1-19,TFP,669.4821,156445107.8,1474.249,95488750.62
EE,2019,R,20-249,TFP,102.3914,273778938.65,2579.9357,167105313.58
EE,2019,R,250+,TFP,15.7525,352001492.54,3317.0602,214849688.89
EE,2019,R,mancante,TFP,16.074,15963786.51,150.4336,9743750.06
EE,2019,S,1-19,Totale,2084.7908,813966784.35,2586.3449,165953364.16
EE,2019,S,20-249,Totale,318.8504,1424441872.61,4526.1036,290418387.28
EE,2019,S,250+,Totale,49.0539,1831425264.79,5819.276,373395069.36
EE,2019,S,mancante,Totale,50.055,83057835.14,263.9127,16934016.75
EE,2019,S,1-19,TFP,1250.8744,488380070.61,1551.8069,99572018.5
EE,2019,S,20-249,TFP,191.3102,854665123.57,2715.6621,174251032.37
EE,2019,S,250+,TFP,29.4323,1098855158.87,3491.5656,224037041.62
EE,2019,S,mancante,TFP,30.033,49834701.08,158.3476,10160410.05
EE,2020,A,1-19,Totale,2569.3306,406830377.73,1645.5711,125578894.71
EE,2020,A,20-249,Totale,392.9564,711953161.02,2879.7494,219763065.75
EE,2020,A,250+,Totale,60.4548,915368349.88,3702.535,282552513.1
EE,2020,A,mancante,Totale,61.6886,41513303.85,167.9154,12814172.93
EE,2020,A,1-19,TFP,1541.5984,244098226.64,987.3427,75347336.83
EE,2020,A,20-249,TFP,235.7739,427171896.61,1727.8496,131857839.45
EE,2020,A,250+,TFP,36.2729,549221009.93,2221.521,169531507.86
EE,2020,A,mancante,TFP,37.0132,24907982.31,100.7493,7688503.76
EE,2020,B,1-19,Totale,70.3977,59863300.0,440.118,11898679.48
EE,2020,B,20-249,Totale,15.2059,152404700.0,973.728,30292594.56
EE,2020,B,250+,Totale,1.1264,124754000.0,1343.286,24796625.97
EE,2020,B,mancante,Totale,1.77,6878000.0,56.268,1367100.0
EE,2020,B,1-19,TFP,42.2386,35917980.0,264.0708,7139207.69
EE,2020,B,20-249,TFP,9.1235,91442820.0,584.2368,18175556.73
EE,2020,B,250+,TFP,0.6758,74852400.0,805.9716,14877975.58
EE,2020,B,mancante,TFP,1.062,4126800.0,33.7608,820260.0
EE,2020,C,1-19,Totale,4234.8201,1857345000.0,21236.796,314169054.54
EE,2020,C,20-249,Totale,603.9285,7161158900.0,52546.032,1211306742.18
EE,2020,C,250+,Totale,29.8914,3388746900.0,21091.266,573204983.28
EE,2020,C,mancante,Totale,99.36,253209200.0,1936.206,42830220.0
EE,2020,C,1-19,TFP,2540.892,1114407000.0,12742.0776,188501432.73
EE,2020,C,20-249,TFP,362.3571,4296695340.0,31527.6192,726784045.31
EE,2020,C,250+,TFP,17.9348,2033248140.0,12654.7596,343922989.97
EE,2020,C,mancante,TFP,59.616,151925520.0,1161.7236,25698132.0
EE,2020,D,1-19,Totale,103.4322,291961600.0,648.27,23669537.68
EE,2020,D,20-249,Totale,8.782,745731000.0,1368.864,60456950.53
EE,2020,D,250+,Totale,0.9758,695829400.0,2228.814,56411391.79
EE,2020,D,mancante,Totale,2.31,35378000.0,86.652,2868120.0
EE,2020,D,1-19,TFP,62.0593,175176960.0,388.962,14201722.61
EE,2020,D,20-249,TFP,5.2692,447438600.0,821.3184,36274170.32
EE,2020,D,250+,TFP,0.5855,417497640.0,1337.2884,33846835.07
EE,2020,D,mancante,TFP,1.386,21226800.0,51.9912,1720872.0
EE,2020,E,1-19,Totale,141.3205,100734200.0,828.198,13166639.63
EE,2020,E,20-249,Totale,22.2505,361321100.0,1487.052,47227105.73
EE,2020,E,250+,Totale,1.8041,110416600.0,938.448,14432194.64
EE,2020,E,mancante,Totale,3.375,11683100.0,66.402,1527060.0
EE,2020,E,1-19,TFP,84.7923,60440520.0,496.9188,7899983.78
EE,2020,E,20-249,TFP,13.3503,216792660.0,892.2312,28336263.44
EE,2020,E,250+,TFP,1.0825,66249960.0,563.0688,8659316.78
EE,2020,E,mancante,TFP,2.025,7009860.0,39.8412,916236.0
EE,2020,F,1-19,Totale,7837.6003,3113729500.0,32850.972,514535524.88
EE,2020,F,20-249,Totale,196.0175,1922328800.0,10413.774,317659725.45
EE,2020,F,250+,Totale,4.3422,503577900.0,2182.95,83214909.67
EE,2020,F,mancante,Totale,164.04,113053800.0,927.504,18681840.0
EE,2020,F,1-19,TFP,4702.5602,1868237700.0,19710.5832,308721314.93
EE,2020,F,20-249,TFP,117.6105,1153397280.0,6248.2644,190595835.27
EE,2020,F,250+,TFP,2.6053,302146740.0,1309.77,49928945.8
EE,2020,F,mancante,TFP,98.424,67832280.0,556.5024,11209104.0
EE,2020,G,1-19,Totale,9191.9277,11761974700.0,36982.26,725150741.41
EE,2020,G,20-249,Totale,286.6011,8837052000.0,25278.12,544823039.76
EE,2020,G,250+,Totale,19.1412,4478761700.0,21803.922,276125178.82
EE,2020,G,mancante,Totale,193.83,511791600.0,1715.598,31553040.0
EE,2020,G,1-19,TFP,5515.1566,7057184820.0,22189.356,435090444.85
EE,2020,G,20-249,TFP,171.9606,5302231200.0,15166.872,326893823.86
EE,2020,G,250+,TFP,11.4847,2687257020.0,13082.3532,165675107.29
EE,2020,G,mancante,TFP,116.298,307074960.0,1029.3588,18931824.0
EE,2020,H,1-19,Totale,3373.2017,2002581000.0,13835.934,322962461.34
EE,2020,H,20-249,Totale,167.6984,1744694000.0,12618.774,281372223.41
EE,2020,H,250+,Totale,8.415,669202800.0,8471.61,107924415.25
EE,2020,H,mancante,Totale,72.435,90132200.0,712.782,14535900.0
EE,2020,H,1-19,TFP,2023.921,1201548600.0,8301.5604,193777476.8
EE,2020,H,20-249,TFP,100.619,1046816400.0,7571.2644,168823334.04
EE,2020,H,250+,TFP,5.049,401521680.0,5082.966,64754649.15
EE,2020,H,mancante,TFP,43.461,54079320.0,427.6692,8721540.0
EE,2020,I,1-19,Totale,1947.9406,333018700.0,10285.002,113997211.6
EE,2020,I,20-249,Totale,134.2767,241687600.0,7255.332,82733229.33
EE,2020,I,250+,Totale,3.7127,101292800.0,2188.242,34674019.07
EE,2020,I,mancante,Totale,42.57,13795900.0,402.624,4722540.0
EE,2020,I,1-19,TFP,1168.7643,199811220.0,6171.0012,68398326.96
EE,2020,I,20-249,TFP,80.566,145012560.0,4353.1992,49639937.6
EE,2020,I,250+,TFP,2.2276,60775680.0,1312.9452,20804411.44
EE,2020,I,mancante,TFP,25.542,8277540.0,241.5744,2833524.0
EE,2020,J,1-19,Totale,2970.794,1171104900.0,11065.572,358866286.35
EE,2020,J,20-249,Totale,64.9198,859406100.0,8485.722,263351195.59
EE,2020,J,250+,Totale,5.7162,990397800.0,6771.114,303491498.07
EE,2020,J,mancante,Totale,62.07,61651200.0,537.192,18892020.0
EE,2020,J,1-19,TFP,1782.4764,702662940.0,6639.3432,215319771.81
EE,2020,J,20-249,TFP,38.9519,515643660.0,5091.4332,158010717.35
EE,2020,J,250+,TFP,3.4297,594238680.0,4062.6684,182094898.84
EE,2020,J,mancante,TFP,37.242,36990720.0,322.3152,11335212.0
EE,2020,K,1-19,Totale,555.4027,560082188.18,9507.1138,71117157.78
EE,2020,K,20-249,Totale,84.944,980143829.31,16637.4491,124455026.11
EE,2020,K,250+,Totale,13.0683,1260184923.4,21391.006,160013605.0
EE,2020,K,mancante,Totale,13.335,57151243.69,970.1137,7256852.83
EE,2020,K,1-19,TFP,333.2416,336049312.91,5704.2683,42670294.67
EE,2020,K,20-249,TFP,50.9664,588086297.59,9982.4695,74673015.67
EE,2020,K,250+,TFP,7.841,756110954.04,12834.6036,96008163.0
EE,2020,K,mancante,TFP,8.001,34290746.21,582.0682,4354111.7
EE,2020,L,1-19,Totale,2387.7945,356870920.0,2228.6376,25719708.0
EE,2020,L,20-249,Totale,365.1921,624524110.0,3900.1158,45009489.0
EE,2020,L,250+,Totale,56.1834,802959570.0,5014.4346,57869343.0
EE,2020,L,mancante,Totale,57.33,36415400.0,227.412,2624460.0
EE,2020,L,1-19,TFP,1432.6767,214122552.0,1337.1826,15431824.8
EE,2020,L,20-249,TFP,219.1153,374714466.0,2340.0695,27005693.4
EE,2020,L,250+,TFP,33.71,481775742.0,3008.6608,34721605.8
EE,2020,L,mancante,TFP,34.398,21849240.0,136.4472,1574676.0
EE,2020,M,1-19,Totale,6594.861,401279620.0,5484.9816,108784704.0
EE,2020,M,20-249,Totale,1008.6258,702239335.0,9598.7178,190373232.0
EE,2020,M,250+,Totale,155.1732,902879145.0,12341.2086,244765584.0
EE,2020,M,mancante,Totale,158.34,40946900.0,559.692,11100480.0
EE,2020,M,1-19,TFP,3956.9166,240767772.0,3290.989,65270822.4
EE,2020,M,20-249,TFP,605.1755,421343601.0,5759.2307,114223939.2
EE,2020,M,250+,TFP,93.1039,541727487.0,7404.7252,146859350.4
EE,2020,M,mancante,TFP,95.004,24568140.0,335.8152,6660288.0
EE,2020,N,1-19,Totale,2783.8868,821235100.0,10314.108,247557443.7
EE,2020,N,20-249,Totale,104.3058,460751900.0,10023.048,138891484.96
EE,2020,N,250+,Totale,7.7073,207054400.0,9424.17,62415571.34
EE,2020,N,mancante,Totale,59.1,30388600.0,607.374,9160500.0
EE,2020,N,1-19,TFP,1670.3321,492741060.0,6188.4648,148534466.22
EE,2020,N,20-249,TFP,62.5835,276451140.0,6013.8288,83334890.98
EE,2020,N,250+,TFP,4.6244,124232640.0,5654.502,37449342.8
EE,2020,N,mancante,TFP,35.46,18233160.0,364.4244,5496300.0
EE,2020,O,1-19,Totale,2846.0505,630985216.46,2261.7315,130572298.01
EE,2020,O,20-249,Totale,435.2783,1104224128.8,3958.03,228501521.52
EE,2020,O,250+,Totale,66.9659,1419716737.03,5088.8958,293787670.53
EE,2020,O,mancante,Totale,68.3325,64386246.58,230.7889,13323703.88
EE,2020,O,1-19,TFP,1707.6303,378591129.87,1357.0389,78343378.81
EE,2020,O,20-249,TFP,261.167,662534477.28,2374.818,137100912.91
EE,2020,O,250+,TFP,40.1795,851830042.22,3053.3375,176272602.32
EE,2020,O,mancante,TFP,40.9995,38631747.95,138.4734,7994222.33
EE,2020,P,1-19,Totale,707.217,411074557.02,210.8166,73150168.18
EE,2020,P,20-249,Totale,108.1626,719380474.79,368.9291,128012794.31
EE,2020,P,250+,Totale,16.6404,924917753.3,474.3374,164587878.4
EE,2020,P,mancante,Totale,16.98,41946383.37,21.5119,7464302.88
EE,2020,P,1-19,TFP,424.3302,246644734.21,126.49,43890100.91
EE,2020,P,20-249,TFP,64.8976,431628284.87,221.3575,76807676.59
EE,2020,P,250+,TFP,9.9842,554950651.98,284.6024,98752727.04
EE,2020,P,mancante,TFP,10.188,25167830.02,12.9071,4478581.73
EE,2020,Q,1-19,Totale,1079.568,255261451.2,6180.6212,58837904.97
EE,2020,Q,20-249,Totale,165.1104,446707539.59,10816.087,102966333.7
EE,2020,Q,250+,Totale,25.4016,574338265.19,13906.3976,132385286.18
EE,2020,Q,mancante,Totale,25.92,26047086.86,630.6756,6003867.85
EE,2020,Q,1-19,TFP,647.7408,153156870.72,3708.3727,35302742.98
EE,2020,Q,20-249,TFP,99.0662,268024523.76,6489.6522,61779800.22
EE,2020,Q,250+,TFP,15.241,344602959.12,8343.8386,79431171.71
EE,2020,Q,mancante,TFP,15.552,15628252.11,378.4054,3602320.71
EE,2020,R,1-19,Totale,1111.4302,246196704.32,4355.9094,106492793.91
EE,2020,R,20-249,Totale,169.9835,430844232.57,7622.8414,186362389.34
EE,2020,R,250+,Totale,26.1513,553942584.73,9800.7961,239608786.29
EE,2020,R,mancante,Totale,26.685,25122112.69,444.4805,10866611.62
EE,2020,R,1-19,TFP,666.8581,147718022.59,2613.5456,63895676.34
EE,2020,R,20-249,TFP,101.9901,258506539.54,4573.7048,111817433.6
EE,2020,R,250+,TFP,15.6908,332365550.84,5880.4777,143765271.78
EE,2020,R,mancante,TFP,16.011,15073267.61,266.6883,6519966.97
EE,2020,S,1-19,Totale,2460.8902,154529149.8,9229.2518,51684224.82
EE,2020,S,20-249,Totale,376.3715,270426012.16,16151.1907,90447393.43
EE,2020,S,250+,Totale,57.9033,347690587.06,20765.8167,116289505.84
EE,2020,S,mancante,Totale,59.085,15768280.59,941.7604,5273900.49
EE,2020,S,1-19,TFP,1476.5341,92717489.88,5537.5511,31010534.89
EE,2020,S,20-249,TFP,225.8229,162255607.29,9690.7144,54268436.06
EE,2020,S,250+,TFP,34.742,208614352.24,12459.49,69773703.51
EE,2020,S,mancante,TFP,35.451,9460968.36,565.0562,3164340.3
EE,2021,A,1-19,Totale,3610.0462,436161290.77,3076.3944,169989683.79
EE,2021,A,20-249,Totale,552.1247,763282258.86,5383.6902,297481946.64
EE,2021,A,250+,Totale,84.9423,981362904.24,6921.8874,382476788.53
EE,2021,A,mancante,Totale,86.6758,44506254.16,313.9178,17345886.1
EE,2021,A,1-19,TFP,2166.0277,261696774.46,1845.8366,101993810.28
EE,2021,A,20-249,TFP,331.2748,457969355.31,3230.2141,178489167.98
EE,2021,A,250+,TFP,50.9654,588817742.55,4153.1325,229486073.12
EE,2021,A,mancante,TFP,52.0055,26703752.5,188.3507,10407531.66
EE,2021,B,1-19,Totale,75.1493,54871523.37,408.366,9457569.04
EE,2021,B,20-249,Totale,18.3571,191426580.19,1079.568,32993982.81
EE,2021,B,250+,Totale,0.5737,69701916.44,444.528,12013712.15
EE,2021,B,mancante,Totale,1.92,6448980.0,39.438,1111536.0
EE,2021,B,1-19,TFP,45.0896,32922914.02,245.0196,5674541.43
EE,2021,B,20-249,TFP,11.0142,114855948.11,647.7408,19796389.68
EE,2021,B,250+,TFP,0.3442,41821149.86,266.7168,7208227.29
EE,2021,B,mancante,TFP,1.152,3869388.0,23.6628,666921.6
EE,2021,C,1-19,Totale,4631.2185,2180009622.42,22775.886,334546982.26
EE,2021,C,20-249,Totale,589.9125,9030843336.14,54229.77,1385884426.52
EE,2021,C,250+,Totale,28.9741,3739228831.44,21433.482,573826697.22
EE,2021,C,mancante,Totale,107.145,305103710.0,2008.962,46821594.0
EE,2021,C,1-19,TFP,2778.7311,1308005773.45,13665.5316,200728189.36
EE,2021,C,20-249,TFP,353.9475,5418506001.68,32537.862,831530655.91
EE,2021,C,250+,TFP,17.3845,2243537298.86,12860.0892,344296018.33
EE,2021,C,mancante,TFP,64.287,183062226.0,1205.3772,28092956.4
EE,2021,D,1-19,Totale,159.7247,394641590.0,870.534,19649788.55
EE,2021,D,20-249,Totale,7.0698,1126463450.0,1191.582,56088281.52
EE,2021,D,250+,Totale,0.7855,1239188930.0,2416.68,61701049.93
EE,2021,D,mancante,Totale,3.42,56332530.0,91.404,2804880.0
EE,2021,D,1-19,TFP,95.8348,236784954.0,522.3204,11789873.13
EE,2021,D,20-249,TFP,4.2419,675878070.0,714.9492,33652968.91
EE,2021,D,250+,TFP,0.4713,743513358.0,1450.008,37020629.96
EE,2021,D,mancante,TFP,2.052,33799518.0,54.8424,1682928.0
EE,2021,E,1-19,Totale,149.241,112956914.21,870.534,11478191.96
EE,2021,E,20-249,Totale,23.8541,565585221.71,1534.68,57472318.46
EE,2021,E,250+,Totale,1.8349,120693434.09,1016.946,12264343.58
EE,2021,E,mancante,Totale,3.57,16310930.0,69.84,1657446.0
EE,2021,E,1-19,TFP,89.5446,67774148.52,522.3204,6886915.18
EE,2021,E,20-249,TFP,14.3125,339351133.02,920.808,34483391.08
EE,2021,E,250+,TFP,1.101,72416060.45,610.1676,7358606.15
EE,2021,E,mancante,TFP,2.142,9786558.0,41.904,994467.6
EE,2021,F,1-19,Totale,8497.7834,3316711154.31,34274.52,536181505.57
EE,2021,F,20-249,Totale,208.6268,2270889336.89,11267.55,367113326.12
EE,2021,F,250+,Totale,4.8098,546032328.8,2720.088,88271912.3
EE,2021,F,mancante,Totale,177.78,125176180.0,984.942,20236056.0
EE,2021,F,1-19,TFP,5098.67,1990026692.58,20564.712,321708903.34
EE,2021,F,20-249,TFP,125.1761,1362533602.14,6760.53,220267995.67
EE,2021,F,250+,TFP,2.8859,327619397.28,1632.0528,52963147.38
EE,2021,F,mancante,TFP,106.668,75105708.0,590.9652,12141633.6
EE,2021,G,1-19,Totale,9864.5168,14811674755.91,39103.47,830308174.25
EE,2021,G,20-249,Totale,277.8031,10369949607.59,25150.23,581315352.08
EE,2021,G,250+,Totale,19.0551,4965729026.5,22451.31,278367265.67
EE,2021,G,mancante,Totale,207.375,615252110.0,1769.49,34489608.0
EE,2021,G,1-19,TFP,5918.7101,8887004853.55,23462.082,498184904.55
EE,2021,G,20-249,TFP,166.6819,6221969764.55,15090.138,348789211.25
EE,2021,G,250+,TFP,11.4331,2979437415.9,13470.786,167020359.4
EE,2021,G,mancante,TFP,124.425,369151266.0,1061.694,20693764.8
EE,2021,H,1-19,Totale,3640.2328,2349048297.43,14605.92,347394350.37
EE,2021,H,20-249,Totale,164.4542,2013767888.67,13055.364,297810644.52
EE,2021,H,250+,Totale,7.023,661716333.9,7174.188,97859425.11
EE,2021,H,mancante,Totale,77.79,102541480.0,710.928,15164580.0
EE,2021,H,1-19,TFP,2184.1397,1409428978.46,8763.552,208436610.22
EE,2021,H,20-249,TFP,98.6725,1208260733.2,7833.2184,178686386.71
EE,2021,H,250+,TFP,4.2138,397029800.34,4304.5128,58715655.07
EE,2021,H,mancante,TFP,46.674,61524888.0,426.5568,9098748.0
EE,2021,I,1-19,Totale,2223.1853,150782898.0,3957.0048,47919589.2
EE,2021,I,20-249,Totale,105.7843,263870071.5,6924.7584,83859281.1
EE,2021,I,250+,Totale,1.7154,339261520.5,8903.2608,107819075.7
EE,2021,I,mancante,Totale,47.565,15386010.0,403.776,4889754.0
EE,2021,I,1-19,TFP,1333.9112,90469738.8,2374.2029,28751753.52
EE,2021,I,20-249,TFP,63.4706,158322042.9,4154.855,50315568.66
EE,2021,I,250+,TFP,1.0293,203556912.3,5341.9565,64691445.42
EE,2021,I,mancante,TFP,28.539,9231606.0,242.2656,2933852.4
EE,2021,J,1-19,Totale,4333.6448,1516515210.0,14148.162,427161624.71
EE,2021,J,20-249,Totale,79.205,999540220.0,9392.418,281543647.91
EE,2021,J,250+,Totale,6.7052,1305038560.0,7175.07,367594329.37
EE,2021,J,mancante,Totale,90.195,77981510.0,626.85,21965298.0
EE,2021,J,1-19,TFP,2600.1869,909909126.0,8488.8972,256296974.83
EE,2021,J,20-249,TFP,47.523,599724132.0,5635.4508,168926188.75
EE,2021,J,250+,TFP,4.0231,783023136.0,4305.042,220556597.62
EE,2021,J,mancante,TFP,54.117,46788906.0,376.11,13179178.8
EE,2021,K,1-19,Totale,633.8816,245243253.84,4478.796,80890395.6
EE,2021,K,20-249,Totale,8.7945,429175694.22,3156.678,141558192.3
EE,2021,K,250+,Totale,1.1839,551797321.14,5599.818,182003390.1
EE,2021,K,mancante,Totale,13.14,25024821.82,270.108,8254122.0
EE,2021,K,1-19,TFP,380.329,147145952.3,2687.2776,48534237.36
EE,2021,K,20-249,TFP,5.2767,257505416.53,1894.0068,84934915.38
EE,2021,K,250+,TFP,0.7103,331078392.68,3359.8908,109202034.06
EE,2021,K,mancante,TFP,7.884,15014893.09,162.0648,4952473.2
EE,2021,L,1-19,Totale,3024.4147,431142376.0,3017.6748,26767818.0
EE,2021,L,20-249,Totale,462.5576,754499158.0,5280.9309,46843681.5
EE,2021,L,250+,Totale,71.1627,970070346.0,6789.7683,60227590.5
EE,2021,L,mancante,Totale,72.615,43994120.0,307.926,2731410.0
EE,2021,L,1-19,TFP,1814.6488,258685425.6,1810.6049,16060690.8
EE,2021,L,20-249,TFP,277.5345,452699494.8,3168.5585,28106208.9
EE,2021,L,250+,TFP,42.6976,582042207.6,4073.861,36136554.3
EE,2021,L,mancante,TFP,43.569,26396472.0,184.7556,1638846.0
EE,2021,M,1-19,Totale,8058.0255,526048516.0,6953.5116,127667089.2
EE,2021,M,20-249,Totale,1232.4039,920584903.0,12168.6453,223417406.1
EE,2021,M,250+,Totale,189.6006,1183609161.0,15645.4011,287250950.7
EE,2021,M,mancante,Totale,193.47,53678420.0,709.542,13027254.0
EE,2021,M,1-19,TFP,4834.8153,315629109.6,4172.107,76600253.52
EE,2021,M,20-249,TFP,739.4423,552350941.8,7301.1872,134050443.66
EE,2021,M,250+,TFP,113.7604,710165496.6,9387.2407,172350570.42
EE,2021,M,mancante,TFP,116.082,32207052.0,425.7252,7816352.4
EE,2021,N,1-19,Totale,2948.6442,912021110.35,11153.772,278500623.1
EE,2021,N,20-249,Totale,101.2058,500325906.9,10293.822,152782731.94
EE,2021,N,250+,Totale,7.75,249394882.75,9738.162,76156822.97
EE,2021,N,mancante,Totale,62.4,33913100.0,636.444,10355922.0
EE,2021,N,1-19,TFP,1769.1865,547212666.21,6692.2632,167100373.86
EE,2021,N,20-249,TFP,60.7235,300195544.14,6176.2932,91669639.16
EE,2021,N,250+,TFP,4.65,149636929.65,5842.8972,45694093.78
EE,2021,N,mancante,TFP,37.44,20347860.0,381.8664,6213553.2
EE,2021,O,1-19,Totale,3998.8392,878242748.58,5861.6399,70795291.62
EE,2021,O,20-249,Totale,611.5872,1536924810.02,10257.8699,123891760.34
EE,2021,O,250+,Totale,94.0903,1976046184.31,13188.6899,159289406.15
EE,2021,O,mancante,Totale,96.0105,89616607.0,598.1265,7224009.35
EE,2021,O,1-19,TFP,2399.3035,526945649.15,3516.984,42477174.97
EE,2021,O,20-249,TFP,366.9523,922154886.01,6154.7219,74335056.2
EE,2021,O,250+,TFP,56.4542,1185627710.59,7913.2139,95573643.69
EE,2021,O,mancante,TFP,57.6063,53769964.2,358.8759,4334405.61
EE,2021,P,1-19,Totale,719.712,23021768.0,741.2328,7834394.4
EE,2021,P,20-249,Totale,110.0736,40288094.0,1297.1574,13710190.2
EE,2021,P,250+,Totale,16.9344,51798978.0,1667.7738,17627387.4
EE,2021,P,mancante,Totale,17.28,2349160.0,75.636,799428.0
EE,2021,P,1-19,TFP,431.8272,13813060.8,444.7397,4700636.64
EE,2021,P,20-249,TFP,66.0442,24172856.4,778.2944,8226114.12
EE,2021,P,250+,TFP,10.1606,31079386.8,1000.6643,10576432.44
EE,2021,P,mancante,TFP,10.368,1409496.0,45.3816,479656.8
EE,2021,Q,1-19,Totale,1170.2037,308542710.0,5425.182,128966358.58
EE,2021,Q,20-249,Totale,75.7979,245365050.0,5368.734,102559016.94
EE,2021,Q,250+,Totale,3.4984,171443650.0,1658.16,71660948.47
EE,2021,Q,mancante,Totale,25.5,14803090.0,254.124,6187476.0
EE,2021,Q,1-19,TFP,702.1222,185125626.0,3255.1092,77379815.15
EE,2021,Q,20-249,TFP,45.4788,147219030.0,3221.2404,61535410.17
EE,2021,Q,250+,TFP,2.099,102866190.0,994.896,42996569.08
EE,2021,Q,mancante,TFP,15.3,8881854.0,152.4744,3712485.6
EE,2021,R,1-19,Totale,1381.2621,83845860.0,1259.3196,13206186.0
EE,2021,R,20-249,Totale,8.3035,146730255.0,2203.8093,23110825.5
EE,2021,R,250+,Totale,0.3194,188653185.0,2833.4691,29713918.5
EE,2021,R,mancante,Totale,28.365,8555700.0,128.502,1347570.0
EE,2021,R,1-19,TFP,828.7573,50307516.0,755.5918,7923711.6
EE,2021,R,20-249,TFP,4.9821,88038153.0,1322.2856,13866495.3
EE,2021,R,250+,TFP,0.1916,113191911.0,1700.0815,17828351.1
EE,2021,R,mancante,TFP,17.019,5133420.0,77.1012,808542.0
EE,2021,S,1-19,Totale,2714.1119,755269071.67,2155.3365,174132010.95
EE,2021,S,20-249,Totale,415.0995,1321720875.42,3771.8388,304731019.16
EE,2021,S,250+,Totale,63.8615,1699355411.25,4849.507,391797024.63
EE,2021,S,mancante,Totale,65.1648,77068272.62,219.9323,17768572.55
EE,2021,S,1-19,TFP,1628.4671,453161443.0,1293.2019,104479206.57
EE,2021,S,20-249,TFP,249.0597,793032525.25,2263.1033,182838611.5
EE,2021,S,250+,TFP,38.3169,1019613246.75,2909.7042,235078214.78
EE,2021,S,mancante,TFP,39.0989,46240963.57,131.9594,10661143.53
EE,2022,A,1-19,Totale,112.5823,681002797.8,4716.2998,81488791.39
EE,2022,A,20-249,Totale,17.2185,1191754896.15,8253.5246,142605384.94
EE,2022,A,250+,Totale,2.649,1532256295.05,10611.6745,183349780.64
EE,2022,A,mancante,Totale,2.7031,69490081.41,481.2551,8315182.8
EE,2022,A,1-19,TFP,67.5494,408601678.68,2829.7799,48893274.84
EE,2022,A,20-249,TFP,10.3311,715052937.69,4952.1147,85563230.96
EE,2022,A,250+,TFP,1.5894,919353777.03,6367.0047,110009868.38
EE,2022,A,mancante,TFP,1.6218,41694048.84,288.753,4989109.68
EE,2022,B,1-19,Totale,75.2251,56808193.09,411.894,9286398.89
EE,2022,B,20-249,Totale,17.5708,216070362.73,1091.916,35320883.61
EE,2022,B,250+,Totale,0.5491,97771164.18,443.646,15982589.5
EE,2022,B,mancante,Totale,1.905,7564280.0,39.744,1236528.0
EE,2022,B,1-19,TFP,45.1351,34084915.85,247.1364,5571839.33
EE,2022,B,20-249,TFP,10.5425,129642217.64,655.1496,21192530.17
EE,2022,B,250+,TFP,0.3295,58662698.51,266.1876,9589553.7
EE,2022,B,mancante,TFP,1.143,4538568.0,23.8464,741916.8
EE,2022,C,1-19,Totale,4757.1138,2479792980.0,22863.204,358187820.09
EE,2022,C,20-249,Totale,588.7969,10443697320.0,54136.278,1508515108.67
EE,2022,C,250+,Totale,31.3493,4780908440.0,22814.694,690566989.25
EE,2022,C,mancante,Totale,109.74,361314260.0,2037.024,52189182.0
EE,2022,C,1-19,TFP,2854.2683,1487875788.0,13717.9224,214912692.05
EE,2022,C,20-249,TFP,353.2781,6266218392.0,32481.7668,905109065.2
EE,2022,C,250+,TFP,18.8096,2868545064.0,13688.8164,414340193.55
EE,2022,C,mancante,TFP,65.844,216788556.0,1222.2144,31313509.2
EE,2022,D,1-19,Totale,182.0111,777487410.0,949.914,24706419.84
EE,2022,D,20-249,Totale,6.0579,1890665490.0,1090.152,60080169.49
EE,2022,D,250+,Totale,0.8261,2490964980.0,2700.684,79156042.67
EE,2022,D,mancante,Totale,3.855,105288120.0,96.75,3345768.0
EE,2022,D,1-19,TFP,109.2066,466492446.0,569.9484,14823851.9
EE,2022,D,20-249,TFP,3.6347,1134399294.0,654.0912,36048101.7
EE,2022,D,250+,TFP,0.4956,1494578988.0,1620.4104,47493625.6
EE,2022,D,mancante,TFP,2.313,63172872.0,58.05,2007460.8
EE,2022,E,1-19,Totale,157.4236,135106720.0,904.932,15908595.81
EE,2022,E,20-249,Totale,23.0809,475359290.0,1560.258,55972780.71
EE,2022,E,250+,Totale,1.7755,122147200.0,963.144,14382633.48
EE,2022,E,mancante,Totale,3.72,14951290.0,69.966,1760490.0
EE,2022,E,1-19,TFP,94.4542,81064032.0,542.9592,9545157.49
EE,2022,E,20-249,TFP,13.8485,285215574.0,936.1548,33583668.42
EE,2022,E,250+,TFP,1.0653,73288320.0,577.8864,8629580.09
EE,2022,E,mancante,TFP,2.232,8970774.0,41.9796,1056294.0
EE,2022,F,1-19,Totale,9545.4233,4131768690.0,36945.216,629980987.19
EE,2022,F,20-249,Totale,201.1172,2607935820.0,11313.414,397638422.11
EE,2022,F,250+,Totale,4.7045,610912890.0,2782.71,93147398.71
EE,2022,F,mancante,Totale,199.005,150012600.0,1041.66,22872792.0
EE,2022,F,1-19,TFP,5727.254,2479061214.0,22167.1296,377988592.31
EE,2022,F,20-249,TFP,120.6703,1564761492.0,6788.0484,238583053.26
EE,2022,F,250+,TFP,2.8227,366547734.0,1669.626,55888439.22
EE,2022,F,mancante,TFP,119.403,90007560.0,624.996,13723675.2
EE,2022,G,1-19,Totale,10680.911,18008277140.0,40774.86,957681697.27
EE,2022,G,20-249,Totale,278.1283,11360937140.0,25438.644,604175595.38
EE,2022,G,250+,Totale,19.6557,6408920210.0,23237.172,340826917.35
EE,2022,G,mancante,Totale,224.055,730166010.0,1825.524,38830290.0
EE,2022,G,1-19,TFP,6408.5466,10804966284.0,24464.916,574609018.36
EE,2022,G,20-249,TFP,166.877,6816562284.0,15263.1864,362505357.23
EE,2022,G,250+,TFP,11.7934,3845352126.0,13942.3032,204496150.41
EE,2022,G,mancante,TFP,134.433,438099606.0,1095.3144,23298174.0
EE,2022,H,1-19,Totale,3820.4557,3159958154.17,14829.066,420356183.7
EE,2022,H,20-249,Totale,157.2792,2158203677.69,12580.848,287096922.6
EE,2022,H,250+,Totale,7.435,803405228.14,7517.286,106873679.71
EE,2022,H,mancante,Totale,81.33,124929940.0,712.8,16618914.0
EE,2022,H,1-19,TFP,2292.2734,1895974892.5,8897.4396,252213710.22
EE,2022,H,20-249,TFP,94.3675,1294922206.61,7548.5088,172258153.56
EE,2022,H,250+,TFP,4.461,482043136.88,4510.3716,64124207.83
EE,2022,H,mancante,TFP,48.798,74957964.0,427.68,9971348.4
EE,2022,I,1-19,Totale,2276.3757,566960380.0,11724.426,156583814.57
EE,2022,I,20-249,Totale,119.2076,471030140.0,8391.348,130089682.98
EE,2022,I,250+,Totale,2.7216,129287970.0,2203.236,35706910.45
EE,2022,I,mancante,Totale,48.945,23822010.0,455.49,6579192.0
EE,2022,I,1-19,TFP,1365.8254,340176228.0,7034.6556,93950288.74
EE,2022,I,20-249,TFP,71.5246,282618084.0,5034.8088,78053809.79
EE,2022,I,250+,TFP,1.633,77572782.0,1321.9416,21424146.27
EE,2022,I,mancante,TFP,29.367,14293206.0,273.294,3947515.2
EE,2022,J,1-19,Totale,5172.6444,2195815440.42,16010.064,576936908.45
EE,2022,J,20-249,Totale,88.9799,1193353669.84,10015.11,313546286.4
EE,2022,J,250+,Totale,7.5907,1826451159.74,8032.374,479888731.15
EE,2022,J,mancante,Totale,107.535,106441230.0,695.052,27966774.0
EE,2022,J,1-19,TFP,3103.5866,1317489264.25,9606.0384,346162145.07
EE,2022,J,20-249,TFP,53.388,716012201.9,6009.066,188127771.84
EE,2022,J,250+,TFP,4.5544,1095870695.85,4819.4244,287933238.69
EE,2022,J,mancante,TFP,64.521,63864738.0,417.0312,16780064.4
EE,2022,K,1-19,Totale,717.5528,768740053.44,4508.784,99132978.0
EE,2022,K,20-249,Totale,12.1754,1345295093.52,3308.382,173482711.5
EE,2022,K,250+,Totale,1.5968,1729665120.24,6199.578,223049200.5
EE,2022,K,mancante,Totale,14.925,78442862.6,286.056,10115610.0
EE,2022,K,1-19,TFP,430.5317,461244032.06,2705.2704,59479786.8
EE,2022,K,20-249,TFP,7.3053,807177056.11,1985.0292,104089626.9
EE,2022,K,250+,TFP,0.9581,1037799072.15,3719.7468,133829520.3
EE,2022,K,mancante,TFP,8.955,47065717.56,171.6336,6069366.0
EE,2022,L,1-19,Totale,3181.8517,501531562.0,3265.8696,29704348.8
EE,2022,L,20-249,Totale,486.6362,877680233.5,5715.2718,51982610.4
EE,2022,L,250+,Totale,74.8671,1128446014.5,7348.2066,66834784.8
EE,2022,L,mancante,Totale,76.395,51176690.0,333.252,3031056.0
EE,2022,L,1-19,TFP,1909.111,300918937.2,1959.5218,17822609.28
EE,2022,L,20-249,TFP,291.9817,526608140.1,3429.1631,31189566.24
EE,2022,L,250+,TFP,44.9203,677067608.7,4408.924,40100870.88
EE,2022,L,mancante,TFP,45.837,30706014.0,199.9512,1818633.6
EE,2022,M,1-19,Totale,10228.6675,611830856.0,7591.9032,149507878.8
EE,2022,M,20-249,Totale,82.2301,1070703998.0,13285.8306,261638787.9
EE,2022,M,250+,Totale,0.4174,1376619426.0,17081.7822,336392727.3
EE,2022,M,mancante,Totale,210.435,62431720.0,774.684,15255906.0
EE,2022,M,1-19,TFP,6137.2005,367098513.6,4555.1419,89704727.28
EE,2022,M,20-249,TFP,49.338,642422398.8,7971.4984,156983272.74
EE,2022,M,250+,TFP,0.2504,825971655.6,10249.0693,201835636.38
EE,2022,M,mancante,TFP,126.261,37459032.0,464.8104,9153543.6
EE,2022,N,1-19,Totale,3409.393,1129191280.0,12362.994,318324289.64
EE,2022,N,20-249,Totale,112.7363,810277230.0,12239.514,228420931.17
EE,2022,N,250+,Totale,6.6056,287976920.0,9601.452,81182037.19
EE,2022,N,mancante,Totale,72.015,45458070.0,698.04,12814842.0
EE,2022,N,1-19,TFP,2045.6358,677514768.0,7417.7964,190994573.78
EE,2022,N,20-249,TFP,67.6418,486166338.0,7343.7084,137052558.7
EE,2022,N,250+,TFP,3.9634,172786152.0,5760.8712,48709222.32
EE,2022,N,mancante,TFP,43.209,27274842.0,418.824,7688905.2
EE,2022,O,1-19,Totale,3212.7744,630969509.32,7126.3259,80601357.59
EE,2022,O,20-249,Totale,491.3655,1104196641.31,12471.0703,141052375.78
EE,2022,O,250+,Totale,75.5947,1419681395.97,16034.2333,181353054.58
EE,2022,O,mancante,Totale,77.1374,64384643.81,727.1761,8224628.33
EE,2022,O,1-19,TFP,1927.6646,378581705.59,4275.7955,48360814.55
EE,2022,O,20-249,TFP,294.8193,662517984.79,7482.6422,84631425.47
EE,2022,O,250+,TFP,45.3568,851808837.58,9620.54,108811832.75
EE,2022,O,mancante,TFP,46.2825,38630786.28,436.3057,4934777.0
EE,2022,P,1-19,Totale,983.9812,30423218.0,915.8688,9824892.0
EE,2022,P,20-249,Totale,150.4913,53240631.5,1602.7704,17193561.0
EE,2022,P,250+,Totale,23.1525,68452240.5,2060.7048,22106007.0
EE,2022,P,mancante,Totale,23.625,3104410.0,93.456,1002540.0
EE,2022,P,1-19,TFP,590.3887,18253930.8,549.5213,5894935.2
EE,2022,P,20-249,TFP,90.2948,31944378.9,961.6622,10316136.6
EE,2022,P,250+,TFP,13.8915,41071344.3,1236.4229,13263604.2
EE,2022,P,mancante,TFP,14.175,1862646.0,56.0736,601524.0
EE,2022,Q,1-19,Totale,1368.8662,366962960.0,6255.144,163272567.47
EE,2022,Q,20-249,Totale,74.991,308626500.0,5550.426,137316968.02
EE,2022,Q,250+,Totale,3.3578,138942440.0,1707.552,61819560.51
EE,2022,Q,mancante,Totale,29.535,16623100.0,275.778,7396104.0
EE,2022,Q,1-19,TFP,821.3197,220177776.0,3753.0864,97963540.48
EE,2022,Q,20-249,TFP,44.9946,185175900.0,3330.2556,82390180.81
EE,2022,Q,250+,TFP,2.0147,83365464.0,1024.5312,37091736.3
EE,2022,Q,mancante,TFP,17.721,9973860.0,165.4668,4437662.4
EE,2022,R,1-19,Totale,1695.658,116827466.0,1481.5836,16275781.2
EE,2022,R,20-249,Totale,8.4924,204448065.5,2592.7713,28482617.1
EE,2022,R,250+,Totale,0.3145,262861798.5,3333.5631,36620507.7
EE,2022,R,mancante,Totale,34.785,11921170.0,151.182,1660794.0
EE,2022,R,1-19,TFP,1017.3948,70096479.6,888.9502,9765468.72
EE,2022,R,20-249,TFP,5.0955,122668839.3,1555.6628,17089570.26
EE,2022,R,250+,TFP,0.1887,157717079.1,2000.1379,21972304.62
EE,2022,R,mancante,TFP,20.871,7152702.0,90.7092,996476.4
EE,2022,S,1-19,Totale,1599.7694,228034123.21,9793.1675,141557820.77
EE,2022,S,20-249,Totale,244.6706,399059715.62,17138.0432,247726186.34
EE,2022,S,250+,Totale,37.6416,513076777.22,22034.6269,318505096.72
EE,2022,S,mancante,Totale,38.4098,23268788.08,999.3028,14444675.59
EE,2022,S,1-19,TFP,959.8617,136820473.93,5875.9005,84934692.46
EE,2022,S,20-249,TFP,146.8024,239435829.37,10282.8259,148635711.8
EE,2022,S,250+,TFP,22.585,307846066.33,13220.7762,191103058.03
EE,2022,S,mancante,TFP,23.0459,13961272.85,599.5817,8666805.35
EE,2023,A,1-19,Totale,3835.595,666869110.75,1618.6744,114094279.51
EE,2023,A,20-249,Totale,586.6204,1167020943.81,2832.6803,199664989.14
EE,2023,A,250+,Totale,90.2493,1500455499.18,3642.0175,256712128.89
EE,2023,A,mancante,Totale,92.0911,68047868.44,165.1709,11642273.42
EE,2023,A,1-19,TFP,2301.357,400121466.45,971.2047,68456567.7
EE,2023,A,20-249,TFP,351.9723,700212566.29,1699.6082,119798993.48
EE,2023,A,250+,TFP,54.1496,900273299.51,2185.2105,154027277.34
EE,2023,A,mancante,TFP,55.2547,40828721.07,99.1025,6985364.05
EE,2023,B,1-19,Totale,71.0993,45943665.85,379.26,8486622.07
EE,2023,B,20-249,Totale,18.0401,215669901.35,1162.476,39838112.85
EE,2023,B,250+,Totale,0.5306,99605122.79,451.584,18398859.08
EE,2023,B,mancante,Totale,1.83,7371810.0,40.68,1361706.0
EE,2023,B,1-19,TFP,42.6596,27566199.51,227.556,5091973.24
EE,2023,B,20-249,TFP,10.8241,129401940.81,697.4856,23902867.71
EE,2023,B,250+,TFP,0.3184,59763073.67,270.9504,11039315.45
EE,2023,B,mancante,TFP,1.098,4423086.0,24.408,817023.6
EE,2023,C,1-19,Totale,4715.6874,2277124879.26,22263.444,371343266.92
EE,2023,C,20-249,Totale,552.6497,9671466225.77,52307.892,1577179142.39
EE,2023,C,250+,Totale,28.0728,4495010194.97,21549.024,733026012.69
EE,2023,C,mancante,Totale,108.09,335583700.0,1961.64,54725478.0
EE,2023,C,1-19,TFP,2829.4125,1366274927.55,13358.0664,222805960.15
EE,2023,C,20-249,TFP,331.5898,5802879735.46,31384.7352,946307485.43
EE,2023,C,250+,TFP,16.8437,2697006116.98,12929.4144,439815607.61
EE,2023,C,mancante,TFP,64.854,201350220.0,1176.984,32835286.8
EE,2023,D,1-19,Totale,154.0483,496064730.0,891.702,24857255.31
EE,2023,D,20-249,Totale,5.4399,1904816690.0,1203.048,95448258.89
EE,2023,D,250+,Totale,0.7418,1554183470.0,2879.73,77878415.8
EE,2023,D,mancante,Totale,3.27,80715610.0,101.52,4044570.0
EE,2023,D,1-19,TFP,92.429,297638838.0,535.0212,14914353.18
EE,2023,D,20-249,TFP,3.2639,1142890014.0,721.8288,57268955.33
EE,2023,D,250+,TFP,0.4451,932510082.0,1727.838,46727049.48
EE,2023,D,mancante,TFP,1.962,48429366.0,60.912,2426742.0
EE,2023,E,1-19,Totale,158.7326,125070540.0,924.336,15590589.78
EE,2023,E,20-249,Totale,18.9365,483319340.0,1395.324,60247869.41
EE,2023,E,250+,Totale,1.6709,124214020.0,917.28,15483820.81
EE,2023,E,mancante,Totale,3.66,14951100.0,66.06,1863720.0
EE,2023,E,1-19,TFP,95.2396,75042324.0,554.6016,9354353.87
EE,2023,E,20-249,TFP,11.3619,289991604.0,837.1944,36148721.65
EE,2023,E,250+,TFP,1.0025,74528412.0,550.368,9290292.49
EE,2023,E,mancante,TFP,2.196,8970660.0,39.636,1118232.0
EE,2023,F,1-19,Totale,9680.9056,4126782694.3,36531.558,654157550.06
EE,2023,F,20-249,Totale,185.6037,2569342666.28,10752.462,407279720.87
EE,2023,F,250+,Totale,4.5408,770373609.42,2838.276,122115883.07
EE,2023,F,mancante,Totale,201.45,152377530.0,1022.904,24154146.0
EE,2023,F,1-19,TFP,5808.5433,2476069616.58,21918.9348,392494530.03
EE,2023,F,20-249,TFP,111.3622,1541605599.77,6451.4772,244367832.52
EE,2023,F,250+,TFP,2.7245,462224165.65,1702.9656,73269529.84
EE,2023,F,mancante,TFP,120.87,91426518.0,613.7424,14492487.6
EE,2023,G,1-19,Totale,10262.1933,15368002589.72,40886.874,933559662.08
EE,2023,G,20-249,Totale,257.3605,12038429137.66,25523.316,731298148.35
EE,2023,G,250+,Totale,18.8762,6580654272.62,23975.406,399754837.57
EE,2023,G,mancante,Totale,215.07,693614000.0,1844.604,42134952.0
EE,2023,G,1-19,TFP,6157.316,9220801553.83,24532.1244,560135797.25
EE,2023,G,20-249,TFP,154.4163,7223057482.59,15313.9896,438778889.01
EE,2023,G,250+,TFP,11.3257,3948392563.57,14385.2436,239852902.54
EE,2023,G,mancante,TFP,129.042,416168400.0,1106.7624,25280971.2
EE,2023,H,1-19,Totale,3915.9038,2830086280.9,15124.536,431294062.8
EE,2023,H,20-249,Totale,138.8542,1908723680.27,12231.576,290882011.76
EE,2023,H,250+,Totale,5.3819,797549118.83,6256.026,121543361.44
EE,2023,H,mancante,Totale,82.86,112986920.0,685.962,17218764.0
EE,2023,H,1-19,TFP,2349.5423,1698051768.54,9074.7216,258776437.68
EE,2023,H,20-249,TFP,83.3125,1145234208.16,7338.9456,174529207.05
EE,2023,H,250+,TFP,3.2292,478529471.3,3753.6156,72926016.86
EE,2023,H,mancante,TFP,49.716,67792152.0,411.5772,10331258.4
EE,2023,I,1-19,Totale,2322.3624,637613970.0,12313.602,181146776.79
EE,2023,I,20-249,Totale,115.3089,542056130.0,8939.07,153998697.35
EE,2023,I,250+,Totale,2.5287,157301760.0,2428.146,44689589.86
EE,2023,I,mancante,Totale,49.8,27285140.0,483.282,7751736.0
EE,2023,I,1-19,TFP,1393.4174,382568382.0,7388.1612,108688066.08
EE,2023,I,20-249,TFP,69.1854,325233678.0,5363.442,92399218.41
EE,2023,I,250+,TFP,1.5172,94381056.0,1456.8876,26813753.92
EE,2023,I,mancante,TFP,29.88,16371084.0,289.9692,4651041.6
EE,2023,J,1-19,Totale,5261.4046,2486710310.0,17298.666,647060937.12
EE,2023,J,20-249,Totale,78.0635,1248415140.0,10219.734,324847115.15
EE,2023,J,250+,Totale,6.9219,2188976510.0,8551.872,569588337.73
EE,2023,J,mancante,Totale,109.11,120900040.0,736.128,31459110.0
EE,2023,J,1-19,TFP,3156.8428,1492026186.0,10379.1996,388236562.27
EE,2023,J,20-249,TFP,46.8381,749049084.0,6131.8404,194908269.09
EE,2023,J,250+,TFP,4.1531,1313385906.0,5131.1232,341753002.64
EE,2023,J,mancante,TFP,65.466,72540024.0,441.6768,18875466.0
EE,2023,K,1-19,Totale,699.8528,2120794388.86,4900.392,343756763.34
EE,2023,K,20-249,Totale,10.0883,943477321.33,3214.008,152926993.76
EE,2023,K,250+,Totale,1.5389,1507441029.81,7176.834,244339126.91
EE,2023,K,mancante,Totale,14.52,93300260.0,312.066,15122916.0
EE,2023,K,1-19,TFP,419.9117,1272476633.32,2940.2352,206254058.0
EE,2023,K,20-249,TFP,6.053,566086392.8,1928.4048,91756196.25
EE,2023,K,250+,TFP,0.9233,904464617.88,4306.1004,146603476.15
EE,2023,K,mancante,TFP,8.712,55980156.0,187.2396,9073749.6
EE,2023,L,1-19,Totale,3093.1372,476348012.0,3501.7164,33284328.0
EE,2023,L,20-249,Totale,473.0681,833609021.0,6128.0037,58247574.0
EE,2023,L,250+,Totale,72.7797,1071783027.0,7878.8619,74889738.0
EE,2023,L,mancante,Totale,74.265,48606940.0,357.318,3396360.0
EE,2023,L,1-19,TFP,1855.8823,285808807.2,2101.0298,19970596.8
EE,2023,L,20-249,TFP,283.8408,500165412.6,3676.8022,34948544.4
EE,2023,L,250+,TFP,43.6678,643069816.2,4727.3171,44933842.8
EE,2023,L,mancante,TFP,44.559,29164164.0,214.3908,2037816.0
EE,2023,M,1-19,Totale,10540.8587,628957532.0,8027.082,168526974.0
EE,2023,M,20-249,Totale,71.4203,1100675681.0,14047.3935,294922204.5
EE,2023,M,250+,Totale,0.3861,1415154447.0,18060.9345,379185691.5
EE,2023,M,mancante,Totale,216.585,64179340.0,819.09,17196630.0
EE,2023,M,1-19,TFP,6324.5152,377374519.2,4816.2492,101116184.4
EE,2023,M,20-249,TFP,42.8522,660405408.6,8428.4361,176953322.7
EE,2023,M,250+,TFP,0.2316,849092668.2,10836.5607,227511414.9
EE,2023,M,mancante,TFP,129.951,38507604.0,491.454,10317978.0
EE,2023,N,1-19,Totale,3407.8825,1397784780.0,13187.664,368299341.15
EE,2023,N,20-249,Totale,93.1796,860383650.0,11039.994,226700659.48
EE,2023,N,250+,Totale,5.6229,330672580.0,9544.122,87128215.37
EE,2023,N,mancante,Totale,71.565,52833490.0,689.22,13920984.0
EE,2023,N,1-19,TFP,2044.7295,838670868.0,7912.5984,220979604.69
EE,2023,N,20-249,TFP,55.9077,516230190.0,6623.9964,136020395.69
EE,2023,N,250+,TFP,3.3737,198403548.0,5726.4732,52276929.22
EE,2023,N,mancante,TFP,42.939,31700094.0,413.532,8352590.4
EE,2023,O,1-19,Totale,719.7351,764635660.45,7470.5796,139760977.46
EE,2023,O,20-249,Totale,110.0771,1338112405.78,13073.5143,244581710.56
EE,2023,O,250+,Totale,16.9349,1720430236.01,16808.8042,314462199.29
EE,2023,O,mancante,Totale,17.2806,78024046.98,762.304,14261324.23
EE,2023,O,1-19,TFP,431.841,458781396.27,4482.3478,83856586.48
EE,2023,O,20-249,TFP,66.0463,802867443.47,7844.1086,146749026.34
EE,2023,O,250+,TFP,10.161,1032258141.6,10085.2825,188677319.58
EE,2023,O,mancante,TFP,10.3683,46814428.19,457.3824,8556794.54
EE,2023,P,1-19,Totale,1061.4502,36014804.0,1018.0044,11423487.6
EE,2023,P,20-249,Totale,162.3395,63025907.0,1781.5077,19991103.3
EE,2023,P,250+,Totale,24.9753,81033309.0,2290.5099,25702847.1
EE,2023,P,mancante,Totale,25.485,3674980.0,103.878,1165662.0
EE,2023,P,1-19,TFP,636.8701,21608882.4,610.8026,6854092.56
EE,2023,P,20-249,TFP,97.4037,37815544.2,1068.9046,11994661.98
EE,2023,P,250+,TFP,14.9852,48619985.4,1374.3059,15421708.26
EE,2023,P,mancante,TFP,15.291,2204988.0,62.3268,699397.2
EE,2023,Q,1-19,Totale,1433.4035,417269146.15,6407.73,192415510.13
EE,2023,Q,20-249,Totale,77.2782,385959296.79,6360.984,177977585.13
EE,2023,Q,250+,Totale,2.6833,109514647.05,1462.356,50500538.74
EE,2023,Q,mancante,Totale,30.885,18627410.0,290.43,8589666.0
EE,2023,Q,1-19,TFP,860.0421,250361487.69,3844.638,115449306.08
EE,2023,Q,20-249,TFP,46.3669,231575578.08,3816.5904,106786551.08
EE,2023,Q,250+,TFP,1.61,65708788.23,877.4136,30300323.24
EE,2023,Q,mancante,TFP,18.531,11176446.0,174.258,5153799.6
EE,2023,R,1-19,Totale,1808.5625,126979090.0,1717.6068,18122277.6
EE,2023,R,20-249,Totale,8.8084,222213407.5,3005.8119,31713985.8
EE,2023,R,250+,Totale,0.2841,285702952.5,3864.6153,40775124.6
EE,2023,R,mancante,Totale,37.095,12957050.0,175.266,1849212.0
EE,2023,R,1-19,TFP,1085.1375,76187454.0,1030.5641,10873366.56
EE,2023,R,20-249,TFP,5.285,133328044.5,1803.4871,19028391.48
EE,2023,R,250+,TFP,0.1705,171421771.5,2318.7692,24465074.76
EE,2023,R,mancante,TFP,22.257,7774230.0,105.1596,1109527.2
EE,2023,S,1-19,Totale,1361.3428,346659234.54,7108.7065,38142672.2
EE,2023,S,20-249,Totale,208.2054,606653660.45,12440.2364,66749676.35
EE,2023,S,250+,Totale,32.0316,779983277.72,15994.5897,85821012.45
EE,2023,S,mancante,Totale,32.6853,35373391.28,725.3782,3892109.41
EE,2023,S,1-19,TFP,816.8057,207995540.72,4265.2239,22885603.32
EE,2023,S,20-249,TFP,124.9232,363992196.27,7464.1418,40049805.81
EE,2023,S,250+,TFP,19.219,467989966.63,9596.7538,51492607.47
EE,2023,S,mancante,TFP,19.6112,21224034.77,435.2269,2335265.64
